Gene Symbol,Ribosome_Detailed,Average_initiation,Average elongation,Average_polysome,total,initation,elongation,polysome,a,initation,elongation
A2M,other,790.016,169.2838889,12.88130667,972.1811956,81.26221774,17.41279194,1.324990313,100,81.26221774,1
AACS,other,42.54313333,0,0,42.54313333,100,0,0,100,100,1
AADAT,other,24.01971667,0,0,24.01971667,100,0,0,100,100,1
AARS,other,214.5931667,71.39791111,4.67968,290.6707578,73.8268852,24.5631558,1.609958991,100,73.8268852,1
AASDHPPT,other,205.291,45.14444444,0,250.4354444,81.97362017,18.02637983,0,100,81.97362017,1
ABCB10,other,11.21288333,0,0,11.21288333,100,0,0,100,100,1
ABCB7,other,111.7998333,0,0,111.7998333,100,0,0,100,100,1
ABCC1,other,122.8066333,115.2336667,50.34754,288.38784,42.58384588,39.95787987,17.45827425,100,42.58384588,1
ABCE1,other,388.0586667,285.7201111,48.52668,722.3054578,53.72500823,39.55668728,6.71830449,100,53.72500823,1
ABCF1,other,106.9332667,6.124922222,0,113.0581889,94.58250456,5.417495435,0,100,94.58250456,1
ABCF3,other,85.07263333,3.967288889,0,89.03992222,95.54437067,4.455629329,0,100,95.54437067,1
ABHD10,other,204.01425,0,0,204.01425,100,0,0,100,100,1
ABHD14B,other,301.3051667,230.0523333,222.8151333,754.1726333,39.95175022,30.50393546,29.54431432,100,39.95175022,1
ACAA1,other,167.7416667,71.97164444,0,239.7133111,69.97594998,30.02405002,0,100,69.97594998,1
ACADS,other,55.5375,0,0,55.5375,100,0,0,100,100,1
ACADVL,other,186.3661667,0,0,186.3661667,100,0,0,100,100,1
ACAP2,other,39.37756667,0,0,39.37756667,100,0,0,100,100,1
ACBD3,other,75.16471667,0,0,75.16471667,100,0,0,100,100,1
ACO1,other,130.0076667,32.99276667,0,163.0004333,79.75909266,20.24090734,0,100,79.75909266,1
ACO2,other,80.2812,0,0,80.2812,100,0,0,100,100,1
ACOT13,other,124.5681667,0,0,124.5681667,100,0,0,100,100,1
ACOT9,other,458.47,160.0991111,24.7204,643.2895111,71.26962154,24.88756747,3.842810985,100,71.26962154,1
ACSF3,other,48.0117,0,0,48.0117,100,0,0,100,100,1
ACSL5,other,205.0478333,121.0992333,127.5405933,453.68766,45.19581452,26.69220347,28.111982,100,45.19581452,1
ACTG1,other,290.5334167,184.4777778,252.1953933,727.2065878,39.9519781,25.36800146,34.68002045,100,39.9519781,1
ACTN2,other,318.0506667,0,0,318.0506667,100,0,0,100,100,1
ACTR1B,other,21.44675,0,0,21.44675,100,0,0,100,100,1
ACTR2,other,315.6211667,78.01488889,0,393.6360556,80.1809596,19.8190404,0,100,80.1809596,1
ACTR6,other,9.178733333,0,0,9.178733333,100,0,0,100,100,1
ADA,other,119.2303333,0,0,119.2303333,100,0,0,100,100,1
ADD3,other,30.87113333,0,10.98829333,41.85942667,73.74953694,0,26.25046306,100,73.74953694,1
ADH5,other,632.9278333,100.6223556,0,733.5501889,86.28282603,13.71717397,0,100,86.28282603,1
ADI1,other,28.02228333,0,0,28.02228333,100,0,0,100,100,1
ADIRF,other,39.21473333,11.09792222,0,50.31265556,77.94208614,22.05791386,0,100,77.94208614,1
ADK,other,77.45966667,30.48538889,0,107.9450556,71.75842031,28.24157969,0,100,71.75842031,1
ADPGK,other,12.05845,0,0,12.05845,100,0,0,100,100,1
ADPRHL2,other,13.74038333,0,0,13.74038333,100,0,0,100,100,1
ADRM1,other,239.3815,142.3320222,25.63291333,407.3464356,58.7660721,34.94127107,6.292656838,100,58.7660721,1
ADSS,other,397.3923333,345.623,175.6644733,918.6798067,43.25689217,37.62170426,19.12140357,100,43.25689217,1
AFDN,other,15.98568333,14.29615556,0,30.28183889,52.7896717,47.2103283,0,100,52.7896717,1
AGFG1,other,13.63733333,12.70882222,10.35090667,36.69706222,37.16192117,34.6317156,28.20636323,100,37.16192117,1
AGTRAP,other,13.22366667,0,0,13.22366667,100,0,0,100,100,1
AHCY,other,743.7526667,350.6425667,9.83054,1104.225773,67.35512652,31.75460808,0.8902654,100,67.35512652,1
AHCYL1,other,187.7078333,89.49754444,20.01892,297.2242978,63.15359637,30.11111309,6.735290536,100,63.15359637,1
AHNAK,other,333.804,210.5148889,225.6719267,769.9908156,43.35168592,27.33992207,29.30839201,100,43.35168592,1
AIFM2,other,60.48146667,25.40478889,0,85.88625556,70.42042557,29.57957443,0,100,70.42042557,1
AIMP1,other,126.4278333,105.7394778,119.9497667,352.1170778,35.90505582,30.02963629,34.06530789,100,35.90505582,1
AIP,other,51.01246667,0,0,51.01246667,100,0,0,100,100,1
AK1,other,72.42805,0,0,72.42805,100,0,0,100,100,1
AK2,other,181.1933333,17.17015556,0,198.3634889,91.3440948,8.655905203,0,100,91.3440948,1
AK3,other,79.8,0,0,79.8,100,0,0,100,100,1
AKAP1,other,20.42671667,0,0,20.42671667,100,0,0,100,100,1
AKR1A1,other,104.9708667,0,0,104.9708667,100,0,0,100,100,1
AKR1B1,other,220.0936667,0,0,220.0936667,100,0,0,100,100,1
AKR7A2,other,26.34446667,13.26742222,0,39.61188889,66.50646411,33.49353589,0,100,66.50646411,1
AKT1S1,other,16.59336667,0,0,16.59336667,100,0,0,100,100,1
ALCAM,other,144.7576667,0,0,144.7576667,100,0,0,100,100,1
ALDH18A1,other,330.7946667,314.0068889,25.64313333,670.4446889,49.33959089,46.83561435,3.824794761,100,49.33959089,1
ALDH1A3,other,163.4896667,82.88233333,0,246.372,66.35886654,33.64113346,0,100,66.35886654,1
ALDH1B1,other,461.7143333,50.63213333,0,512.3464667,90.11759881,9.882401193,0,100,90.11759881,1
ALDH2,other,20.25948333,0,0,20.25948333,100,0,0,100,100,1
ALDH7A1,other,123.4394,0,0,123.4394,100,0,0,100,100,1
ALDOA,other,431.9418333,299.1352222,139.4892267,870.5662822,49.61619146,34.36099334,16.02281521,100,49.61619146,1
ALDOC,other,104.9961333,53.66081111,27.29616667,185.9531111,56.46376805,28.85717307,14.67905888,100,56.46376805,1
ALG5,other,153.5553333,0,0,153.5553333,100,0,0,100,100,1
ALKBH5,other,23.65288333,0,0,23.65288333,100,0,0,100,100,1
AMPD2,other,39.55683333,0,0,39.55683333,100,0,0,100,100,1
ANAPC1,other,143.5606667,121.2560444,62.18533333,327.0020444,43.90207007,37.08112732,19.01680261,100,43.90207007,1
ANKS1A,other,29.26428333,0,0,29.26428333,100,0,0,100,100,1
ANO1,other,59.11933333,0,0,59.11933333,100,0,0,100,100,1
ANO6,other,7.70795,0,0,7.70795,100,0,0,100,100,1
ANP32A,other,119.4050833,49.02108889,0,168.4261722,70.89461321,29.10538679,0,100,70.89461321,1
ANP32B,other,228.1631667,17.6945,0,245.8576667,92.80294967,7.197050326,0,100,92.80294967,1
ANP32E,other,312.4591667,235.8778889,253.8038267,802.1408822,38.95315319,29.40604252,31.64080429,100,38.95315319,1
ANXA1,other,152.6960667,91.42762222,0,244.1236889,62.54864793,37.45135207,0,100,62.54864793,1
ANXA11,other,178.85015,44.0706,45.57729333,268.4980433,66.61134203,16.4137509,16.97490707,100,66.61134203,1
ANXA2,other,431.3556667,275.2181111,7.97202,714.5457978,60.36781239,38.51651104,1.115676563,100,60.36781239,1
ANXA3,other,353.993,34.24645556,0,388.2394556,91.17903782,8.820962183,0,100,91.17903782,1
ANXA4,other,19.35038333,0,0,19.35038333,100,0,0,100,100,1
ANXA5,other,344.1883333,57.1179,0,401.3062333,85.76700403,14.23299597,0,100,85.76700403,1
ANXA6,other,267.4466667,52.15825111,0,319.6049178,83.68039783,16.31960217,0,100,83.68039783,1
AOX1,other,9.943833333,0,0,9.943833333,100,0,0,100,100,1
AP3B1,other,112.2303167,40.89325556,99.57806667,252.7016389,44.41218393,16.18242594,39.40539013,100,44.41218393,1
AP3M1,other,255.0831667,29.1048,10.3052,294.4931667,86.61768609,9.883013698,3.49930021,100,86.61768609,1
APEH,other,249.29565,96.03373333,20.90258,366.2319633,68.07042393,26.22210592,5.707470154,100,68.07042393,1
APEX1,other,116.8898,92.92791111,0,209.8177111,55.71016831,44.28983169,0,100,55.71016831,1
API5,other,198.57,96.27707778,20.71686667,315.5639444,62.92543983,30.50953047,6.565029697,100,62.92543983,1
APIP,other,114.4861667,0,0,114.4861667,100,0,0,100,100,1
APMAP,other,134.9422833,14.00815556,0,148.9504389,90.59542512,9.404574877,0,100,90.59542512,1
APOA1,other,46.58055,0,0,46.58055,100,0,0,100,100,1
APOB,other,143.565,7.345144444,0,150.9101444,95.13276959,4.867230412,0,100,95.13276959,1
APRT,other,276.3645,26.3806,0,302.7451,91.28620083,8.713799166,0,100,91.28620083,1
ARF4,other,103.4968333,0,0,103.4968333,100,0,0,100,100,1
ARF5,other,55.82236667,0,0,55.82236667,100,0,0,100,100,1
ARF6,other,418.8491667,0,0,418.8491667,100,0,0,100,100,1
ARFGAP1,other,47.4461,6.679288889,0,54.12538889,87.65960111,12.34039889,0,100,87.65960111,1
ARFGAP2,other,55.07933333,0,0,55.07933333,100,0,0,100,100,1
ARFGEF1,other,141.5608333,108.6005,93.25883333,343.4201667,41.2208854,31.62321568,27.15589892,100,41.2208854,1
ARFIP1,other,31.29796667,0,0,31.29796667,100,0,0,100,100,1
ARFIP2,other,20.73416667,0,0,20.73416667,100,0,0,100,100,1
ARHGAP1,other,43.2173,0,0,43.2173,100,0,0,100,100,1
ARHGAP12,other,62.1355,0,0,62.1355,100,0,0,100,100,1
ARHGAP17,other,66.67483333,14.84614444,0,81.52097778,81.7885594,18.2114406,0,100,81.7885594,1
ARHGAP18,other,19.97523333,0,0,19.97523333,100,0,0,100,100,1
ARHGDIA,other,213.7878333,22.84811111,0,236.6359444,90.34461516,9.655384842,0,100,90.34461516,1
ARHGEF10,other,223.2586333,0,0,223.2586333,100,0,0,100,100,1
ARHGEF16,other,57.18266667,0,0,57.18266667,100,0,0,100,100,1
ARHGEF40,other,48.35556667,0,0,48.35556667,100,0,0,100,100,1
ARHGEF7,other,141.8422167,121.3736222,74.36126667,337.5771056,42.01772405,35.95434057,22.02793538,100,42.01772405,1
ARID1A,other,30.81193333,0,13.47512667,44.28706,69.57321921,0,30.42678079,100,69.57321921,1
ARID1B,other,20.03038333,0,0,20.03038333,100,0,0,100,100,1
ARL1,other,84.867,30.85504444,0,115.7220444,73.33693456,26.66306544,0,100,73.33693456,1
ARL2,other,75.78383333,0,10.29419333,86.07802667,88.04085812,0,11.95914188,100,88.04085812,1
ARL2BP,other,6.6008,0,0,6.6008,100,0,0,100,100,1
ARL3,other,48.25686667,0,0,48.25686667,100,0,0,100,100,1
ARL8B,other,70.261,23.62917778,0,93.89017778,74.83317389,25.16682611,0,100,74.83317389,1
ARMC1,other,20.75171667,0,0,20.75171667,100,0,0,100,100,1
ARMC10,other,11.30531667,0,0,11.30531667,100,0,0,100,100,1
ARMT1,other,95.77408333,0,0,95.77408333,100,0,0,100,100,1
ARPC2,other,201.0381667,47.4739,22.60366,271.1157267,74.15215972,17.51056664,8.337273635,100,74.15215972,1
ARPC4,other,182.1483333,0,0,182.1483333,100,0,0,100,100,1
ARPC5,other,85.62496667,7.812277778,0,93.43724444,91.63901095,8.360989051,0,100,91.63901095,1
ARPC5L,other,20.85905,0,3.863526667,24.72257667,84.37247574,0,15.62752426,100,84.37247574,1
ARRDC1,other,66.76333333,0,0,66.76333333,100,0,0,100,100,1
ASAH1,other,34.93921667,0,0,34.93921667,100,0,0,100,100,1
ASCC1,other,40.5672,0,0,40.5672,100,0,0,100,100,1
ASNA1,other,438.2016667,54.11674444,0,492.3184111,89.00777561,10.99222439,0,100,89.00777561,1
ASPSCR1,other,62.64433333,0,0,62.64433333,100,0,0,100,100,1
ASS1,other,52.19496667,0,0,52.19496667,100,0,0,100,100,1
ATAD5,other,13.38353333,11.47346667,3.968306667,28.82530667,46.42980381,39.80345049,13.7667457,100,46.42980381,1
ATE1,other,22.38071667,19.89846667,0,42.27918333,52.9355463,47.0644537,0,100,52.9355463,1
ATG101,other,19.96495,0,0,19.96495,100,0,0,100,100,1
ATG12,other,195.3033333,0,14.91262,210.2159533,92.90604744,0,7.093952559,100,92.90604744,1
ATG3,other,10.20848333,0,0,10.20848333,100,0,0,100,100,1
ATIC,other,188.7735,135.7957778,57.8042,382.3734778,49.36887911,35.51391131,15.11720958,100,49.36887911,1
ATL3,other,130.5236,0,0,130.5236,100,0,0,100,100,1
ATOX1,other,23.54695,0,0,23.54695,100,0,0,100,100,1
ATP11B,other,24.2579,0,0,24.2579,100,0,0,100,100,1
ATP1A1,other,564.7006667,531.9555556,530.1731333,1626.829356,34.71173327,32.69891545,32.58935128,100,34.71173327,1
ATP1B1,other,181.3657833,77.03873333,56.68332,315.0878367,57.56038864,24.44992296,17.9896884,100,57.56038864,1
ATP1B3,other,101.5304,98.8122,51.71006667,252.0526667,40.28142267,39.20299726,20.51558008,100,40.28142267,1
ATP2B1,other,23.98435,23.54102222,0,47.52537222,50.46641168,49.53358832,0,100,50.46641168,1
ATP5EP2,other,38.41986667,16.26773333,0,54.6876,70.25334201,29.74665799,0,100,70.25334201,1
ATP5F1A,other,568.5416167,390.0622222,551.7384667,1510.342306,37.64322926,25.82608067,36.53069007,100,37.64322926,1
ATP5F1E,other,24.1217,0,0,24.1217,100,0,0,100,100,1
ATP5ME,other,352.5936833,57.7801,102.16882,512.5426033,68.79304882,11.27322873,19.93372245,100,68.79304882,1
ATP5PB,other,394.3551667,282.1356667,342.2500667,1018.7409,38.71005539,27.69454595,33.59539866,100,38.71005539,1
ATP5PF,other,236.4713333,187.7293444,112.12458,536.3252578,44.09103056,35.00289082,20.90607861,100,44.09103056,1
ATP6AP2,other,27.81166667,10.23735556,25.74693333,63.79595556,43.5947176,16.0470291,40.35825329,100,43.5947176,1
ATP6V1B2,other,168.7496667,54.34533333,142.8856,365.9806,46.10891033,14.84923882,39.04185085,100,46.10891033,1
ATP6V1C1,other,77.1935,65.30678889,45.65969333,188.1599822,41.02546093,34.70811812,24.26642094,100,41.02546093,1
ATP6V1E1,other,56.00813333,50.51388889,41.9858,148.5078222,37.71392813,34.01429509,28.27177678,100,37.71392813,1
ATP6V1F,other,7.519433333,0,0,7.519433333,100,0,0,100,100,1
ATXN10,other,259.4595,133.0875111,85.98758667,478.5345978,54.21959064,27.81147105,17.96893831,100,54.21959064,1
AUH,other,45.1427,0,0,45.1427,100,0,0,100,100,1
AUP1,other,107.052,94.6793,95.2495,296.9808,36.04677474,31.88061316,32.0726121,100,36.04677474,1
B3GAT3,other,7.39555,0,0,7.39555,100,0,0,100,100,1
B4GALT1,other,36.15508333,0,0,36.15508333,100,0,0,100,100,1
B4GALT3,other,26.34616667,0,0,26.34616667,100,0,0,100,100,1
BABAM1,other,60.1535,46.21755556,0,106.3710556,56.55062807,43.44937193,0,100,56.55062807,1
BAG3,other,107.4133333,0,0,107.4133333,100,0,0,100,100,1
BAG4,other,114.6785,0,0,114.6785,100,0,0,100,100,1
BAG6,other,209.4738333,47.14252222,0,256.6163556,81.62918255,18.37081745,0,100,81.62918255,1
BAIAP2,other,47.38225,16.56301111,0,63.94526111,74.09814141,25.90185859,0,100,74.09814141,1
BAIAP2L1,other,90.33016667,41.74822222,0,132.0783889,68.3913299,31.6086701,0,100,68.3913299,1
BANF1,other,131.0165,0,0,131.0165,100,0,0,100,100,1
BCAT2,other,12.00323333,0,0,12.00323333,100,0,0,100,100,1
BCCIP,other,166.642,122.3748778,30.13644,319.1533178,52.21377649,38.34360195,9.442621562,100,52.21377649,1
BCL10,other,17.41171667,0,0,17.41171667,100,0,0,100,100,1
BCL2L13,other,11.4078,0,0,11.4078,100,0,0,100,100,1
BCL7B,other,43.82856667,23.59843333,0,67.427,65.0015078,34.9984922,0,100,65.0015078,1
BCS1L,other,74.02,0,0,74.02,100,0,0,100,100,1
BDH1,other,70.3228,16.52795556,0,86.85075556,80.96970435,19.03029565,0,100,80.96970435,1
BECN1,other,8.678416667,0,0,8.678416667,100,0,0,100,100,1
BICD2,other,7.217483333,0,0,7.217483333,100,0,0,100,100,1
BID,other,158.0921667,3.864988889,0,161.9571556,97.61357325,2.386426753,0,100,97.61357325,1
BIN3,other,13.28721667,0,0,13.28721667,100,0,0,100,100,1
BLMH,other,107.6863667,4.318188889,0,112.0045556,96.14463102,3.855368978,0,100,96.14463102,1
BLOC1S2,other,24.85076667,0,0,24.85076667,100,0,0,100,100,1
BLVRB,other,16.70226667,0,0,16.70226667,100,0,0,100,100,1
BOLA2,other,52.94633333,0,0,52.94633333,100,0,0,100,100,1
BOP1,other,140.7473833,21.41605556,14.08928,176.2527189,79.85543952,12.15076607,7.993794416,100,79.85543952,1
BPNT1,other,165.0777167,0,0,165.0777167,100,0,0,100,100,1
BRAP,other,12.02646667,0,0,12.02646667,100,0,0,100,100,1
BRAT1,other,67.21021667,52.78933333,25.93622,145.93577,46.05465587,36.17299126,17.77235286,100,46.05465587,1
BRD9,other,135.9238333,0,135.7533333,271.6771667,50.03137916,0,49.96862084,100,50.03137916,1
BRK1,other,108.8965,0,0,108.8965,100,0,0,100,100,1
BROX,other,7.627466667,0,0,7.627466667,100,0,0,100,100,1
BUD31,other,115.2716333,96.20344444,39.67715333,251.1522311,45.89711699,38.30483369,15.79804932,100,45.89711699,1
BZW2,other,216.1072833,36.14118889,0,252.2484722,85.67238542,14.32761458,0,100,85.67238542,1
C12orf10,other,26.3317,0,0,26.3317,100,0,0,100,100,1
C12orf57,other,50.81183333,0,0,50.81183333,100,0,0,100,100,1
C1orf52,other,31.33723333,0,0,31.33723333,100,0,0,100,100,1
C20orf27,other,53.3,0,0,53.3,100,0,0,100,100,1
C3,other,86.44941667,0,0,86.44941667,100,0,0,100,100,1
C5orf22,other,91.1125,0,0,91.1125,100,0,0,100,100,1
C9orf78,other,19.35328333,0,0,19.35328333,100,0,0,100,100,1
CA2,other,245.8330667,0,0,245.8330667,100,0,0,100,100,1
CAB39,other,57.403,0,0,57.403,100,0,0,100,100,1
CACTIN,other,27.96168333,0,0,27.96168333,100,0,0,100,100,1
CACUL1,other,57.92066667,0,0,57.92066667,100,0,0,100,100,1
CACYBP,other,201.1603333,119.6448222,0,320.8051556,62.70483184,37.29516816,0,100,62.70483184,1
CALD1,other,35.25993333,5.894544444,0,41.15447778,85.67702772,14.32297228,0,100,85.67702772,1
CALM1,other,179.12075,155.4971111,72.08832667,406.7061878,44.04180595,38.23327891,17.72491514,100,44.04180595,1
CALR,other,502.5401667,357.0533333,59.91706,919.51056,54.65300656,38.83080291,6.516190526,100,54.65300656,1
CALU,other,143.1963333,0,0,143.1963333,100,0,0,100,100,1
CAP1,other,345.8491667,257.0322222,50.28283333,653.1642222,52.94980265,39.35185264,7.698344708,100,52.94980265,1
CAPG,other,11.86446667,0,0,11.86446667,100,0,0,100,100,1
CAPZA2,other,227.4508333,152.1514444,40.1114,419.7136778,54.191904,36.25124758,9.556848424,100,54.191904,1
CAPZB,other,225.075,179.4314333,72.71526667,477.2217,47.16361389,37.59917735,15.23720876,100,47.16361389,1
CARHSP1,other,126.206,27.59625556,0,153.8022556,82.05731414,17.94268586,0,100,82.05731414,1
CARNMT1,other,36.84995,17.22297778,0,54.07292778,68.14861247,31.85138753,0,100,68.14861247,1
CARS,other,64.93705,55.91421111,0,120.8512611,53.73303464,46.26696536,0,100,53.73303464,1
CASP2,other,94.31098333,47.62677778,0,141.9377611,66.44530856,33.55469144,0,100,66.44530856,1
CASP6,other,123.47915,0,0,123.47915,100,0,0,100,100,1
CAST,other,66.95466667,0,5.16644,72.12110667,92.83643827,0,7.163561735,100,92.83643827,1
CAT,other,54.49385,0,0,54.49385,100,0,0,100,100,1
CBLB,other,39.15111667,0,0,39.15111667,100,0,0,100,100,1
CBX1,other,131.7139667,59.43384444,103.2037933,294.3516044,44.74715431,20.19144572,35.06139996,100,44.74715431,1
CBX3,other,184.0598333,161.6521111,113.92524,459.6371844,40.0445916,35.16950251,24.7859059,100,40.0445916,1
CC2D1A,other,7.6887,0,0,7.6887,100,0,0,100,100,1
CCAR1,other,209.4653333,19.98113333,0,229.4464667,91.29159249,8.708407509,0,100,91.29159249,1
CCAR2,other,360.2308333,187.6689333,157.7008,705.6005667,51.05308164,26.59704969,22.34986867,100,51.05308164,1
CCDC22,other,33.13405,5.041677778,16.00486,54.18058778,61.15483674,9.305321305,29.53984196,100,61.15483674,1
CCDC57,other,24.3568,0,0,24.3568,100,0,0,100,100,1
CCDC58,other,20.53961667,0,0,20.53961667,100,0,0,100,100,1
CCDC6,other,15.141,0,0,15.141,100,0,0,100,100,1
CCDC92,other,20.0839,0,0,20.0839,100,0,0,100,100,1
CCNB1,other,175.1845333,0,0,175.1845333,100,0,0,100,100,1
CCNB2,other,93.48003333,0,4.414033333,97.89406667,95.49101035,0,4.508989649,100,95.49101035,1
CCNDBP1,other,17.91661667,0,0,17.91661667,100,0,0,100,100,1
CCNH,other,20.03581667,0,0,20.03581667,100,0,0,100,100,1
CCNK,other,16.3142,0,0,16.3142,100,0,0,100,100,1
CCNT1,other,106.626,62.80364444,32.8099,202.2395444,52.72262667,31.05408718,16.22328615,100,52.72262667,1
CCNT2,other,26.91293333,0,0,26.91293333,100,0,0,100,100,1
CD109,other,191.6961667,45.02018889,80.95539333,317.6717489,60.34410278,14.17192087,25.48397634,100,60.34410278,1
CD151,other,124.9825833,0,0,124.9825833,100,0,0,100,100,1
CD2AP,other,83.5953,0,0,83.5953,100,0,0,100,100,1
CD44,other,346.7881667,176.7244667,177.3930467,700.90568,49.47715171,25.21373014,25.30911815,100,49.47715171,1
CD63,other,16.71561667,0,0,16.71561667,100,0,0,100,100,1
CD81,other,13.24833333,0,0,13.24833333,100,0,0,100,100,1
CD9,other,52.12846667,14.88921111,0,67.01767778,77.78315871,22.21684129,0,100,77.78315871,1
CD97,other,106.9936667,26.60222222,0,133.5958889,80.08754428,19.91245572,0,100,80.08754428,1
CDC123,other,309.4703333,163.0581111,18.28184667,490.8102911,63.05294305,33.22222742,3.724829531,100,63.05294305,1
CDC34,other,30.48526667,0,0,30.48526667,100,0,0,100,100,1
CDC42,other,401.7291667,237.8386667,214.7786467,854.34648,47.02180861,27.83866642,25.13952497,100,47.02180861,1
CDC42EP2,other,10.79128333,0,0,10.79128333,100,0,0,100,100,1
CDC42EP4,other,14.13023333,0,0,14.13023333,100,0,0,100,100,1
CDCP1,other,156.7012,105.2235333,40.86628667,302.79102,51.75226135,34.75120673,13.49653192,100,51.75226135,1
CDH1,other,28.28265,0,0,28.28265,100,0,0,100,100,1
CDK1,other,257.2105,161.3061111,109.8173067,528.3339178,48.68332154,30.53109136,20.7855871,100,48.68332154,1
CDK11B,other,240.3301667,0,0,240.3301667,100,0,0,100,100,1
CDK2,other,223.8971667,18.48615556,18.42769333,260.8110156,85.84651465,7.087950452,7.065534902,100,85.84651465,1
CDK2AP1,other,196.5925,67.4999,32.91012,297.00252,66.19219931,22.72704622,11.08075447,100,66.19219931,1
CDK4,other,218.0971667,0,73.31992,291.4170867,74.84021241,0,25.15978759,100,74.84021241,1
CDK5,other,36.94093333,16.13985556,25.83125333,78.91204222,46.81279599,20.45296903,32.73423499,100,46.81279599,1
CDK5RAP3,other,24.8597,16.07111111,0,40.93081111,60.73590854,39.26409146,0,100,60.73590854,1
CDK6,other,20.07853333,0,0,20.07853333,100,0,0,100,100,1
CDK7,other,163.8134,17.59376667,0,181.4071667,90.30150408,9.698495925,0,100,90.30150408,1
CDV3,other,151.83615,10.46835556,0,162.3045056,93.55017563,6.449824372,0,100,93.55017563,1
CELF1,other,78.07846667,26.8807,0,104.9591667,74.38937365,25.61062635,0,100,74.38937365,1
CENPF,other,144.0636667,0,0,144.0636667,100,0,0,100,100,1
CEP44,other,50.41718333,13.95725556,0,64.37443889,78.31863734,21.68136266,0,100,78.31863734,1
CEP97,other,47.60528333,0,0,47.60528333,100,0,0,100,100,1
CFAP20,other,60.57416667,13.57577778,9.259693333,83.40963778,72.62250296,16.27603013,11.1014669,100,72.62250296,1
CFAP298,other,15.9939,0,0,15.9939,100,0,0,100,100,1
CFAP70,other,28.46318333,0,0,28.46318333,100,0,0,100,100,1
CFL1,other,453.1771667,302.78,359.4630667,1115.420233,40.62837961,27.14492628,32.22669411,100,40.62837961,1
CHAC2,other,28.99038333,0,0,28.99038333,100,0,0,100,100,1
CHAF1A,other,136.511,133.5237889,52.65948667,322.6942756,42.30350841,41.37779905,16.31869254,100,42.30350841,1
CHAF1B,other,15.7477,0,0,15.7477,100,0,0,100,100,1
CHAMP1,other,43.5655,0,0,43.5655,100,0,0,100,100,1
CHCHD4,other,179.0515,90.24928889,75.85208,345.1528689,51.87599934,26.1476282,21.97637245,100,51.87599934,1
CHD5,other,135.5143333,60.36206667,73.09315333,268.9695533,50.38277814,22.44197007,27.17525178,100,50.38277814,1
CHID1,other,37.33255,0,0,37.33255,100,0,0,100,100,1
CHMP3,other,36.32226667,0,0,36.32226667,100,0,0,100,100,1
CHMP4A,other,8.610283333,0,0,8.610283333,100,0,0,100,100,1
CHMP4B,other,35.89291667,0,0,35.89291667,100,0,0,100,100,1
CHMP5,other,86.4346,0,0,86.4346,100,0,0,100,100,1
CHMP7,other,16.35181667,0,0,16.35181667,100,0,0,100,100,1
CHORDC1,other,131.3317833,32.38533333,0,163.7171167,80.21872484,19.78127516,0,100,80.21872484,1
CHRAC1,other,126.0993833,0,0,126.0993833,100,0,0,100,100,1
CIAO1,other,16.19803333,0,0,16.19803333,100,0,0,100,100,1
CISD2,other,66.70166667,0,0,66.70166667,100,0,0,100,100,1
CKAP2,other,50.98441667,0,27.02931333,78.01373,65.35313293,0,34.64686707,100,65.35313293,1
CKB,other,247.6036667,102.2559444,11.47655333,361.3361644,68.5244631,28.29939389,3.176143011,100,68.5244631,1
CLASP1,other,88.1303,0,0,88.1303,100,0,0,100,100,1
CLDN6,other,20.90976667,0,0,20.90976667,100,0,0,100,100,1
CLDND1,other,16.59545,0,0,16.59545,100,0,0,100,100,1
CLIC1,other,185.0686667,93.08156667,167.6213267,445.77156,41.51648137,20.88100162,37.60251701,100,41.51648137,1
CLIC4,other,439.4103333,244.6914444,197.30448,881.4062578,49.8533258,27.76148255,22.38519165,100,49.8533258,1
CLN5,other,66.676,0,0,66.676,100,0,0,100,100,1
CLNS1A,other,34.74843333,19.76512222,8.11426,62.62781556,55.48402579,31.55965452,12.95631969,100,55.48402579,1
CLPB,other,48.44613333,0,0,48.44613333,100,0,0,100,100,1
CLPTM1,other,139.8147167,24.13101111,11.82112667,175.7668544,79.54555318,13.72898843,6.725458394,100,79.54555318,1
CLUH,other,441.7268333,340.3663333,237.1994933,1019.29266,43.33660495,33.39240502,23.27099003,100,43.33660495,1
CMBL,other,293.1226667,26.1827,153.47462,472.7799867,61.99980433,5.53803053,32.46216514,100,61.99980433,1
CMPK1,other,86.4205,0,0,86.4205,100,0,0,100,100,1
CMTR1,other,27.52815,0,0,27.52815,100,0,0,100,100,1
CNOT1,other,115.2235833,105.9143222,40.24960667,261.3875122,44.08151803,40.52003913,15.39844284,100,44.08151803,1
CNOT10,other,271.6116667,215.7630333,123.0905467,610.4652467,44.49256827,35.3440322,20.16339953,100,44.49256827,1
CNOT7,other,194.2288333,155.0231111,37.44822667,386.7001711,50.22724267,40.08871024,9.68404709,100,50.22724267,1
CNOT9,other,80.89483333,75.95155556,13.52152667,170.3679156,47.48243416,44.58090322,7.936662618,100,47.48243416,1
CNPY2,other,85.99916667,17.24244444,0,103.2416111,83.298939,16.701061,0,100,83.298939,1
CNPY3,other,83.66733333,0,0,83.66733333,100,0,0,100,100,1
COA4,other,10.77956667,0,0,10.77956667,100,0,0,100,100,1
COA7,other,9.145366667,0,0,9.145366667,100,0,0,100,100,1
COASY,other,100.9101667,0,0,100.9101667,100,0,0,100,100,1
COL4A3BP,other,6.983566667,0,0,6.983566667,100,0,0,100,100,1
COMMD8,other,36.50221667,0,0,36.50221667,100,0,0,100,100,1
COPS3,other,129.0462333,121.7852889,17.47215333,268.3036756,48.09707995,45.39083881,6.512081244,100,48.09707995,1
COPS4,other,233.9763333,53.46111111,11.93263333,299.3700778,78.15621891,17.85786726,3.98591383,100,78.15621891,1
COPS6,other,246.572,22.18698889,9.853806667,278.6127956,88.49988369,7.963377577,3.536738737,100,88.49988369,1
COPS7A,other,10.6069,0,0,10.6069,100,0,0,100,100,1
CORO1B,other,63.044,23.21651111,7.550593333,93.81110444,67.20313163,24.74814815,8.048720221,100,67.20313163,1
COTL1,other,287.3838333,134.0132778,14.34233333,435.7394444,65.95313713,30.75536986,3.291493005,100,65.95313713,1
CP,other,30.34648333,0,0,30.34648333,100,0,0,100,100,1
CPD,other,67.09756667,0,0,67.09756667,100,0,0,100,100,1
CPNE1,other,198.6178667,68.76918889,88.26493333,355.6519889,55.84612848,19.33609006,24.81778145,100,55.84612848,1
CPNE2,other,17.25258333,5.327188889,6.905213333,29.48498556,58.51311441,18.06746311,23.41942247,100,58.51311441,1
CPOX,other,338.7946667,175.3293333,0,514.124,65.89746183,34.10253817,0,100,65.89746183,1
CPSF4,other,56.76383333,33.98666667,54.29446,145.04496,39.13533661,23.43181498,37.43284841,100,39.13533661,1
CPSF6,other,14.79386667,0,0,14.79386667,100,0,0,100,100,1
CPSF7,other,165.6655,0,0,165.6655,100,0,0,100,100,1
CPT2,other,33.74138333,0,0,33.74138333,100,0,0,100,100,1
CPVL,other,59.92283333,0,0,59.92283333,100,0,0,100,100,1
CRABP2,other,122.7382333,23.81396667,11.98951333,158.5417133,77.41699692,15.02063158,7.562371493,100,77.41699692,1
CRADD,other,31.21895,0,0,31.21895,100,0,0,100,100,1
CRIP1,other,54.0572,7.625388889,0,61.68258889,87.63769643,12.36230357,0,100,87.63769643,1
CRIPT,other,20.94696667,0,0,20.94696667,100,0,0,100,100,1
CRK,other,42.29303333,38.58033333,0,80.87336667,52.29537866,47.70462134,0,100,52.29537866,1
CRKL,other,317.4753333,43.54722222,0,361.0225556,87.93781121,12.06218879,0,100,87.93781121,1
CROCC,other,201.2253333,0,0,201.2253333,100,0,0,100,100,1
CRTAP,other,94.11813333,27.19418889,58.31978667,179.6321089,52.3949387,15.13882404,32.46623726,100,52.3949387,1
CRYZ,other,36.0746,0,0,36.0746,100,0,0,100,100,1
CS,other,268.8053333,266.5536667,0,535.359,50.21029502,49.78970498,0,100,50.21029502,1
CSK,other,131.75575,103.6334778,8.395126667,243.7843544,54.04602371,42.51030712,3.443669175,100,54.04602371,1
CSNK1D,other,22.60288333,0,0,22.60288333,100,0,0,100,100,1
CSNK2A1,other,565.0583333,346.2752222,513.2515333,1424.585089,39.66476539,24.30709299,36.02814162,100,39.66476539,1
CSTB,other,196.5628333,137.0800222,0,333.6428556,58.91414429,41.08585571,0,100,58.91414429,1
CSTF2,other,80.94513333,0,0,80.94513333,100,0,0,100,100,1
CSTF2T,other,69.942,55.27894444,0,125.2209444,55.85487341,44.14512659,0,100,55.85487341,1
CSTF3,other,203.3115,104.5719333,0,307.8834333,66.03521917,33.96478083,0,100,66.03521917,1
CTBP1,other,130.1558833,69.83398889,69.65921333,269.6490856,48.26861662,25.89809965,25.83328372,100,48.26861662,1
CTNNBL1,other,361.0538333,119.6953444,239.35848,720.1076578,50.13886874,16.62186802,33.23926324,100,50.13886874,1
CTSA,other,103.7497333,0,0,103.7497333,100,0,0,100,100,1
CTSC,other,35.70781667,0,0,35.70781667,100,0,0,100,100,1
CUL1,other,145.1836833,68.83597778,115.0544733,329.0741344,44.11883771,20.91807607,34.96308621,100,44.11883771,1
CUL3,other,171.3358333,49.03522222,102.1715933,322.5426489,53.1203653,15.20270959,31.67692511,100,53.1203653,1
CUL4A,other,66.41111667,30.13622222,11.83384,108.3811789,61.27550682,27.80577083,10.91872235,100,61.27550682,1
CUL4B,other,71.7346,11.86465556,0,83.59925556,85.8077019,14.1922981,0,100,85.8077019,1
CUL5,other,220.2125,90.10916667,124.7318667,435.0535333,50.61733399,20.71220201,28.670464,100,50.61733399,1
CUSTOS,other,29.23943333,0,0,29.23943333,100,0,0,100,100,1
CUTA,other,87.7255,0,0,87.7255,100,0,0,100,100,1
CUTC,other,20.54868333,0,0,20.54868333,100,0,0,100,100,1
CWC15,other,10.54716667,0,0,10.54716667,100,0,0,100,100,1
CWC27,other,40.6049,0,0,40.6049,100,0,0,100,100,1
CWF19L1,other,147.8736667,0,0,147.8736667,100,0,0,100,100,1
CYB5R3,other,166.3628333,91.77125556,56.98209333,315.1161822,52.7941257,29.12299042,18.08288388,100,52.7941257,1
CYBC1,other,19.94296667,0,0,19.94296667,100,0,0,100,100,1
CYCS,other,274.7686667,24.46417778,0,299.2328444,91.82436747,8.175632532,0,100,91.82436747,1
CZIB,other,14.48523333,0,0,14.48523333,100,0,0,100,100,1
DAD1,other,58.86395,0,0,58.86395,100,0,0,100,100,1
DAG1,other,111.7508333,0,0,111.7508333,100,0,0,100,100,1
DAGLB,other,31.35176667,0,0,31.35176667,100,0,0,100,100,1
DARS2,other,114.7538333,0,0,114.7538333,100,0,0,100,100,1
DAZAP1,other,47.92845,13.39242222,14.40354,75.72441222,63.29326117,17.68573942,19.02099941,100,63.29326117,1
DBI,other,123.7006667,45.62096667,0,169.3216333,73.05662261,26.94337739,0,100,73.05662261,1
DBNL,other,69.2245,16.14837778,0,85.37287778,81.08488527,18.91511473,0,100,81.08488527,1
DBR1,other,32.79138333,0,0,32.79138333,100,0,0,100,100,1
DBT,other,162.9536667,91.68267778,19.77282,274.4091644,59.38346374,33.41093872,7.205597539,100,59.38346374,1
DCAF15,other,52.86318333,28.68114444,0,81.54432778,64.82754199,35.17245801,0,100,64.82754199,1
DCAF8,other,63.1605,0,0,63.1605,100,0,0,100,100,1
DCBLD2,other,9.010566667,0,0,9.010566667,100,0,0,100,100,1
DCK,other,57.2359,7.545911111,0,64.78181111,88.35180588,11.64819412,0,100,88.35180588,1
DCP1A,other,169.5065833,35.01337778,0,204.5199611,82.88021492,17.11978508,0,100,82.88021492,1
DCPS,other,130.5308333,0,0,130.5308333,100,0,0,100,100,1
DCTN1,other,211.3249,130.9448667,154.4769067,496.7466733,42.54178464,26.36049192,31.09772344,100,42.54178464,1
DCTN3,other,192.4663333,68.65222222,0,261.1185556,73.70840916,26.29159084,0,100,73.70840916,1
DCTN6,other,123.5471667,10.83447778,0,134.3816444,91.93753148,8.062468518,0,100,91.93753148,1
DCTPP1,other,84.63038333,7.514211111,0,92.14459444,91.84519596,8.154804041,0,100,91.84519596,1
DCUN1D1,other,98.996,0,0,98.996,100,0,0,100,100,1
DCUN1D4,other,18.34396667,0,0,18.34396667,100,0,0,100,100,1
DCUN1D5,other,52.54501667,0,0,52.54501667,100,0,0,100,100,1
DCXR,other,198.16,7.471444444,0,205.6314444,96.36658466,3.633415339,0,100,96.36658466,1
DDAH1,other,41.49626667,0,0,41.49626667,100,0,0,100,100,1
DDB2,other,69.404,0,0,69.404,100,0,0,100,100,1
DDOST,other,261.6355,232.2247333,190.698,684.5582333,38.2196119,33.92329856,27.85708954,100,38.2196119,1
DDT,other,264.6148333,0,0,264.6148333,100,0,0,100,100,1
DDX41,other,33.44113333,8.605955556,21.7446,63.79168889,52.42239846,13.49071596,34.08688558,100,52.42239846,1
DENR,other,34.20776667,0,0,34.20776667,100,0,0,100,100,1
DERA,other,131.3213333,71.94268889,34.28093333,237.5449556,55.28272871,30.28592576,14.43134553,100,55.28272871,1
DFFA,other,141.129,89.53314444,0,230.6621444,61.184292,38.815708,0,100,61.184292,1
DHFR,other,158.7814333,17.84508889,0,176.6265222,89.89671049,10.10328951,0,100,89.89671049,1
DHODH,other,13.50998333,0,0,13.50998333,100,0,0,100,100,1
DHPS,other,41.00443333,0,0,41.00443333,100,0,0,100,100,1
DHRS7,other,71.56283333,0,0,71.56283333,100,0,0,100,100,1
DHX15,other,318.0545,211.1282222,159.7059333,688.8886556,46.16921725,30.64765554,23.18312721,100,46.16921725,1
DHX16,other,165.4619,5.057288889,46.23108667,216.7502756,76.33757308,2.333232969,21.32919395,100,76.33757308,1
DHX38,other,258.9598333,91.5122,49.94826667,400.4203,64.67200422,22.85403612,12.47395965,100,64.67200422,1
DHX8,other,24.9357,0,0,24.9357,100,0,0,100,100,1
DIABLO,other,48.0525,13.05852222,0,61.11102222,78.63147801,21.36852199,0,100,78.63147801,1
DIEXF,other,71.22083333,0,0,71.22083333,100,0,0,100,100,1
DIP2B,other,54.13783333,0,0,54.13783333,100,0,0,100,100,1
DIS3,other,233.9563333,167.5777778,168.56888,570.1029911,41.03755584,29.39429899,29.56814516,100,41.03755584,1
DLD,other,182.0406667,30.67388889,0,212.7145556,85.57978846,14.42021154,0,100,85.57978846,1
DLG1,other,42.01648333,0,0,42.01648333,100,0,0,100,100,1
DLST,other,230.6423333,191.8839556,18.67654667,441.2028356,52.27580486,43.49109754,4.233097605,100,52.27580486,1
DNAH17,other,25.65115,0,0,25.65115,100,0,0,100,100,1
DNAJB1,other,330.88625,115.8655111,27.47120667,474.2229678,69.77440413,24.4327076,5.792888268,100,69.77440413,1
DNAJB12,other,85.13466667,62.11713333,46.83404667,194.0858467,43.86443841,32.00497842,24.13058318,100,43.86443841,1
DNAJB4,other,227.5735,0,0,227.5735,100,0,0,100,100,1
DNAJB6,other,137.8486667,87.48324444,69.58392667,294.9158378,46.74169679,29.66380005,23.59450316,100,46.74169679,1
DNAJC10,other,10.57798333,0,0,10.57798333,100,0,0,100,100,1
DNAJC11,other,69.57666667,28.01187778,48.43757333,146.0261178,47.64672767,19.18278607,33.17048626,100,47.64672767,1
DNAJC17,other,46.14953333,0,0,46.14953333,100,0,0,100,100,1
DNAJC19,other,21.0755,0,0,21.0755,100,0,0,100,100,1
DNAJC2,other,40.77008333,0,0,40.77008333,100,0,0,100,100,1
DNAJC8,other,110.40255,0,0,110.40255,100,0,0,100,100,1
DNAJC9,other,141.02955,9.257188889,0,150.2867389,93.84031555,6.159684452,0,100,93.84031555,1
DNM1L,other,225.0953333,16.79602222,0,241.8913556,93.05637765,6.943622348,0,100,93.05637765,1
DNM2,other,176.768,174.5306444,141.1284,492.4270444,35.89729727,35.44294458,28.65975815,100,35.89729727,1
DNMBP,other,161.1991667,38.17535556,45.09712,244.4716422,65.93777716,15.61545348,18.44676936,100,65.93777716,1
DNPEP,other,117.4926667,33.95564444,0,151.4483111,77.57938389,22.42061611,0,100,77.57938389,1
DNPH1,other,64.05716667,0,0,64.05716667,100,0,0,100,100,1
DOCK1,other,84.151,59.77744444,49.91046667,193.8389111,43.41285221,30.83872278,25.74842501,100,43.41285221,1
DOCK5,other,35.5236,19.4089,0,54.9325,64.66772858,35.33227142,0,100,64.66772858,1
DOLPP1,other,46.10085,0,0,46.10085,100,0,0,100,100,1
DPCD,other,14.23425,0,0,14.23425,100,0,0,100,100,1
DPF2,other,120.6711667,105.9104333,0,226.5816,53.25726655,46.74273345,0,100,53.25726655,1
DPH5,other,33.28378333,0,0,33.28378333,100,0,0,100,100,1
DPP3,other,71.52363333,0,0,71.52363333,100,0,0,100,100,1
DPP7,other,74.81483333,0,0,74.81483333,100,0,0,100,100,1
DPP9,other,7.67855,0,0,7.67855,100,0,0,100,100,1
DPY19L1,other,72.5835,0,0,72.5835,100,0,0,100,100,1
DPYSL2,other,140.727,23.06922222,0,163.7962222,85.91590092,14.08409908,0,100,85.91590092,1
DPYSL3,other,37.31738333,0,0,37.31738333,100,0,0,100,100,1
DRAP1,other,28.46126667,0,0,28.46126667,100,0,0,100,100,1
DRG1,other,126.115,76.9572,101.1914667,304.2636667,41.44924742,25.29293124,33.25782134,100,41.44924742,1
DRG2,other,94.20063333,91.94011111,22.52513333,208.6658778,45.14424416,44.0609227,10.79483314,100,45.14424416,1
DSC2,other,26.2281,0,0,26.2281,100,0,0,100,100,1
DSCC1,other,58.81035,13.2372,0,72.04755,81.62713375,18.37286625,0,100,81.62713375,1
DSCR3,other,103.28195,22.00847778,21.39906667,146.6894944,70.4085527,15.00344511,14.58800219,100,70.4085527,1
DSTN,other,367.7248333,53.46172222,113.01986,534.2064156,68.83572017,10.00769004,21.1565898,100,68.83572017,1
DTD1,other,20.01858333,0,0,20.01858333,100,0,0,100,100,1
DTYMK,other,30.66916667,0,0,30.66916667,100,0,0,100,100,1
DUT,other,62.73615,4.968955556,0,67.70510556,92.660885,7.339114997,0,100,92.660885,1
DYNLRB1,other,117.2318333,0,12.74402667,129.97586,90.19508187,0,9.804918134,100,90.19508187,1
E2F3,other,58.86383333,0,0,58.86383333,100,0,0,100,100,1
EAPP,other,75.3845,22.65382222,15.56793333,113.6062556,66.35594108,19.94064685,13.70341207,100,66.35594108,1
ECE1,other,35.88913333,0,0,35.88913333,100,0,0,100,100,1
ECH1,other,149.4893333,0,0,149.4893333,100,0,0,100,100,1
ECHDC1,other,154.532,87.55364444,149.3180067,391.4036511,39.48149169,22.36914352,38.14936479,100,39.48149169,1
ECHS1,other,111.306,0,0,111.306,100,0,0,100,100,1
ECI1,other,83.3915,16.72565556,0,100.1171556,83.29391655,16.70608345,0,100,83.29391655,1
ECI2,other,71.84316667,0,0,71.84316667,100,0,0,100,100,1
EDC3,other,155.9540667,0,79.99054,235.9446067,66.09774594,0,33.90225406,100,66.09774594,1
EEA1,other,123.3706667,0,0,123.3706667,100,0,0,100,100,1
EED,other,50.74755,41.76055556,40.83046667,133.3385722,38.05916709,31.31918608,30.62164682,100,38.05916709,1
EFHD2,other,215.6338333,0,0,215.6338333,100,0,0,100,100,1
EFR3A,other,70.18966667,37.72633333,36.63246667,144.5484667,48.55787701,26.09943516,25.34268783,100,48.55787701,1
EGLN1,other,11.24996667,0,0,11.24996667,100,0,0,100,100,1
EHD1,other,44.66565,7.442755556,0,52.10840556,85.71678508,14.28321492,0,100,85.71678508,1
EHD2,other,97.78766667,0,0,97.78766667,100,0,0,100,100,1
EHD4,other,124.4095167,0,0,124.4095167,100,0,0,100,100,1
EHMT1,other,52.76716667,0,0,52.76716667,100,0,0,100,100,1
EIF1AD,other,84.3255,26.03325556,0,110.3587556,76.41033969,23.58966031,0,100,76.41033969,1
EIF1AX,other,278.2616667,208.2171667,243.2114667,729.6903,38.13421484,28.53500542,33.33077974,100,38.13421484,1
EIF2B1,other,21.92091667,0,0,21.92091667,100,0,0,100,100,1
EIF2B2,other,47.66936667,0,0,47.66936667,100,0,0,100,100,1
EIF2B3,other,31.75566667,6.425733333,18.01930667,56.20070667,56.50403447,11.43354544,32.06242009,100,56.50403447,1
EIF3A,other,367.2643333,253.1781111,212.39824,832.8406844,44.09778967,30.39934478,25.50286555,100,44.09778967,1
EIF3H,other,275.6679833,273.1223333,161.5684733,710.35879,38.80686594,38.44850478,22.74462928,100,38.80686594,1
EIF3I,other,441.3052167,356.9105556,356.8810067,1155.096779,38.20504262,30.89875776,30.89619962,100,38.20504262,1
EIF3J,other,196.06985,165.6673889,6.69682,368.4340589,53.21708058,44.9652753,1.817644118,100,53.21708058,1
EIF3L,other,426.5673333,244.3595556,171.9368667,842.8637556,50.60928656,28.99158422,20.39912922,100,50.60928656,1
EIF4A1,other,445.591,254.014,358.5382,1058.1432,42.11065194,24.00563553,33.88371253,100,42.11065194,1
EIF4B,other,249.8738333,199.2587889,26.03733333,475.1699556,52.58620214,41.9342146,5.479583258,100,52.58620214,1
EIF4ENIF1,other,67.3785,0,0,67.3785,100,0,0,100,100,1
EIF4G1,other,262.8353333,212.5715556,234.5396667,709.9465556,37.02184781,29.94190956,33.03624263,100,37.02184781,1
EIF5,other,309.693,285.4556667,100.0898733,695.23854,44.54485507,41.05866551,14.39647942,100,44.54485507,1
EIF5A,other,753.2528333,554.8986667,671.5884,1979.7399,38.04807052,28.02886716,33.92306232,100,38.04807052,1
EIF5B,other,399.2326667,214.2135444,0,613.4462111,65.08030524,34.91969476,0,100,65.08030524,1
EIPR1,other,12.67411667,0,0,12.67411667,100,0,0,100,100,1
ELMOD2,other,291.9453333,0,0,291.9453333,100,0,0,100,100,1
ELOB,other,199.4665,118.4435,63.80454,381.71454,52.25541055,31.02933936,16.71525009,100,52.25541055,1
ELP2,other,70.62773333,0,0,70.62773333,100,0,0,100,100,1
ELP3,other,209.176,51.11133333,88.62501333,348.9123467,59.95087362,14.6487603,25.40036607,100,59.95087362,1
EMC2,other,57.66166667,7.514877778,0,65.17654444,88.46996593,11.53003407,0,100,88.46996593,1
EMC7,other,56.1915,0,0,56.1915,100,0,0,100,100,1
EMG1,other,31.97941667,0,0,31.97941667,100,0,0,100,100,1
EML4,other,77.87283333,30.93391111,72.47199333,181.2787378,42.95751079,17.06427984,39.97820937,100,42.95751079,1
EMP3,other,58.66083333,0,0,58.66083333,100,0,0,100,100,1
ENAH,other,6.432083333,0,0,6.432083333,100,0,0,100,100,1
ENO1,other,662.5218333,575.9047778,191.3573067,1429.783918,46.33719998,40.27914782,13.38365219,100,46.33719998,1
ENO2,other,84.06466667,0,0,84.06466667,100,0,0,100,100,1
ENOPH1,other,111.8664833,17.37156667,0,129.23805,86.55847356,13.44152644,0,100,86.55847356,1
ENSA,other,30.90336667,0,0,30.90336667,100,0,0,100,100,1
EPB41,other,32.27433333,0,0,32.27433333,100,0,0,100,100,1
EPHX1,other,96.55341667,0,0,96.55341667,100,0,0,100,100,1
EPHX2,other,23.42581667,0,0,23.42581667,100,0,0,100,100,1
EPN1,other,76.60633333,10.57501111,0,87.18134444,87.87009861,12.12990139,0,100,87.87009861,1
EPS15,other,12.10393333,0,0,12.10393333,100,0,0,100,100,1
EPS15L1,other,112.8066667,9.249644444,0,122.0563111,92.42182206,7.578177941,0,100,92.42182206,1
EPS8,other,15.14391667,0,0,15.14391667,100,0,0,100,100,1
EPS8L2,other,92.22433333,0,0,92.22433333,100,0,0,100,100,1
ERAP1,other,5.995433333,0,0,5.995433333,100,0,0,100,100,1
ERBB2,other,66.2655,0,0,66.2655,100,0,0,100,100,1
ERCC6L,other,100.3403333,29.02654444,9.70962,139.0764978,72.1475842,20.8709199,6.981495907,100,72.1475842,1
EREG,other,13.46288333,0,0,13.46288333,100,0,0,100,100,1
ERI3,other,87.69766667,0,0,87.69766667,100,0,0,100,100,1
ERO1A,other,144.6279333,32.05306667,0,176.681,81.8582266,18.1417734,0,100,81.8582266,1
ERP29,other,191.797,19.02466667,0,210.8216667,90.97594333,9.024056667,0,100,90.97594333,1
ERP44,other,114.2276,74.38221111,4.889533333,193.4993444,59.03255142,38.44054941,2.526899172,100,59.03255142,1
ESRP1,other,51.54761667,47.10283333,7.541173333,106.1916233,48.54207427,44.35644908,7.101476648,100,48.54207427,1
ESRP2,other,87.474,60.21964444,27.51564667,175.2092911,49.92543457,34.37012048,15.70444495,100,49.92543457,1
ETF1,other,459.4493333,68.21105556,0,527.6603889,87.07292475,12.92707525,0,100,87.07292475,1
ETFA,other,175.0013333,87.65832222,0,262.6596556,66.6266515,33.3733485,0,100,66.6266515,1
ETFB,other,128.82255,98.16128889,15.7655,242.7493389,53.06813629,40.43730431,6.494559397,100,53.06813629,1
ETNK1,other,117.2926667,80.99022222,75.76253333,274.0454222,42.80044735,29.55357603,27.64597661,100,42.80044735,1
EWSR1,other,111.0951,80.34155556,6.647526667,198.0841822,56.0847912,40.55929891,3.355909892,100,56.0847912,1
EXOC6,other,168.8188333,150.8797778,27.23473333,346.9333444,48.66030782,43.48955792,7.850134261,100,48.66030782,1
EXOC7,other,98.38863333,0,0,98.38863333,100,0,0,100,100,1
EXOSC1,other,188.5141667,85.38888889,0,273.9030556,68.8251419,31.1748581,0,100,68.8251419,1
EXOSC2,other,61.83966667,0,0,61.83966667,100,0,0,100,100,1
EXOSC5,other,74.59783333,0,0,74.59783333,100,0,0,100,100,1
EXOSC8,other,81.4855,0,48.30923333,129.7947333,62.7802823,0,37.2197177,100,62.7802823,1
EXOSC9,other,6.966833333,0,0,6.966833333,100,0,0,100,100,1
EYA3,other,74.92403333,0,0,74.92403333,100,0,0,100,100,1
F11R,other,132.5426667,0,0,132.5426667,100,0,0,100,100,1
FAAP100,other,22.98455,0,0,22.98455,100,0,0,100,100,1
FAF1,other,22.42193333,0,0,22.42193333,100,0,0,100,100,1
FAHD1,other,20.8926,0,12.66556,33.55816,62.25788303,0,37.74211697,100,62.25788303,1
FAM114A1,other,20.6347,0,0,20.6347,100,0,0,100,100,1
FAM114A2,other,83.84133333,0,0,83.84133333,100,0,0,100,100,1
FAM118B,other,5.763916667,0,0,5.763916667,100,0,0,100,100,1
FAM122B,other,10.54305,0,0,10.54305,100,0,0,100,100,1
FAM129B,other,113.70725,26.25972222,0,139.9669722,81.23862951,18.76137049,0,100,81.23862951,1
FAM162A,other,71.91,46.6394,52.5596,171.109,42.02584318,27.2571285,30.71702833,100,42.02584318,1
FAM192A,other,15.34988333,0,0,15.34988333,100,0,0,100,100,1
FAM3C,other,20.16168333,6.905533333,0,27.06721667,74.48746423,25.51253577,0,100,74.48746423,1
FAM45A,other,25.4675,0,0,25.4675,100,0,0,100,100,1
FAM49B,other,75.64998333,7.5462,0,83.19618333,90.92963199,9.070368012,0,100,90.92963199,1
FAM50A,other,6.265433333,0,0,6.265433333,100,0,0,100,100,1
FAM91A1,other,59.67088333,20.45384444,34.10492667,114.2296544,52.23764672,17.90589715,29.85645613,100,52.23764672,1
FARSA,other,144.2734167,105.7746111,51.64106667,301.6890944,47.82188661,35.06080036,17.11731303,100,47.82188661,1
FBXO21,other,38.21501667,0,0,38.21501667,100,0,0,100,100,1
FBXO22,other,247.9258333,93.81518889,46.15147333,387.8924956,63.9161201,24.18587365,11.89800624,100,63.9161201,1
FBXO38,other,20.15156667,0,0,20.15156667,100,0,0,100,100,1
FBXO7,other,33.85915,6.9199,16.21959333,56.99864333,59.40343142,12.1404644,28.45610419,100,59.40343142,1
FDFT1,other,92.04866667,26.69493333,12.94913333,131.6927333,69.896542,20.27061984,9.832838157,100,69.896542,1
FDPS,other,127.8316667,54.88334444,124.58104,307.2960511,41.59886409,17.86008777,40.54104814,100,41.59886409,1
FDX1,other,18.13751667,0,0,18.13751667,100,0,0,100,100,1
FDXR,other,190.2421667,68.02614444,102.4929333,360.7612444,52.73353765,18.85627835,28.410184,100,52.73353765,1
FERMT2,other,187.4285,80.91972222,48.52342,316.8716422,59.14966031,25.53706657,15.31327312,100,59.14966031,1
FH,other,233.6031667,10.97772222,0,244.5808889,95.51161897,4.488381031,0,100,95.51161897,1
FKBP10,other,164.8298833,0,0,164.8298833,100,0,0,100,100,1
FKBP1A,other,7.88035,0,0,7.88035,100,0,0,100,100,1
FKBP2,other,98.99533333,0,0,98.99533333,100,0,0,100,100,1
FKBP3,other,156.1777683,44.16634444,0,200.3441128,77.95475803,22.04524197,0,100,77.95475803,1
FKBP9,other,28.66311667,0,0,28.66311667,100,0,0,100,100,1
FLAD1,other,99.13366667,58.37366667,3.545166667,161.0525,61.55363417,36.24511676,2.201249075,100,61.55363417,1
FLNA,other,258.6246667,159.5514556,51.69680667,469.8729289,55.04140604,33.95629877,11.00229519,100,55.04140604,1
FLNB,other,214.1589167,41.46108889,0,255.6200056,83.78018622,16.21981378,0,100,83.78018622,1
FLNC,other,490.01,259.8163333,102.4957867,852.32212,57.49117482,30.48334981,12.02547538,100,57.49117482,1
FMR1,other,49.33861667,41.15366667,17.10834,107.6006233,45.85346733,38.24668054,15.89985213,100,45.85346733,1
FNBP4,other,28.09116667,0,0,28.09116667,100,0,0,100,100,1
FNTA,other,43.94178333,0,0,43.94178333,100,0,0,100,100,1
FOSL1,other,55.3335,0,0,55.3335,100,0,0,100,100,1
FOXK1,other,213.3455,0,0,213.3455,100,0,0,100,100,1
FREM2,other,14.56298333,0,0,14.56298333,100,0,0,100,100,1
FRG1,other,44.08643333,33.76611111,0,77.85254444,56.62812134,43.37187866,0,100,56.62812134,1
FRMPD3,other,9.229283333,0,0,9.229283333,100,0,0,100,100,1
FTO,other,28.05278333,0,0,28.05278333,100,0,0,100,100,1
FUBP1,other,149.3878333,73.20265556,44.70512,267.2956089,55.88862232,27.38640409,16.72497359,100,55.88862232,1
FUCA1,other,28.02773333,0,0,28.02773333,100,0,0,100,100,1
FUCA2,other,18.8131,0,0,18.8131,100,0,0,100,100,1
FUNDC1,other,17.63873333,0,0,17.63873333,100,0,0,100,100,1
FUS,other,130.9536167,21.39052222,66.37614,218.7202789,59.87264525,9.779853213,30.34750154,100,59.87264525,1
FXN,other,16.46251667,0,0,16.46251667,100,0,0,100,100,1
FXR2,other,134.914,95.85656667,87.10892667,317.8794933,42.44186959,30.15500172,27.4031287,100,42.44186959,1
G6PD,other,552.4816667,67.51753333,258.5048667,878.5040667,62.88891397,7.685511757,29.42557428,100,62.88891397,1
GAA,other,9.428666667,0,0,9.428666667,100,0,0,100,100,1
GABARAPL2,other,13.13518333,0,0,13.13518333,100,0,0,100,100,1
GAMT,other,14.82453333,0,0,14.82453333,100,0,0,100,100,1
GANAB,other,534.9946667,242.7162111,287.2347333,1064.945611,50.23680656,22.79141851,26.97177493,100,50.23680656,1
GAPDH,other,996.812,871.5426667,323.4348,2191.789467,45.47936812,39.76397733,14.75665455,100,45.47936812,1
GAPVD1,other,128.119,42.24513333,83.44214667,253.80628,50.4790504,16.64463674,32.87631286,100,50.4790504,1
GARS,other,383.5336667,153.5253333,36.92261333,573.9816133,66.81985237,26.74743054,6.43271709,100,66.81985237,1
GART,other,340.247,177.4993333,300.5465733,818.2929067,41.58009891,21.69141781,36.72848327,100,41.58009891,1
GATAD2A,other,164.3823333,77.05186667,47.97027333,289.4044733,56.80020472,26.62428323,16.57551204,100,56.80020472,1
GATAD2B,other,147.124,0,0,147.124,100,0,0,100,100,1
GATB,other,108.2136667,0,0,108.2136667,100,0,0,100,100,1
GBA,other,32.6922,0,0,32.6922,100,0,0,100,100,1
GBE1,other,121.1003333,0,0,121.1003333,100,0,0,100,100,1
GBF1,other,205.128,137.5547889,130.6342867,473.3170756,43.33838997,29.06186909,27.59974094,100,43.33838997,1
GCA,other,7.723716667,0,0,7.723716667,100,0,0,100,100,1
GCAT,other,81.0535,46.25214444,69.54418,196.8498244,41.17529707,23.49615732,35.3285456,100,41.17529707,1
GCDH,other,42.66745,0,0,42.66745,100,0,0,100,100,1
GCFC2,other,35.01598333,0,0,35.01598333,100,0,0,100,100,1
GCLC,other,18.50563333,0,0,18.50563333,100,0,0,100,100,1
GCLM,other,92.94576667,77.25644444,0,170.2022111,54.60902421,45.39097579,0,100,54.60902421,1
GCSH,other,47.71555,0,0,47.71555,100,0,0,100,100,1
GDA,other,103.9510167,0,0,103.9510167,100,0,0,100,100,1
GDI1,other,145.9813667,43.14822222,0,189.1295889,77.18589541,22.81410459,0,100,77.18589541,1
GDI2,other,221.1013333,149.4906667,9.03108,379.62308,58.24233167,39.37870866,2.378959678,100,58.24233167,1
GET4,other,204.3106833,116.5803556,0,320.8910389,63.6698002,36.3301998,0,100,63.6698002,1
GFM2,other,14.992,0,0,14.992,100,0,0,100,100,1
GFPT1,other,466.3961667,187.7434444,198.20074,852.3403511,54.71947516,22.02681642,23.25370842,100,54.71947516,1
GGA1,other,17.3806,0,0,17.3806,100,0,0,100,100,1
GGCT,other,29.55281667,0,0,29.55281667,100,0,0,100,100,1
GGH,other,8.504633333,0,0,8.504633333,100,0,0,100,100,1
GIGYF2,other,130.8973333,66.77691111,68.74686,266.4211044,49.13174338,25.06442245,25.80383418,100,49.13174338,1
GINS2,other,7.339683333,0,0,7.339683333,100,0,0,100,100,1
GINS4,other,143.8575,0,0,143.8575,100,0,0,100,100,1
GIPC1,other,16.88763333,0,0,16.88763333,100,0,0,100,100,1
GLB1,other,41.0736,16.66147778,0,57.73507778,71.14149938,28.85850062,0,100,71.14149938,1
GLMN,other,23.3925,0,0,23.3925,100,0,0,100,100,1
GLO1,other,210.6093333,69.5627,0,280.1720333,75.17143336,24.82856664,0,100,75.17143336,1
GLOD4,other,482.9145,120.0008889,0,602.9153889,80.09656229,19.90343771,0,100,80.09656229,1
GLRX,other,27.66538333,0,0,27.66538333,100,0,0,100,100,1
GLRX3,other,327.3253333,126.3054556,213.5195933,667.1503822,49.06320105,18.93208172,32.00471723,100,49.06320105,1
GLRX5,other,12.47335,0,0,12.47335,100,0,0,100,100,1
GLS,other,211.7478333,192.1821556,111.7456133,515.6756022,41.06221672,37.26803338,21.66974991,100,41.06221672,1
GLUD1,other,389.7772167,71.02195556,16.15803333,476.9572056,81.72163291,14.89063478,3.387732305,100,81.72163291,1
GM2A,other,18.00001667,0,0,18.00001667,100,0,0,100,100,1
GMFB,other,144.4793,39.67952222,30.98852667,215.1473489,67.15365109,18.44295197,14.40339694,100,67.15365109,1
GMPPB,other,35.50783333,0,0,35.50783333,100,0,0,100,100,1
GMPR2,other,84.243,0,0,84.243,100,0,0,100,100,1
GNA11,other,28.32916667,23.03746667,0,51.36663333,55.15091184,44.84908816,0,100,55.15091184,1
GNA13,other,7.585016667,0,0,7.585016667,100,0,0,100,100,1
GNAI2,other,74.61038333,48.6761,3.789833333,127.0763167,58.71305157,38.30461984,2.982328598,100,58.71305157,1
GNL1,other,133.3058,124.6335778,48.66058667,306.5999644,43.47873955,40.65022578,15.87103467,100,43.47873955,1
GNPDA1,other,230.0735,7.247488889,0,237.3209889,96.94612393,3.05387607,0,100,96.94612393,1
GNPDA2,other,32.23085,0,0,32.23085,100,0,0,100,100,1
GNS,other,121.6733333,0,0,121.6733333,100,0,0,100,100,1
GOLGA1,other,28.64693333,0,0,28.64693333,100,0,0,100,100,1
GOLGA3,other,205.8118333,59.80687778,0,265.6187111,77.48393646,22.51606354,0,100,77.48393646,1
GOLPH3,other,138.1941667,50.7505,0,188.9446667,73.14001983,26.85998017,0,100,73.14001983,1
GOSR2,other,24.58393333,17.96678889,0,42.55072222,57.77559592,42.22440408,0,100,57.77559592,1
GOT1,other,89.63246667,52.2895,0,141.9219667,63.15616164,36.84383836,0,100,63.15616164,1
GOT2,other,292.1908333,23.29268889,0,315.4835222,92.61682869,7.383171306,0,100,92.61682869,1
GPAT3,other,60.85383333,23.88385556,25.11442667,109.8521156,55.39614146,21.74182576,22.86203278,100,55.39614146,1
GPD2,other,216.7635,132.8718444,55.65565333,405.2909978,53.48342332,32.78430687,13.73226981,100,53.48342332,1
GPHN,other,108.9985,64.01566667,0,173.0141667,62.99975436,37.00024564,0,100,62.99975436,1
GPI,other,590.1133333,537.0392222,240.1304,1367.282956,43.15956188,39.27784077,17.56259734,100,43.15956188,1
GPKOW,other,24.40505,0,0,24.40505,100,0,0,100,100,1
GPN1,other,11.5776,0,0,11.5776,100,0,0,100,100,1
GPS1,other,170.8842667,123.5779556,79.72042,374.1826422,45.66867818,33.02610587,21.30521596,100,45.66867818,1
GPX1,other,56.8715,0,0,56.8715,100,0,0,100,100,1
GRB2,other,215.715,29.17602222,0,244.8910222,88.08612012,11.91387988,0,100,88.08612012,1
GRHPR,other,148.4582,78.07758889,51.70258,278.2383689,53.35648013,28.0614026,18.58211727,100,53.35648013,1
GRPEL1,other,157.69935,0,0,157.69935,100,0,0,100,100,1
GSDMD,other,21.25621667,0,0,21.25621667,100,0,0,100,100,1
GSE1,other,35.42638333,0,0,35.42638333,100,0,0,100,100,1
GSK3A,other,39.40981667,0,0,39.40981667,100,0,0,100,100,1
GSN,other,111.1426833,19.77857778,85.16716,216.0884211,51.43389116,9.153002126,39.41310671,100,51.43389116,1
GSR,other,103.2172333,43.62944444,0,146.8466778,70.28911712,29.71088288,0,100,70.28911712,1
GSS,other,38.29105,0,0,38.29105,100,0,0,100,100,1
GSTK1,other,289.5365,127.4012444,36.90913333,453.8468778,63.7960762,28.07141586,8.132507932,100,63.7960762,1
GSTP1,other,201.1398333,46.45657778,0,247.5964111,81.23697449,18.76302551,0,100,81.23697449,1
GTF2E2,other,95.9005,0,31.8902,127.7907,75.04497589,0,24.95502411,100,75.04497589,1
GTF2F1,other,58.29938333,0,0,58.29938333,100,0,0,100,100,1
GTF2F2,other,84.8836,0,0,84.8836,100,0,0,100,100,1
GTF2H3,other,13.69643333,0,0,13.69643333,100,0,0,100,100,1
GTF2I,other,295.3261667,274.1457778,259.0352,828.5071444,35.64557876,33.08912658,31.26529466,100,35.64557876,1
GTF3C6,other,23.36103333,0,0,23.36103333,100,0,0,100,100,1
GTPBP1,other,75.28093333,0,0,75.28093333,100,0,0,100,100,1
GTPBP3,other,30.64405,0,0,30.64405,100,0,0,100,100,1
GUSB,other,26.22851667,0,0,26.22851667,100,0,0,100,100,1
HADH,other,117.9549667,0,0,117.9549667,100,0,0,100,100,1
HADHA,other,280.4815333,200.6528889,248.7746,729.9090222,38.42691689,27.49012312,34.08295999,100,38.42691689,1
HAGH,other,35.10856667,0,0,35.10856667,100,0,0,100,100,1
HARS,other,132.6467833,0,0,132.6467833,100,0,0,100,100,1
HARS2,other,15.8558,0,0,15.8558,100,0,0,100,100,1
HBA1,other,194.8671667,62.5343,0,257.4014667,75.70553859,24.29446141,0,100,75.70553859,1
HBB,other,12.70115,0,0,12.70115,100,0,0,100,100,1
HCFC1,other,30.95463333,0,0,30.95463333,100,0,0,100,100,1
HDAC2,other,296.2404183,273.257,153.7004533,723.1978717,40.96256778,37.78454151,21.25289072,100,40.96256778,1
HDDC2,other,52.9385,9.095244444,13.26741333,75.30115778,70.30237192,12.07849217,17.61913591,100,70.30237192,1
HDGF,other,202.6475,85.96765556,0,288.6151556,70.21374176,29.78625824,0,100,70.21374176,1
HDHD5,other,111.4589167,11.72727778,0,123.1861944,90.48003891,9.519961089,0,100,90.48003891,1
HDLBP,other,291.44235,119.3605333,26.15793333,436.9608167,66.69759367,27.31607247,5.986333862,100,66.69759367,1
HEATR3,other,27.23756667,21.35976667,14.48237333,63.07970667,43.17960261,33.8615504,22.95884699,100,43.17960261,1
HEBP1,other,69.228,0,0,69.228,100,0,0,100,100,1
HEBP2,other,34.77475,0,0,34.77475,100,0,0,100,100,1
HERC4,other,69.55495,0,0,69.55495,100,0,0,100,100,1
HEXA,other,41.0989,0,25.20506667,66.30396667,61.98558256,0,38.01441744,100,61.98558256,1
HEXB,other,220.5948667,0,0,220.5948667,100,0,0,100,100,1
HEXIM1,other,34.19823333,10.19412222,0,44.39235556,77.03631156,22.96368844,0,100,77.03631156,1
HGS,other,197.06125,45.15982222,0,242.2210722,81.35594818,18.64405182,0,100,81.35594818,1
HIBADH,other,51.41465,0,0,51.41465,100,0,0,100,100,1
HIBCH,other,62.60511667,0,0,62.60511667,100,0,0,100,100,1
HIKESHI,other,27.49726667,0,0,27.49726667,100,0,0,100,100,1
HINT1,other,65.936,0,0,65.936,100,0,0,100,100,1
HK1,other,118.6756667,102.6838556,56.34681333,277.7063356,42.7342309,36.97569785,20.29007124,100,42.7342309,1
HLA-B,other,43.48835,7.724022222,8.19224,59.40461222,73.20702614,13.00239482,13.79057904,100,73.20702614,1
HM13,other,122.2784667,96.2823,39.16618,257.7269467,47.44496773,37.3582589,15.19677337,100,47.44496773,1
HMG20A,other,44.61678333,31.40115556,0,76.01793889,58.69244021,41.30755979,0,100,58.69244021,1
HMGA1,other,261.0943333,122.6490556,24.38727333,408.1306622,63.97322169,30.05141905,5.975359264,100,63.97322169,1
HMGB2,other,71.14556667,0,0,71.14556667,100,0,0,100,100,1
HMGB3,other,51.24115,0,0,51.24115,100,0,0,100,100,1
HMGCS1,other,44.63566667,0,0,44.63566667,100,0,0,100,100,1
HMGN1,other,8.734666667,0,0,8.734666667,100,0,0,100,100,1
HMMR,other,62.80183333,0,0,62.80183333,100,0,0,100,100,1
HMOX1,other,32.84556667,0,0,32.84556667,100,0,0,100,100,1
HMOX2,other,87.82068333,0,4.95446,92.77514333,94.65971183,0,5.340288166,100,94.65971183,1
HNRNPA1,other,316.4565,218.8047778,131.12892,666.3901978,47.4881685,32.83433317,19.67749832,100,47.4881685,1
HNRNPAB,other,382.8328333,210.8296111,21.62209333,615.2845378,62.22045409,34.26538425,3.514161661,100,62.22045409,1
HNRNPH3,other,127.5596667,73.37218889,50.47954,251.4113956,50.73742437,29.18411424,20.0784614,100,50.73742437,1
HNRNPUL2,other,71.82291667,52.06673333,25.67586667,149.5655167,48.02104005,34.81199042,17.16696953,100,48.02104005,1
HPRT1,other,444.5681667,0,0,444.5681667,100,0,0,100,100,1
HSBP1,other,82.41601667,0,0,82.41601667,100,0,0,100,100,1
HSD17B10,other,190.6006667,179.0215222,190.1695,559.7916889,34.04849883,31.98002503,33.97147614,100,34.04849883,1
HSD17B11,other,237.6398333,109.9394778,77.14100667,424.7203178,55.95207561,25.88514681,18.16277758,100,55.95207561,1
HSD17B4,other,185.0835,7.344077778,0,192.4275778,96.1834588,3.816541196,0,100,96.1834588,1
HSDL1,other,63.97051667,18.21014444,22.52033333,104.7009944,61.09828947,17.39252291,21.50918762,100,61.09828947,1
HSDL2,other,163.4348333,108.0629778,62.75009333,334.2479044,48.89629259,32.33018856,18.77351885,100,48.89629259,1
HSF1,other,49.49043333,0,0,49.49043333,100,0,0,100,100,1
HSPA12A,other,49.28378333,0,0,49.28378333,100,0,0,100,100,1
HSPA13,other,14.51733333,0,0,14.51733333,100,0,0,100,100,1
HSPA14,other,130.231,0,38.50946667,168.7404667,77.17828602,0,22.82171398,100,77.17828602,1
HSPA1B,other,1060.774333,631.8447778,944.8549333,2637.474044,40.21932787,23.95643586,35.82423627,100,40.21932787,1
HSPA4,other,87.87488333,78.39077778,0,166.2656611,52.8520939,47.1479061,0,100,52.8520939,1
HSPA4L,other,85.07886667,0,0,85.07886667,100,0,0,100,100,1
HSPB1,other,327.2443333,268.1481111,162.0709533,757.4633978,43.2026596,35.40080113,21.39653927,100,43.2026596,1
HSPBP1,other,167.0863333,0,14.87773333,181.9640667,91.82380697,0,8.176193029,100,91.82380697,1
HSPH1,other,302.8435,79.9101,168.2274133,550.9810133,54.96441668,14.50324023,30.53234309,100,54.96441668,1
HTRA2,other,36.47315,0,0,36.47315,100,0,0,100,100,1
HYOU1,other,757.6212333,17.54861111,0,775.1698444,97.73615921,2.263840788,0,100,97.73615921,1
HYPK,other,182.3359833,0,0,182.3359833,100,0,0,100,100,1
IBA57,other,18.55368333,0,0,18.55368333,100,0,0,100,100,1
ID1,other,22.28813333,0,0,22.28813333,100,0,0,100,100,1
IDE,other,114.1382833,34.78112222,0,148.9194056,76.64433182,23.35566818,0,100,76.64433182,1
IDH1,other,123.0781167,80.74144444,50.11172667,253.9312878,48.46906332,31.79657188,19.7343648,100,48.46906332,1
IDH3A,other,138.5694167,62.96816667,81.63622533,283.1738087,48.93440439,22.23657865,28.82901696,100,48.93440439,1
IER3IP1,other,12.19268333,0,0,12.19268333,100,0,0,100,100,1
IFIT5,other,99.82816667,35.07316667,0,134.9013333,74.00087471,25.99912529,0,100,74.00087471,1
IGBP1,other,44.83531667,0,0,44.83531667,100,0,0,100,100,1
IGF2R,other,102.8853333,80.11743333,17.64001333,200.64278,51.27786474,39.9303844,8.791750859,100,51.27786474,1
IL18,other,100.56175,12.24113333,31.67306,144.4759433,69.60449448,8.472783116,21.92272241,100,69.60449448,1
IMPA1,other,104.8634667,0,0,104.8634667,100,0,0,100,100,1
IMPAD1,other,13.87418333,8.593333333,0,22.46751667,61.7521889,38.2478111,0,100,61.7521889,1
INPP5K,other,59.865,0,0,59.865,100,0,0,100,100,1
INTS10,other,10.83935,0,0,10.83935,100,0,0,100,100,1
INTS14,other,155.6149667,155.1172667,64.14365333,374.8758867,41.51106331,41.37829937,17.11063731,100,41.51106331,1
INTS2,other,68.9215,60.20144444,31.37326667,160.4962111,42.94275829,37.50957361,19.5476681,100,42.94275829,1
INTS3,other,188.9458333,121.0588333,45.50065333,355.50532,53.14852485,34.05260808,12.79886707,100,53.14852485,1
IPO11,other,222.3715,91.76826667,81.05966,395.1994267,56.26817374,23.22074894,20.51107733,100,56.26817374,1
IPO5,other,331.5396667,21.1307,126.8215333,479.4919,69.14395565,4.406894048,26.44915031,100,69.14395565,1
IPO8,other,75.55941667,33.52938889,3.41814,112.5069456,67.1597796,29.80206131,3.038159096,100,67.1597796,1
IREB2,other,129.4541167,119.8168889,0,249.2710056,51.93308238,48.06691762,0,100,51.93308238,1
IRF6,other,28.95811667,0,0,28.95811667,100,0,0,100,100,1
IRS1,other,136.1028333,0,0,136.1028333,100,0,0,100,100,1
ISCU,other,8.02895,0,0,8.02895,100,0,0,100,100,1
ISG15,other,145.5751667,0,0,145.5751667,100,0,0,100,100,1
ISOC2,other,26.79873333,0,0,26.79873333,100,0,0,100,100,1
IST1,other,194.277,16.29182222,0,210.5688222,92.2629466,7.737053401,0,100,92.2629466,1
ISYNA1,other,242.4396667,77.56444444,49.49756667,369.5016778,65.61260239,20.99163525,13.39576236,100,65.61260239,1
ITGA2,other,60.58061667,22.78354444,0,83.36416111,72.669857,27.330143,0,100,72.669857,1
ITGA3,other,90.92333333,42.86588889,0,133.7892222,67.96013298,32.03986702,0,100,67.96013298,1
ITGA5,other,9.098833333,0,0,9.098833333,100,0,0,100,100,1
ITGA6,other,222.6333167,81.13452222,56.66626667,360.4341056,61.76810497,22.51022336,15.72167167,100,61.76810497,1
ITGB1,other,441.8658333,120.4215333,89.22038667,651.5077533,67.82203758,18.483515,13.69444741,100,67.82203758,1
ITGB4,other,69.45583333,64.38252222,51.30436667,185.1427222,37.51475213,34.7745358,27.71071207,100,37.51475213,1
ITIH2,other,263.6438333,0,0,263.6438333,100,0,0,100,100,1
ITPK1,other,29.68646667,0,0,29.68646667,100,0,0,100,100,1
ITSN1,other,25.28186667,0,0,25.28186667,100,0,0,100,100,1
IVD,other,11.75185,0,0,11.75185,100,0,0,100,100,1
IWS1,other,37.30526667,0,0,37.30526667,100,0,0,100,100,1
JAGN1,other,13.0044,0,0,13.0044,100,0,0,100,100,1
JMJD6,other,58.52993333,9.950962222,0,68.48089556,85.4689952,14.5310048,0,100,85.4689952,1
JPT1,other,203.4066667,35.28913333,0,238.6958,85.21585494,14.78414506,0,100,85.21585494,1
JPT2,other,43.93268333,0,0,43.93268333,100,0,0,100,100,1
KARS,other,390.7241667,75.94794444,89.38286667,556.0549778,70.26718261,13.65835169,16.0744657,100,70.26718261,1
KCTD3,other,34.64663333,0,0,34.64663333,100,0,0,100,100,1
KDELC2,other,96.47216667,0,0,96.47216667,100,0,0,100,100,1
KDM3B,other,109.3909,48.67176667,0,158.0626667,69.20729753,30.79270247,0,100,69.20729753,1
KHDC4,other,33.6947,0,0,33.6947,100,0,0,100,100,1
KHDRBS1,other,341.8546667,84.98868889,218.5502,645.3935556,52.96840412,13.16850597,33.86308991,100,52.96840412,1
KHSRP,other,166.79525,96.39123333,12.82186,276.0083433,60.43123479,34.92330419,4.645461019,100,60.43123479,1
KIF11,other,95.444,20.35643333,0,115.8004333,82.42110781,17.57889219,0,100,82.42110781,1
KIF1B,other,10.1873,9.529033333,0,19.71633333,51.66934352,48.33065648,0,100,51.66934352,1
KIF1BP,other,90.46533333,83.68724444,53.10216,227.2547378,39.80789761,36.82530242,23.36679997,100,39.80789761,1
KIF1C,other,20.28101667,0,9.4141,29.69511667,68.29748101,0,31.70251899,100,68.29748101,1
KIF2A,other,27.0427,0,0,27.0427,100,0,0,100,100,1
KIF2C,other,64.32426667,0,0,64.32426667,100,0,0,100,100,1
KIF4A,other,116.4961667,86.57066667,0,203.0668333,57.36838693,42.63161307,0,100,57.36838693,1
KIFC1,other,65.17016667,0,0,65.17016667,100,0,0,100,100,1
KITLG,other,31.85693333,0,0,31.85693333,100,0,0,100,100,1
KLC1,other,382.59475,248.3225556,148.1464733,779.0637789,49.10955436,31.87448349,19.01596215,100,49.10955436,1
KLC3,other,48.63481667,0,0,48.63481667,100,0,0,100,100,1
KNSTRN,other,13.99076667,0,0,13.99076667,100,0,0,100,100,1
KRTCAP2,other,54.40608333,0,0,54.40608333,100,0,0,100,100,1
KTI12,other,25.97858333,0,0,25.97858333,100,0,0,100,100,1
KYAT3,other,26.88573333,0,0,26.88573333,100,0,0,100,100,1
L3MBTL2,other,98.41266667,0,0,98.41266667,100,0,0,100,100,1
L3MBTL3,other,10.01981667,0,0,10.01981667,100,0,0,100,100,1
LACTB2,other,100.5888333,0,0,100.5888333,100,0,0,100,100,1
LAMB1,other,31.40431667,30.70725556,13.73842667,75.84999889,41.40318672,40.48418722,18.11262606,100,41.40318672,1
LAMP1,other,232.0348333,205.9457444,8.33126,446.3118378,51.98939703,46.14391262,1.866690348,100,51.98939703,1
LAMP2,other,152.664,0,0,152.664,100,0,0,100,100,1
LAMTOR1,other,14.42533333,0,0,14.42533333,100,0,0,100,100,1
LAMTOR2,other,7.988266667,0,0,7.988266667,100,0,0,100,100,1
LAMTOR5,other,48.53823333,0,0,48.53823333,100,0,0,100,100,1
LANCL1,other,69.40816667,0,0,69.40816667,100,0,0,100,100,1
LAP3,other,174.57135,65.35022222,0,239.9215722,72.76183979,27.23816021,0,100,72.76183979,1
LARP7,other,14.68636667,0,13.11474,27.80110667,52.82655415,0,47.17344585,100,52.82655415,1
LARS2,other,65.651,0,0,65.651,100,0,0,100,100,1
LASP1,other,219.2688333,51.97022222,0,271.2390556,80.83969799,19.16030201,0,100,80.83969799,1
LATS2,other,46.1189,0,0,46.1189,100,0,0,100,100,1
LCLAT1,other,16.35011667,0,0,16.35011667,100,0,0,100,100,1
LDHA,other,481.5254833,258.5118333,155.8427733,895.88009,53.74887652,28.85562881,17.39549467,100,53.74887652,1
LDLR,other,52.1631,0,0,52.1631,100,0,0,100,100,1
LGALS1,other,472.0751667,281.6991111,351.1734,1104.947678,42.72375753,25.4943394,31.78190308,100,42.72375753,1
LGALS3,other,181.1,0,0,181.1,100,0,0,100,100,1
LGALSL,other,53.9325,0,0,53.9325,100,0,0,100,100,1
LIG1,other,299.5401667,189.3644444,79.89764667,568.8022578,52.66156429,33.29178847,14.04664724,100,52.66156429,1
LIMA1,other,45.76713333,0,0,45.76713333,100,0,0,100,100,1
LIN7A,other,56.25933333,0,0,56.25933333,100,0,0,100,100,1
LLGL2,other,125.1344667,57.90596667,63.47279333,246.5132267,50.76176575,23.49000394,25.7482303,100,50.76176575,1
LMAN2,other,314.1990667,55.3971,22.12005333,391.71622,80.21089008,14.14215117,5.646958743,100,80.21089008,1
LMNA,other,411.1401667,226.9901111,387.4586667,1025.588944,40.0882019,22.13265971,37.77913839,100,40.0882019,1
LMNB1,other,216.7453333,141.7734111,161.8470667,520.3658111,41.65249305,27.24495116,31.10255578,100,41.65249305,1
LMNB2,other,113.1746667,76.45683333,20.83413333,210.4656333,53.77346642,36.32746692,9.899066657,100,53.77346642,1
LNPEP,other,27.71286667,0,0,27.71286667,100,0,0,100,100,1
LPP,other,70.6615,28.95283333,7.47838,107.0927133,65.98161331,27.0352972,6.983089481,100,65.98161331,1
LRPAP1,other,62.6755,0,0,62.6755,100,0,0,100,100,1
LRRC57,other,96.04116667,0,0,96.04116667,100,0,0,100,100,1
LRRC8A,other,69.1125,0,0,69.1125,100,0,0,100,100,1
LRRFIP1,other,142.8606667,0,0,142.8606667,100,0,0,100,100,1
LRWD1,other,39.8191,23.42138889,0,63.24048889,62.964567,37.035433,0,100,62.964567,1
LSM1,other,35.36191667,0,0,35.36191667,100,0,0,100,100,1
LSM14A,other,50.43651667,0,0,50.43651667,100,0,0,100,100,1
LSM2,other,63.5913,17.72271111,0,81.31401111,78.20460353,21.79539647,0,100,78.20460353,1
LSM3,other,45.17968333,0,0,45.17968333,100,0,0,100,100,1
LSM4,other,164.1912167,60.73771111,9.257066667,234.1859944,70.11145865,25.93567188,3.952869465,100,70.11145865,1
LSM6,other,67.12651667,0,0,67.12651667,100,0,0,100,100,1
LSM7,other,140.08235,0,0,140.08235,100,0,0,100,100,1
LSM8,other,89.91468333,9.074088889,0,98.98877222,90.83321403,9.166785975,0,100,90.83321403,1
LSS,other,6.706,0,0,6.706,100,0,0,100,100,1
LTA4H,other,530.9561667,101.3389667,0,632.2951333,83.97283779,16.02716221,0,100,83.97283779,1
LTF,other,230.443,25.9427,0,256.3857,89.88137794,10.11862206,0,100,89.88137794,1
LUC7L2,other,337.5975,177.9722222,0,515.5697222,65.48047441,34.51952559,0,100,65.48047441,1
LUM,other,44.80515,0,0,44.80515,100,0,0,100,100,1
LYN,other,30.08363333,0,0,30.08363333,100,0,0,100,100,1
LZIC,other,14.72321667,0,0,14.72321667,100,0,0,100,100,1
M6PR,other,11.61896667,0,0,11.61896667,100,0,0,100,100,1
MAN1B1,other,62.33833333,14.85724444,0,77.19557778,80.75376223,19.24623777,0,100,80.75376223,1
MANF,other,143.8493333,0,0,143.8493333,100,0,0,100,100,1
MAOB,other,68.53133333,0,0,68.53133333,100,0,0,100,100,1
MAP1B,other,136.422,0,0,136.422,100,0,0,100,100,1
MAP1LC3B,other,39.75325,0,0,39.75325,100,0,0,100,100,1
MAP2K1,other,363.062,0,0,363.062,100,0,0,100,100,1
MAP2K2,other,215.6005,116.7018444,18.48029333,350.7826378,61.46270561,33.26899107,5.268303315,100,61.46270561,1
MAP2K4,other,140.2446167,0,0,140.2446167,100,0,0,100,100,1
MAP4,other,174.3363333,51.72086667,0,226.0572,77.12045152,22.87954848,0,100,77.12045152,1
MAP4K5,other,20.15961667,0,0,20.15961667,100,0,0,100,100,1
MAPK1,other,112.8270333,0,0,112.8270333,100,0,0,100,100,1
MAPK12,other,28.67896667,0,0,28.67896667,100,0,0,100,100,1
MAPK14,other,97.46746667,0,0,97.46746667,100,0,0,100,100,1
MAPK8,other,94.11098333,42.34822222,63.18406,199.6432656,47.13957321,21.21194627,31.64848052,100,47.13957321,1
MAPKAPK2,other,31.95915,24.01008889,13.0176,68.98683889,46.32644504,34.80386879,18.86968617,100,46.32644504,1
MAPRE1,other,242.1401667,19.48087778,0,261.6210444,92.55378029,7.44621971,0,100,92.55378029,1
1-Mar,other,19.38136667,0,10.75926,30.14062667,64.30313106,0,35.69686894,100,64.30313106,1
MARCKS,other,102.5724333,0,0,102.5724333,100,0,0,100,100,1
MARCKSL1,other,14.94436667,0,0,14.94436667,100,0,0,100,100,1
MAT2A,other,404.162,35.67981111,0,439.8418111,91.88803561,8.111964395,0,100,91.88803561,1
MAT2B,other,171.0828333,0,0,171.0828333,100,0,0,100,100,1
MBL2,other,16.44045,0,0,16.44045,100,0,0,100,100,1
MBNL1,other,189.958,106.7541111,180.6014667,477.3135778,39.7973175,22.36561374,37.83706877,100,39.7973175,1
MCCC2,other,145.3672833,73.36247778,31.24592,249.9756811,58.15257016,29.34784594,12.4995839,100,58.15257016,1
MCFD2,other,115.0005167,38.56403333,0,153.56455,74.88741162,25.11258838,0,100,74.88741162,1
MCM6,other,464.033,403.6237778,455.9538667,1323.610644,35.05811939,30.49414716,34.44773345,100,35.05811939,1
MCTS1,other,268.3573333,0,0,268.3573333,100,0,0,100,100,1
MDH1,other,65.84946667,52.16455556,0,118.0140222,55.79800216,44.20199784,0,100,55.79800216,1
MDH2,other,576.98,80.03304444,20.23377333,677.2468178,85.19493704,11.81741166,2.987651297,100,85.19493704,1
ME1,other,54.25271667,16.53807778,0,70.79079444,76.63809552,23.36190448,0,100,76.63809552,1
ME2,other,156.3615167,5.382666667,0,161.7441833,96.67211114,3.327888865,0,100,96.67211114,1
MED13,other,30.047,0,0,30.047,100,0,0,100,100,1
MED20,other,59.35923333,0,0,59.35923333,100,0,0,100,100,1
MED8,other,88.39385,70.27775556,20.52738667,179.1989922,49.32720263,39.21771807,11.4550793,100,49.32720263,1
MEN1,other,60.72933333,4.834144444,0,65.56347778,92.62677239,7.373227608,0,100,92.62677239,1
MEPCE,other,219.3485,35.83952222,0,255.1880222,85.9556409,14.0443591,0,100,85.9556409,1
MESD,other,13.23788333,0,0,13.23788333,100,0,0,100,100,1
METAP2,other,397.6998333,54.9294,86.86692,539.4961533,73.71689879,10.18161106,16.10149015,100,73.71689879,1
METTL3,other,68.32931667,41.78288889,0,110.1122056,62.05426212,37.94573788,0,100,62.05426212,1
METTL5,other,31.45676667,0,0,31.45676667,100,0,0,100,100,1
MGME1,other,23.9787,0,0,23.9787,100,0,0,100,100,1
MGMT,other,35.4974,0,0,35.4974,100,0,0,100,100,1
MIA3,other,22.62918333,0,0,22.62918333,100,0,0,100,100,1
MID1IP1,other,21.14628333,0,0,21.14628333,100,0,0,100,100,1
MIF,other,173.8593,0,0,173.8593,100,0,0,100,100,1
MIPEP,other,63.312,0,0,63.312,100,0,0,100,100,1
MKLN1,other,27.84866667,0,0,27.84866667,100,0,0,100,100,1
MLKL,other,38.30453333,23.68983333,0,61.99436667,61.78711937,38.21288063,0,100,61.78711937,1
MNAT1,other,53.39183333,0,0,53.39183333,100,0,0,100,100,1
MOB1B,other,188.5021667,0,0,188.5021667,100,0,0,100,100,1
MOB4,other,29.51895,0,0,29.51895,100,0,0,100,100,1
MOGS,other,153.7931667,147.4186444,139.37788,440.5896911,34.90621087,33.45939486,31.63439427,100,34.90621087,1
MPDU1,other,165.3032,160.994,62.16870667,388.4659067,42.55282051,41.44353397,16.00364552,100,42.55282051,1
MPP7,other,13.562,0,0,13.562,100,0,0,100,100,1
MPST,other,63.31191667,0,0,63.31191667,100,0,0,100,100,1
MRPS22,other,211.5317333,154.1306667,153.8841,519.5465,40.71468739,29.66638533,29.61892728,100,40.71468739,1
MRPS36,other,71.53966667,36.42303333,0,107.9627,66.26331749,33.73668251,0,100,66.26331749,1
MSH2,other,174.31285,162.6928889,138.3695133,475.3752522,36.66847384,34.22409731,29.10742885,100,36.66847384,1
MSN,other,32.86336667,12.291,0,45.15436667,72.78004121,27.21995879,0,100,72.78004121,1
MTA3,other,49.32188333,8.828077778,0,58.14996111,84.81842875,15.18157125,0,100,84.81842875,1
MTAP,other,356.5405,90.31287778,0,446.8533778,79.78914734,20.21085266,0,100,79.78914734,1
MTCH1,other,210.2791667,0,0,210.2791667,100,0,0,100,100,1
MTCH2,other,82.806,0,0,82.806,100,0,0,100,100,1
MT-CO2,other,85.31908333,80.74734444,81.03498,247.1014078,34.52796328,32.67781644,32.79422029,100,34.52796328,1
MTHFD2,other,207.903,145.3904,12.22070667,365.5141067,56.87961045,39.77696,3.343429554,100,56.87961045,1
MTHFS,other,15.50406667,0,0,15.50406667,100,0,0,100,100,1
MTMR9,other,33.92776667,0,0,33.92776667,100,0,0,100,100,1
MT-ND1,other,63.78066667,62.70922222,18.4105,144.9003889,44.0169051,43.27746992,12.70562498,100,44.0169051,1
MTPN,other,102.3132833,0,0,102.3132833,100,0,0,100,100,1
MTR,other,8.861883333,0,0,8.861883333,100,0,0,100,100,1
MTX1,other,105.6669833,0,0,105.6669833,100,0,0,100,100,1
MTX2,other,41.88108333,0,0,41.88108333,100,0,0,100,100,1
MVK,other,46.78145,0,0,46.78145,100,0,0,100,100,1
MYCBP,other,26.3472,22.49547778,0,48.84267778,53.94298838,46.05701162,0,100,53.94298838,1
MYDGF,other,110.1586667,0,0,110.1586667,100,0,0,100,100,1
MYH11,other,535.725,23.24595556,203.5837333,762.5546889,70.25397756,3.048431266,26.69759118,100,70.25397756,1
MYL6,other,951.2855,156.4642333,460.2531333,1568.002867,60.6686072,9.978568066,29.35282474,100,60.6686072,1
MYO1D,other,209.2271,110.7855778,184.7849067,504.7975844,41.44772211,21.94653485,36.60574305,100,41.44772211,1
MYOF,other,747.7106667,139.8247667,174.7978267,1062.33326,70.38381408,13.16204358,16.45414233,100,70.38381408,1
NAA10,other,322.9016667,55.013,0,377.9146667,85.44301006,14.55698994,0,100,85.44301006,1
NAA30,other,11.97156667,7.463811111,4.73528,24.17065778,49.5293375,30.87963588,19.59102662,100,49.5293375,1
NAA50,other,270.5550167,0,0,270.5550167,100,0,0,100,100,1
NAB2,other,41.33495,0,0,41.33495,100,0,0,100,100,1
NAE1,other,40.37148333,0,12.52351333,52.89499667,76.32382244,0,23.67617756,100,76.32382244,1
NAGK,other,34.83568333,11.43668889,0,46.27237222,75.28397975,24.71602025,0,100,75.28397975,1
NAP1L4,other,457.2371667,339.6702222,82.8612,879.7685889,51.97243598,38.6090418,9.418522217,100,51.97243598,1
NAPA,other,92.49883333,0,0,92.49883333,100,0,0,100,100,1
NAPG,other,46.27731667,0,0,46.27731667,100,0,0,100,100,1
NAPRT,other,22.15428333,0,0,22.15428333,100,0,0,100,100,1
NASP,other,290.8993333,111.8882222,6.130173333,408.9177289,71.13884109,27.36203748,1.499121437,100,71.13884109,1
NAV3,other,98.26238333,0,0,98.26238333,100,0,0,100,100,1
NAXE,other,257.0531667,13.37106667,0,270.4242333,95.05552202,4.944477979,0,100,95.05552202,1
NCAPG,other,294.1643333,200.6829,140.6825133,635.5297467,46.28647752,31.57726307,22.13625941,100,46.28647752,1
NCBP2,other,16.8034,0,0,16.8034,100,0,0,100,100,1
NCEH1,other,46.74095,0,0,46.74095,100,0,0,100,100,1
NCK1,other,33.60386667,0,0,33.60386667,100,0,0,100,100,1
NCKAP1,other,250.1998333,159.5860556,210.8492,620.6350889,40.3135172,25.71334725,33.97313555,100,40.3135172,1
NCOR2,other,74.35183333,0,0,74.35183333,100,0,0,100,100,1
NCS1,other,7.82875,0,0,7.82875,100,0,0,100,100,1
NCSTN,other,45.95671667,0,0,45.95671667,100,0,0,100,100,1
NDC1,other,145.0986667,112.713,63.03936667,320.8510333,45.22306354,35.12938663,19.64754983,100,45.22306354,1
NDC80,other,141.5476667,0,0,141.5476667,100,0,0,100,100,1
NDRG1,other,98.30453333,48.89576667,51.75486667,198.9551667,49.4103948,24.57627388,26.01333131,100,49.4103948,1
NDRG3,other,35.93271667,0,0,35.93271667,100,0,0,100,100,1
NDUFA6,other,74.72966667,42.5519,0,117.2815667,63.71816884,36.28183116,0,100,63.71816884,1
NDUFAF3,other,34.16538333,0,7.180066667,41.34545,82.63396174,0,17.36603826,100,82.63396174,1
NDUFAF4,other,100.2668667,22.46961111,55.89712667,178.6336044,56.12990175,12.57860254,31.29149571,100,56.12990175,1
NDUFB11,other,36.49563333,9.615866667,32.4608,78.5723,46.44847272,12.23824002,41.31328725,100,46.44847272,1
NDUFV3,other,47.57426667,0,0,47.57426667,100,0,0,100,100,1
NECAP1,other,19.8455,0,0,19.8455,100,0,0,100,100,1
NECAP2,other,17.02473333,0,0,17.02473333,100,0,0,100,100,1
NEDD1,other,38.84175,10.86056667,0,49.70231667,78.14877174,21.85122826,0,100,78.14877174,1
NEDD8,other,103.626,85.01266667,100.3049333,288.9436,35.86374642,29.42188949,34.7143641,100,35.86374642,1
NELFA,other,56.64008333,0,0,56.64008333,100,0,0,100,100,1
NELFB,other,255.661,52.53586667,48.0344,356.2312667,71.76826515,14.74768545,13.48404941,100,71.76826515,1
NELFCD,other,66.68733333,0,0,66.68733333,100,0,0,100,100,1
NELFE,other,8.47605,0,0,8.47605,100,0,0,100,100,1
NENF,other,34.31686667,0,0,34.31686667,100,0,0,100,100,1
NFKB1,other,153.6035167,17.73307778,55.53435333,226.8709478,67.70523867,7.816372238,24.47838909,100,67.70523867,1
NFKB2,other,206.5085667,104.9764778,49.38810667,360.8731511,57.22469683,29.08957828,13.68572489,100,57.22469683,1
NFS1,other,51.09933333,0,0,51.09933333,100,0,0,100,100,1
NFYC,other,23.13621667,0,0,23.13621667,100,0,0,100,100,1
NHLRC2,other,76.13926667,0,0,76.13926667,100,0,0,100,100,1
NIPBL,other,43.94075,42.84366667,17.71160667,104.4960233,42.05016478,41.00028432,16.9495509,100,42.05016478,1
NIPSNAP1,other,24.9966,4.05723,0,29.05383,86.03547278,13.96452722,0,100,86.03547278,1
NIPSNAP2,other,56.51278333,0,0,56.51278333,100,0,0,100,100,1
NIPSNAP3A,other,6.090468333,0,0,6.090468333,100,0,0,100,100,1
NIT2,other,287.8571167,0,0,287.8571167,100,0,0,100,100,1
NLE1,other,109.2590833,68.944,103.6880333,281.8911167,38.7593212,24.45767033,36.78300847,100,38.7593212,1
NLN,other,80.27813333,0,0,80.27813333,100,0,0,100,100,1
NME1,other,301.8818333,156.7861778,20.55731333,479.2253244,62.99371463,32.71658858,4.289696785,100,62.99371463,1
NMRAL1,other,17.3687,0,0,17.3687,100,0,0,100,100,1
NOL3,other,29.97883333,0,0,29.97883333,100,0,0,100,100,1
NOMO2,other,180.384,156.4483778,74.73193333,411.5643111,43.82887319,38.01310598,18.15802083,100,43.82887319,1
NONO,other,549.9423333,502.1158889,270.3137,1322.371922,41.58756883,37.97085226,20.44157891,100,41.58756883,1
NPC2,other,8.8644,0,0,8.8644,100,0,0,100,100,1
NPLOC4,other,138.0772167,40.64098889,26.61466,205.3328656,67.24555092,19.79273448,12.96171459,100,67.24555092,1
NQO2,other,34.07878333,0,0,34.07878333,100,0,0,100,100,1
NR2C2AP,other,26.35438333,0,0,26.35438333,100,0,0,100,100,1
NRAS,other,128.0041,0,0,128.0041,100,0,0,100,100,1
NRBP1,other,262.9145,61.15955556,0,324.0740556,81.12790749,18.87209251,0,100,81.12790749,1
NRDC,other,104.0570833,0,0,104.0570833,100,0,0,100,100,1
NSDHL,other,109.2393333,0,0,109.2393333,100,0,0,100,100,1
NSF,other,248.5526667,183.0693333,85.37904667,517.0010467,48.07585367,35.40985739,16.51428894,100,48.07585367,1
NSFL1C,other,80.87913333,0,0,80.87913333,100,0,0,100,100,1
NSMCE4A,other,42.9156,0,12.22926,55.14486,77.82339097,0,22.17660903,100,77.82339097,1
NSUN6,other,7.214,0,0,7.214,100,0,0,100,100,1
NT5C,other,115.2903333,22.93443333,0,138.2247667,83.40786974,16.59213026,0,100,83.40786974,1
NT5C2,other,277.5885,132.4899222,10.80835333,420.8867756,65.95324827,31.47875626,2.567995471,100,65.95324827,1
NT5C3A,other,85.42983333,0,0,85.42983333,100,0,0,100,100,1
NT5C3B,other,26.41605,0,0,26.41605,100,0,0,100,100,1
NT5DC1,other,142.7295,0,0,142.7295,100,0,0,100,100,1
NT5DC2,other,129.5533333,55.19708889,0,184.7504222,70.12343018,29.87656982,0,100,70.12343018,1
NTMT1,other,94.346,9.853333333,0,104.1993333,90.54376548,9.456234525,0,100,90.54376548,1
NTPCR,other,44.67603333,0,0,44.67603333,100,0,0,100,100,1
NUB1,other,52.22215,0,0,52.22215,100,0,0,100,100,1
NUBP2,other,354.3581667,227.9925889,335.9376,918.2883556,38.58898619,24.82799521,36.58301861,100,38.58898619,1
NUCB2,other,7.455583333,0,0,7.455583333,100,0,0,100,100,1
NUDCD1,other,46.4712,0,0,46.4712,100,0,0,100,100,1
NUDCD2,other,10.3577,0,0,10.3577,100,0,0,100,100,1
NUDT1,other,45.27346667,0,0,45.27346667,100,0,0,100,100,1
NUDT15,other,139.4636667,0,0,139.4636667,100,0,0,100,100,1
NUDT16L1,other,36.25961667,0,0,36.25961667,100,0,0,100,100,1
NUDT21,other,383.2886667,22.8263,0,406.1149667,94.37935022,5.620649785,0,100,94.37935022,1
NUDT5,other,163.1176667,23.3448,0,186.4624667,87.48016133,12.51983867,0,100,87.48016133,1
NUP205,other,288.53895,196.5874444,202.8977867,688.0241811,41.9373269,28.57275221,29.48992088,100,41.9373269,1
NUP54,other,78.36881667,15.44902222,0,93.81783889,83.53295876,16.46704124,0,100,83.53295876,1
NUP62,other,261.5831667,165.3202222,241.5382933,668.4416822,39.13328172,24.73218332,36.13453496,100,39.13328172,1
NUTF2,other,220.7335,0,0,220.7335,100,0,0,100,100,1
NXN,other,248.0657167,0,15.17682667,263.2425433,94.23466037,0,5.765339627,100,94.23466037,1
OAT,other,90.15261667,62.3689,0,152.5215167,59.10813021,40.89186979,0,100,59.10813021,1
OCIAD1,other,86.65433333,65.74498889,22.50186667,174.9011889,49.54473659,37.58978959,12.86547382,100,49.54473659,1
ODC1,other,201.7975,36.8997,0,238.6972,84.54120953,15.45879047,0,100,84.54120953,1
OGDHL,other,36.3258,26.89308889,0,63.21888889,57.46035819,42.53964181,0,100,57.46035819,1
OGFOD1,other,32.66875,0,0,32.66875,100,0,0,100,100,1
OGFR,other,28.16465,0,0,28.16465,100,0,0,100,100,1
OGT,other,157.5797333,143.9557667,40.10514,341.64064,46.12441112,42.1366049,11.73898398,100,46.12441112,1
OLA1,other,412.9341667,94.35201111,42.369,549.6551778,75.12603963,17.16567312,7.708287252,100,75.12603963,1
ORC2,other,139.1206667,58.0273,11.88556,209.0335267,66.554236,27.75980529,5.685958702,100,66.554236,1
ORC3,other,314.9036667,289.8515556,217.9780467,822.7332689,38.27530484,35.23031905,26.49437611,100,38.27530484,1
ORMDL3,other,32.00173333,0,0,32.00173333,100,0,0,100,100,1
OSBP,other,52.35471667,0,0,52.35471667,100,0,0,100,100,1
OSBPL11,other,58.5995,39.78124444,0,98.38074444,59.56399327,40.43600673,0,100,59.56399327,1
OTC,other,12.0713,0,0,12.0713,100,0,0,100,100,1
OTUD6B,other,91.86516667,0,0,91.86516667,100,0,0,100,100,1
OXCT1,other,390.6636667,196.9545556,221.4059333,809.0241556,48.2882574,24.34470642,27.36703618,100,48.2882574,1
OXSR1,other,25.3448,0,0,25.3448,100,0,0,100,100,1
P4HA2,other,6.018373333,0,0,6.018373333,100,0,0,100,100,1
P4HB,other,440.1498333,380.3768889,145.5682467,966.0949689,45.5596859,39.37261875,15.06769535,100,45.5596859,1
PABPN1,other,269.8485,37.54765556,4.156426667,311.5525822,86.6141112,12.05178763,1.334101177,100,86.6141112,1
PACSIN2,other,9.869283333,0,0,9.869283333,100,0,0,100,100,1
PAFAH1B1,other,233.5079833,214.9261,186.65364,635.0877233,36.7678314,33.84195476,29.39021385,100,36.7678314,1
PAFAH1B2,other,98.34445,17.45831111,0,115.8027611,84.92409771,15.07590229,0,100,84.92409771,1
PAFAH1B3,other,201.5846667,17.3711,0,218.9557667,92.06638845,7.933611553,0,100,92.06638845,1
PAIP1,other,18.34096667,0,0,18.34096667,100,0,0,100,100,1
PAIP2,other,102.0588333,11.89817778,0,113.9570111,89.55906472,10.44093528,0,100,89.55906472,1
PAK1,other,11.95103333,0,0,11.95103333,100,0,0,100,100,1
PAK2,other,535.5653333,51.22044444,0,586.7857778,91.27101467,8.728985327,0,100,91.27101467,1
PAK4,other,14.55721667,0,0,14.55721667,100,0,0,100,100,1
PALLD,other,381.3671667,215.7212222,157.41712,754.5055089,50.54531242,28.59107318,20.8636144,100,50.54531242,1
PAM,other,17.89948333,0,0,17.89948333,100,0,0,100,100,1
PAM16,other,68.78648333,17.79778889,54.13522667,140.7194989,48.88198429,12.64770627,38.47030944,100,48.88198429,1
PAPOLA,other,87.39676667,16.33673333,0,103.7335,84.25124638,15.74875362,0,100,84.25124638,1
PARD3,other,51.06815,0,8.594973333,59.66312333,85.59416126,0,14.40583874,100,85.59416126,1
PARD6B,other,123.284,0,28.71026667,151.9942667,81.11095419,0,18.88904581,100,81.11095419,1
PARK7,other,475.9141667,402.0281111,175.7113933,1053.653671,45.16798828,38.15562192,16.6763898,100,45.16798828,1
PARN,other,142.77855,0,0,142.77855,100,0,0,100,100,1
PARVA,other,34.9845,33.40962222,23.18293333,91.57705556,38.20225469,36.48252504,25.31522027,100,38.20225469,1
PARVB,other,20.61701667,5.057066667,0,25.67408333,80.30283457,19.69716543,0,100,80.30283457,1
PAXX,other,8.512366667,0,0,8.512366667,100,0,0,100,100,1
PBK,other,139.5556333,4.567266667,0,144.1229,96.8309917,3.169008302,0,100,96.8309917,1
PC,other,73.87666667,0,0,73.87666667,100,0,0,100,100,1
PCBD1,other,42.23701667,0,0,42.23701667,100,0,0,100,100,1
PCCA,other,58.14633333,0,0,58.14633333,100,0,0,100,100,1
PCF11,other,47.9194,0,0,47.9194,100,0,0,100,100,1
PCIF1,other,10.19633333,0,0,10.19633333,100,0,0,100,100,1
PCLAF,other,16.16516667,0,0,16.16516667,100,0,0,100,100,1
PCLO,other,45.52,0,1.949996,47.469996,95.89215049,0,4.107849514,100,95.89215049,1
PCMT1,other,141.1436667,0,0,141.1436667,100,0,0,100,100,1
PCNP,other,55.80466667,0,0,55.80466667,100,0,0,100,100,1
PCYOX1,other,34.72733333,0,0,34.72733333,100,0,0,100,100,1
PCYT1A,other,22.79676667,0,0,22.79676667,100,0,0,100,100,1
PCYT2,other,55.9845,0,0,55.9845,100,0,0,100,100,1
PDAP1,other,82.18883333,50.45432222,0,132.6431556,61.96236284,38.03763716,0,100,61.96236284,1
PDCD10,other,34.90851667,0,0,34.90851667,100,0,0,100,100,1
PDCD4,other,7.719,0,0,7.719,100,0,0,100,100,1
PDCD5,other,117.2115,7.353244444,0,124.5647444,94.09684941,5.903150588,0,100,94.09684941,1
PDCD6,other,67.85355,25.17425556,51.04432,144.0721256,47.0969313,17.47336999,35.4296987,100,47.0969313,1
PDCL3,other,170.3705,0,0,170.3705,100,0,0,100,100,1
PDE6D,other,16.93766667,0,0,16.93766667,100,0,0,100,100,1
PDHX,other,106.355,90.48665556,46.38929333,243.2309489,43.72593228,37.20194982,19.0721179,100,43.72593228,1
PDIA3,other,366.8035667,107.1901667,0,473.9937333,77.38574181,22.61425819,0,100,77.38574181,1
PDLIM1,other,29.13025,0,0,29.13025,100,0,0,100,100,1
PDLIM5,other,146.03725,107.0054111,44.80093333,297.8435944,49.03152283,35.92671224,15.04176493,100,49.03152283,1
PDPK1,other,148.3571667,78.00975556,56.43974,282.8066622,52.45886554,27.58412936,19.9570051,100,52.45886554,1
PDPR,other,182.3532333,70.80043333,0,253.1536667,72.03262577,27.96737423,0,100,72.03262577,1
PDXK,other,30.9706,0,0,30.9706,100,0,0,100,100,1
PEBP1,other,268.6201667,0,0,268.6201667,100,0,0,100,100,1
PEF1,other,30.26635,0,0,30.26635,100,0,0,100,100,1
PFAS,other,201.6269833,139.4177778,89.90697333,430.9517344,46.78644201,32.35113509,20.8624229,100,46.78644201,1
PFDN2,other,131.9587167,68.60164444,25.6712,226.2315611,58.32904835,30.32364013,11.34731152,100,58.32904835,1
PFDN4,other,53.70126667,0,0,53.70126667,100,0,0,100,100,1
PFDN5,other,105.62295,0,0,105.62295,100,0,0,100,100,1
PFDN6,other,295.5638833,88.25844444,0,383.8223278,77.00539076,22.99460924,0,100,77.00539076,1
PFN2,other,152.8758333,52.0729,0,204.9487333,74.59223136,25.40776864,0,100,74.59223136,1
PGAM1,other,419.4073333,131.3856444,0,550.7929778,76.14609304,23.85390696,0,100,76.14609304,1
PGD,other,394.7536667,373.0472222,278.9972,1046.798089,37.71058343,35.63697968,26.65243689,100,37.71058343,1
PGM1,other,114.2414333,0,0,114.2414333,100,0,0,100,100,1
PGM2,other,89.96005,0,0,89.96005,100,0,0,100,100,1
PGM2L1,other,36.9002,0,0,36.9002,100,0,0,100,100,1
PGP,other,91.33966667,25.99282222,15.47236,132.8048489,68.77735823,19.57219367,11.6504481,100,68.77735823,1
PGRMC2,other,39.1109,5.633944444,23.07609333,67.82093778,57.6678844,8.307087205,34.02502839,100,57.6678844,1
PHLDA1,other,174.807,53.9118,92.43387333,321.1526733,54.43112093,16.78696909,28.78190998,100,54.43112093,1
PHLDA2,other,70.99283333,55.44766667,69.68146667,196.1219667,36.19830789,28.27203276,35.52965935,100,36.19830789,1
PI4K2A,other,48.52971667,0,0,48.52971667,100,0,0,100,100,1
PICALM,other,199.4411667,0,0,199.4411667,100,0,0,100,100,1
PIK3C3,other,64.29583333,0,0,64.29583333,100,0,0,100,100,1
PIK3CB,other,45.03295,17.04487778,3.971073333,66.04890111,68.18122519,25.80645172,6.012323092,100,68.18122519,1
PIN4,other,51.16015,0,0,51.16015,100,0,0,100,100,1
PIP4K2B,other,39.61055,0,0,39.61055,100,0,0,100,100,1
PIP4K2C,other,15.55975,0,0,15.55975,100,0,0,100,100,1
PIR,other,81.9515,0,0,81.9515,100,0,0,100,100,1
PITHD1,other,71.16916667,0,0,71.16916667,100,0,0,100,100,1
PITPNA,other,61.79516667,0,0,61.79516667,100,0,0,100,100,1
PITPNB,other,57.41103333,0,0,57.41103333,100,0,0,100,100,1
PITRM1,other,129.2038167,0,0,129.2038167,100,0,0,100,100,1
PLBD2,other,24.94228333,0,0,24.94228333,100,0,0,100,100,1
PLCG1,other,46.77238333,0,0,46.77238333,100,0,0,100,100,1
PLIN3,other,31.32361667,0,0,31.32361667,100,0,0,100,100,1
PLOD1,other,128.6851667,88.04752222,79.00086667,295.7335556,43.5138875,29.77258433,26.71352817,100,43.5138875,1
PLPBP,other,149.761,0,0,149.761,100,0,0,100,100,1
PLPP2,other,21.59076667,0,11.69460667,33.28537333,64.86562867,0,35.13437133,100,64.86562867,1
PLS1,other,11.3836,0,0,11.3836,100,0,0,100,100,1
PLS3,other,71.17028333,0,0,71.17028333,100,0,0,100,100,1
PLXNB2,other,112.8643667,0,0,112.8643667,100,0,0,100,100,1
PM20D2,other,156.7381,0,0,156.7381,100,0,0,100,100,1
PMPCA,other,103.6473333,0,0,103.6473333,100,0,0,100,100,1
PMVK,other,14.83231667,4.5798,0,19.41211667,76.40751867,23.59248133,0,100,76.40751867,1
PNP,other,57.28971667,30.97255556,0,88.26227222,64.90849966,35.09150034,0,100,64.90849966,1
PNPO,other,66.01933333,0,0,66.01933333,100,0,0,100,100,1
PNPT1,other,138.0758333,0,0,138.0758333,100,0,0,100,100,1
PODXL,other,76.00596667,4.560988889,0,80.56695556,94.3388839,5.661116096,0,100,94.3388839,1
POFUT2,other,106.3071667,0,0,106.3071667,100,0,0,100,100,1
POLA1,other,95.25733333,37.62368889,70.81064,203.6916622,46.76545534,18.47090277,34.76364188,100,46.76545534,1
POLB,other,14.44478333,0,0,14.44478333,100,0,0,100,100,1
POLDIP2,other,104.8079167,79.93252222,35.71026667,220.4507056,47.5425635,36.25868287,16.19875363,100,47.5425635,1
POLE3,other,39.86255,12.51897778,0,52.38152778,76.10039587,23.89960413,0,100,76.10039587,1
POLR1B,other,156.6535,127.9565444,150.6066533,435.2166978,35.99436805,29.40065147,34.60498048,100,35.99436805,1
POLR2D,other,34.00918333,0,0,34.00918333,100,0,0,100,100,1
POLR2G,other,191.8155,0,0,191.8155,100,0,0,100,100,1
POLR2I,other,30.03246667,25.57404444,0,55.60651111,54.00890303,45.99109697,0,100,54.00890303,1
POMK,other,238.0998333,3.741566667,0,241.8414,98.45288414,1.547115865,0,100,98.45288414,1
POMP,other,438.9798333,4.889422222,9.833266667,453.7025222,96.75499073,1.077671378,2.167337889,100,96.75499073,1
PON2,other,131.8871667,0,0,131.8871667,100,0,0,100,100,1
POP7,other,85.25833333,73.47578889,54.18464,212.9187622,40.04265873,34.50883714,25.44850413,100,40.04265873,1
POR,other,293.3651667,136.5156556,3.464946667,433.3457689,67.6977111,31.50270877,0.799580131,100,67.6977111,1
PPA1,other,235.5886167,131.8839,0,367.4725167,64.11054051,35.88945949,0,100,64.11054051,1
PPA2,other,261.0941667,0,0,261.0941667,100,0,0,100,100,1
PPAT,other,64.9515,0,0,64.9515,100,0,0,100,100,1
PPCDC,other,23.9593,0,0,23.9593,100,0,0,100,100,1
PPCS,other,28.53676667,0,0,28.53676667,100,0,0,100,100,1
PPFIA1,other,30.08313333,0,9.329293333,39.41242667,76.32905628,0,23.67094372,100,76.32905628,1
PPIC,other,44.18388333,0,0,44.18388333,100,0,0,100,100,1
PPID,other,322.236,15.81894444,0,338.0549444,95.32059959,4.679400406,0,100,95.32059959,1
PPIE,other,133.1681667,110.0387778,123.3946067,366.6015511,36.3250418,30.01590622,33.65905199,100,36.3250418,1
PPIF,other,24.80013333,0,0,24.80013333,100,0,0,100,100,1
PPIL1,other,42.94115,0,5.28604,48.22719,89.03929505,0,10.96070495,100,89.03929505,1
PPIL3,other,31.1381,0,11.16244667,42.30054667,73.61157823,0,26.38842177,100,73.61157823,1
PPIL4,other,220.6948333,154.3958,193.1784667,568.2691,38.83632479,27.16948713,33.99418808,100,38.83632479,1
PPM1A,other,13.57491667,0,0,13.57491667,100,0,0,100,100,1
PPM1B,other,11.23158333,0,0,11.23158333,100,0,0,100,100,1
PPP1CB,other,81.67941667,14.95125556,7.356773333,103.9874456,78.54738255,14.37794291,7.074674538,100,78.54738255,1
PPP1CC,other,30.93436667,25.29038889,29.35042,85.57517556,36.14876214,29.55341748,34.29782038,100,36.14876214,1
PPP1R14B,other,80.7505,0,0,80.7505,100,0,0,100,100,1
PPP1R2,other,18.69781667,0,0,18.69781667,100,0,0,100,100,1
PPP1R21,other,31.7075,0,0,31.7075,100,0,0,100,100,1
PPP2CB,other,24.41533333,4.579033333,0,28.99436667,84.20716208,15.79283792,0,100,84.20716208,1
PPP2R1B,other,326.89,228.0544444,231.18994,786.1343844,41.58194915,29.00960052,29.40845033,100,41.58194915,1
PPP2R2A,other,309.0396667,95.20907778,69.8844,474.1331444,65.17993317,20.08066276,14.73940407,100,65.17993317,1
PPP2R5C,other,22.75368333,0,0,22.75368333,100,0,0,100,100,1
PPP2R5D,other,285.9533333,67.43766667,20.12064,373.51164,76.55807817,18.0550375,5.386884328,100,76.55807817,1
PPP2R5E,other,7.043583333,0,0,7.043583333,100,0,0,100,100,1
PPP3CA,other,51.91033333,8.209055556,0,60.11938889,86.34541084,13.65458916,0,100,86.34541084,1
PPP3CB,other,98.7791,14.85182222,0,113.6309222,86.92977058,13.07022942,0,100,86.92977058,1
PPP3R1,other,105.5159333,0,0,105.5159333,100,0,0,100,100,1
PPP4C,other,67.6579,14.52667778,12.96319333,95.14777111,71.10823429,15.26749141,13.62427431,100,71.10823429,1
PPP4R2,other,13.59466667,0,0,13.59466667,100,0,0,100,100,1
PPP5C,other,135.3716667,0,0,135.3716667,100,0,0,100,100,1
PPT1,other,18.09513333,0,0,18.09513333,100,0,0,100,100,1
PPWD1,other,24.95751667,0,0,24.95751667,100,0,0,100,100,1
PRCC,other,40.7874,0,0,40.7874,100,0,0,100,100,1
PRDX1,other,473.7048333,457.5618889,37.78214667,969.0488689,48.88348241,47.21762788,3.898889713,100,48.88348241,1
PRDX2,other,234.3063333,102.4783333,18.45219333,355.23686,65.95777627,28.84788851,5.19433522,100,65.95777627,1
PRDX3,other,215.9858333,168.6726667,24.64093333,409.2994333,52.76963898,41.21009044,6.020270571,100,52.76963898,1
PRDX4,other,277.4241667,77.90957778,26.41094,381.7446844,72.67269931,20.40881798,6.918482713,100,72.67269931,1
PRDX5,other,563.2966667,0,0,563.2966667,100,0,0,100,100,1
PRDX6,other,348.8208333,69.27066667,0,418.0915,83.43169697,16.56830303,0,100,83.43169697,1
PREP,other,409.1496667,0,0,409.1496667,100,0,0,100,100,1
PRKAA1,other,84.67596667,0,10.25824,94.93420667,89.19436907,0,10.80563093,100,89.19436907,1
PRKAB1,other,88.7248,34.1393,82.67606667,205.5401667,43.16664788,16.60955158,40.22380054,100,43.16664788,1
PRKACA,other,227.0050833,54.71422222,0,281.7193056,80.57846191,19.42153809,0,100,80.57846191,1
PRKACB,other,147.741,43.16733333,8.901173333,199.8095067,73.94092627,21.60424399,4.454829744,100,73.94092627,1
PRKAG1,other,23.50051667,0,15.11348,38.61399667,60.86009917,0,39.13990083,100,60.86009917,1
PRKAR1A,other,218.8232833,5.665311111,0,224.4885944,97.47634791,2.523652092,0,100,97.47634791,1
PRKAR1B,other,23.36458333,0,0,23.36458333,100,0,0,100,100,1
PRMT1,other,609.1965,579.7142222,471.7788,1660.689522,36.683347,34.90804358,28.40860942,100,36.683347,1
PROCR,other,92.0995,0,0,92.0995,100,0,0,100,100,1
PRPF38B,other,121.2166667,0,0,121.2166667,100,0,0,100,100,1
PRPF39,other,58.43335,46.59811111,0,105.0314611,55.63413989,44.36586011,0,100,55.63413989,1
PRPSAP1,other,122.2293333,61.48852222,75.07992667,258.7977822,47.229668,23.75929256,29.01103944,100,47.229668,1
PRRC1,other,137.9651,0,0,137.9651,100,0,0,100,100,1
PRRC2B,other,28.3942,23.80588889,25.6854,77.88548889,36.45634175,30.56524293,32.97841532,100,36.45634175,1
PSAP,other,247.5481667,0,14.09817333,261.64634,94.61174449,0,5.388255511,100,94.61174449,1
PSAT1,other,522.6356667,60.24566667,0,582.8813333,89.66416263,10.33583737,0,100,89.66416263,1
PSMA3,other,383.1531667,307.4225556,331.2177,1021.793422,37.49810464,30.08656631,32.41532905,100,37.49810464,1
PSMA4,other,641.06,261.7853333,295.1978,1198.043133,53.50892486,21.85107748,24.63999766,100,53.50892486,1
PSMA6,other,274.7383333,235.4600778,140.9960467,651.1944578,42.18990657,36.15818209,21.65191134,100,42.18990657,1
PSMA7,other,684.4978333,521.5552222,241.3758667,1447.428922,47.29060079,36.03321823,16.67618098,100,47.29060079,1
PSMB2,other,198.0558333,80.7166,35.49774,314.2701733,63.02088144,25.68382457,11.29529399,100,63.02088144,1
PSMB4,other,199.9115,174.2708889,48.8162,422.9985889,47.26055955,41.19892914,11.54051131,100,47.26055955,1
PSMB6,other,290.7233333,220.1281889,0,510.8515222,56.90955604,43.09044396,0,100,56.90955604,1
PSMB7,other,214.11475,174.9856,97.2127,486.31305,44.0281728,35.98209014,19.98973706,100,44.0281728,1
PSMC2,other,316.0741,242.7847778,247.64498,806.5038578,39.19064949,30.10336224,30.70598827,100,39.19064949,1
PSMC5,other,299.4323333,258.0542222,280.0260667,837.5126222,35.75257559,30.81198007,33.43544434,100,35.75257559,1
PSMD11,other,353.9401667,202.2842222,227.8467,784.0710889,45.14133625,25.79921962,29.05944413,100,45.14133625,1
PSMD12,other,470.7013333,373.8411111,222.9565533,1067.498998,44.09384311,35.02027748,20.88587941,100,44.09384311,1
PSMD13,other,336.5526667,123.6043,110.88504,571.0420067,58.93658658,21.64539536,19.41801806,100,58.93658658,1
PSMD14,other,397.975,270.7887778,235.9278,904.6915778,43.99012987,29.93161254,26.07825758,100,43.99012987,1
PSMD3,other,413.5065,227.3527778,268.5075333,909.3668111,45.47191463,25.00121788,29.52686749,100,45.47191463,1
PSMD4,other,290.6281667,192.4262,100.2006067,583.2549733,49.82866498,32.9917804,17.17955461,100,49.82866498,1
PSMD5,other,133.9045667,47.84646667,70.3253,252.0763333,53.12064203,18.9809436,27.89841437,100,53.12064203,1
PSMD6,other,420.8293333,368.5067778,173.6357667,962.9718778,43.70110312,38.26765727,18.03123961,100,43.70110312,1
PSMD7,other,382.7832333,348.9056667,90.85286667,822.5417667,46.5366318,42.41798785,11.04538035,100,46.5366318,1
PSMD8,other,231.2573333,103.6940556,24.85106667,359.8024556,64.27341719,28.8197187,6.906864109,100,64.27341719,1
PSME1,other,355.8623333,49.06066667,0,404.923,87.8839516,12.1160484,0,100,87.8839516,1
PSME2,other,159.0795,24.30347778,0,183.3829778,86.74714629,13.25285371,0,100,86.74714629,1
PSME4,other,51.23016667,30.90988889,4.932926667,87.07298222,58.83589302,35.4988288,5.665278185,100,58.83589302,1
PSMF1,other,101.7743167,0,12.16633333,113.94065,89.32221878,0,10.67778122,100,89.32221878,1
PSMG1,other,84.12066667,21.52853333,8.840913333,114.4901133,73.47417538,18.80383616,7.721988455,100,73.47417538,1
PSMG2,other,191.0625833,57.41555556,26.12693333,274.6050722,69.57722295,20.90841043,9.514366622,100,69.57722295,1
PSMG3,other,28.53151667,0,0,28.53151667,100,0,0,100,100,1
PSPC1,other,150.5808333,63.30118889,4.340006667,218.2220289,69.003498,29.00769882,1.988803188,100,69.003498,1
PTBP3,other,152.9155,72.61291111,21.33332667,246.8617378,61.94378334,29.41440491,8.641811752,100,61.94378334,1
PTDSS2,other,72.41616667,0,6.377993333,78.79416,91.90549993,0,8.094500066,100,91.90549993,1
PTEN,other,31.31866667,0,0,31.31866667,100,0,0,100,100,1
PTER,other,96.92133333,0,0,96.92133333,100,0,0,100,100,1
PTGES2,other,165.5671667,122.3804222,111.8852133,399.8328022,41.40910044,30.60789949,27.98300007,100,41.40910044,1
PTGR1,other,16.30126667,0,0,16.30126667,100,0,0,100,100,1
PTGR2,other,55.42916667,27.79921111,0,83.22837778,66.59887907,33.40112093,0,100,66.59887907,1
PTK7,other,74.36366667,0,0,74.36366667,100,0,0,100,100,1
PTMS,other,21.7366,17.04374444,0,38.78034444,56.0505594,43.9494406,0,100,56.0505594,1
PTPA,other,74.55751667,0,0,74.55751667,100,0,0,100,100,1
PTPN1,other,280.1016667,149.3046778,126.2146133,555.6209578,50.41236525,26.87167856,22.71595619,100,50.41236525,1
PTPN11,other,110.3285,6.666422222,0,116.9949222,94.30195593,5.698044065,0,100,94.30195593,1
PTPN12,other,113.3453333,82.33031111,34.12292667,229.7985711,49.32377638,35.82716407,14.84905955,100,49.32377638,1
PTPN23,other,138.64085,28.21902222,33.11291333,199.9727856,69.32985887,14.11143128,16.55870985,100,69.32985887,1
PTPN6,other,73.35683333,34.52184444,12.17516,120.0538378,61.10328057,28.75530269,10.14141674,100,61.10328057,1
PUDP,other,6.234616667,0,0,6.234616667,100,0,0,100,100,1
PUF60,other,128.5642333,52.35128889,0,180.9155222,71.06313032,28.93686968,0,100,71.06313032,1
PUM1,other,334.4073333,275.8194444,269.7218667,879.9486444,38.00305114,31.34494793,30.65200093,100,38.00305114,1
PUM2,other,23.26163333,0,0,23.26163333,100,0,0,100,100,1
PUS7,other,77.74215,0,0,77.74215,100,0,0,100,100,1
PXN,other,173.2926667,131.3266667,32.04006667,336.6594,51.47418033,39.00876276,9.517056903,100,51.47418033,1
PYGB,other,258.3426667,135.4103333,94.16079333,487.9137933,52.94842454,27.75292176,19.2986537,100,52.94842454,1
PYROXD1,other,24.01761667,0,0,24.01761667,100,0,0,100,100,1
QDPR,other,25.00861667,0,0,25.00861667,100,0,0,100,100,1
QRSL1,other,22.76115,0,0,22.76115,100,0,0,100,100,1
QSOX2,other,118.9501333,116.6987333,32.52035333,268.16922,44.3563707,43.51682618,12.12680312,100,44.3563707,1
QTRT2,other,23.15756667,0,0,23.15756667,100,0,0,100,100,1
RAB10,other,330.3918333,127.1097778,79.11256,536.6141711,61.56971827,23.68736881,14.74291293,100,61.56971827,1
RAB11B,other,102.1324333,76.64426667,56.38100667,235.1577067,43.43146341,32.59270885,23.97582774,100,43.43146341,1
RAB12,other,70.46585,61.44864444,6.184413333,138.0989078,51.02563889,44.49611183,4.478249273,100,51.02563889,1
RAB18,other,41.10516667,0,0,41.10516667,100,0,0,100,100,1
RAB1A,other,144.4242,61.77791111,59.09834,265.3004511,54.43797754,23.28601812,22.27600434,100,54.43797754,1
RAB1B,other,60.53191667,0,0,60.53191667,100,0,0,100,100,1
RAB21,other,38.57926667,21.35225556,0,59.93152222,64.37224558,35.62775442,0,100,64.37224558,1
RAB25,other,13.9626,0,0,13.9626,100,0,0,100,100,1
RAB2A,other,113.4754333,0,0,113.4754333,100,0,0,100,100,1
RAB35,other,80.00833333,33.03021111,55.18404,168.2225844,47.56099402,19.63482562,32.80418036,100,47.56099402,1
RAB3A,other,48.95985,0,0,48.95985,100,0,0,100,100,1
RAB5A,other,27.48533333,0,0,27.48533333,100,0,0,100,100,1
RAB5C,other,93.45068333,72.88311111,13.96636667,180.3001611,51.83061555,40.42320909,7.746175367,100,51.83061555,1
RAB6C,other,20.81738333,0,0,20.81738333,100,0,0,100,100,1
RAB8A,other,384.0641667,200.3776444,69.46182,653.9036311,58.73406239,30.64329894,10.62263867,100,58.73406239,1
RAB9A,other,23.62563333,0,0,23.62563333,100,0,0,100,100,1
RABEP1,other,28.47378333,0,0,28.47378333,100,0,0,100,100,1
RABGGTA,other,11.0359,0,0,11.0359,100,0,0,100,100,1
RABGGTB,other,16.55151667,0,0,16.55151667,100,0,0,100,100,1
RABL2B,other,13.5328,0,0,13.5328,100,0,0,100,100,1
RABL6,other,18.0906,0,0,18.0906,100,0,0,100,100,1
RAC1,other,63.8385,0,0,63.8385,100,0,0,100,100,1
RAC2,other,73.05968333,16.30464444,0,89.36432778,81.75486254,18.24513746,0,100,81.75486254,1
RAD21,other,46.11565,37.05377778,27.49202,110.6614478,41.6727333,33.48390837,24.84335833,100,41.6727333,1
RAD23A,other,22.15665,0,0,22.15665,100,0,0,100,100,1
RAD23B,other,337.5,40.72966667,30.70589333,408.93556,82.53134063,9.959922944,7.508736421,100,82.53134063,1
RAD9A,other,99.17043333,0,0,99.17043333,100,0,0,100,100,1
RALA,other,190.1768833,91.31735556,13.07903333,294.5732722,64.56012859,30.99987819,4.439993226,100,64.56012859,1
RALBP1,other,7.203766667,0,0,7.203766667,100,0,0,100,100,1
RAN,other,427.3431667,116.5426444,10.42859333,554.3144044,77.09400355,21.02464657,1.881349871,100,77.09400355,1
RANBP1,other,306.033,185.1314444,163.2343867,654.3988311,46.76551752,28.29030794,24.94417455,100,46.76551752,1
RANBP3,other,61.28216667,0,0,61.28216667,100,0,0,100,100,1
RANBP9,other,105.8263333,24.38313333,37.38714,167.5966067,63.1434821,14.54870347,22.30781443,100,63.1434821,1
RANGAP1,other,459.5178333,194.6898889,278.2412,932.4489222,49.28075119,20.87941594,29.83983287,100,49.28075119,1
RAP1A,other,98.37178333,76.64824444,16.46642667,191.4864544,51.37271125,40.02802426,8.599264483,100,51.37271125,1
RAP1GDS1,other,185.3088333,16.5231,0,201.8319333,91.8134362,8.186563804,0,100,91.8134362,1
RAP2C,other,40.69928333,0,0,40.69928333,100,0,0,100,100,1
RBBP7,other,162.8752167,144.4655556,78.06302667,385.4037989,42.26092663,37.48420643,20.25486695,100,42.26092663,1
RBFOX2,other,46.46518333,12.68138889,11.85584667,71.00241889,65.44169066,17.86050262,16.69780671,100,65.44169066,1
RBM10,other,51.88703333,0,47.54665333,99.43368667,52.18255007,0,47.81744993,100,52.18255007,1
RBM12,other,456.5611,0,0,456.5611,100,0,0,100,100,1
RBM26,other,54.00113333,0,0,54.00113333,100,0,0,100,100,1
RBM27,other,21.27991667,0,0,21.27991667,100,0,0,100,100,1
RBM7,other,69.30683333,52.15725556,53.73674,175.2008289,39.55850767,29.76998219,30.67151014,100,39.55850767,1
RBP1,other,99.5415,0,0,99.5415,100,0,0,100,100,1
RCC2,other,6.944533333,0,0,6.944533333,100,0,0,100,100,1
RCN1,other,60.97376667,5.071844444,0,66.04561111,92.3206942,7.6793058,0,100,92.3206942,1
RCOR1,other,359.7217167,38.40411111,0,398.1258278,90.35377551,9.646224493,0,100,90.35377551,1
RDH14,other,32.6748,0,0,32.6748,100,0,0,100,100,1
RDX,other,25.63898333,0,0,25.63898333,100,0,0,100,100,1
REEP5,other,101.9133333,51.06955556,0,152.9828889,66.61747211,33.38252789,0,100,66.61747211,1
REEP6,other,75.82366667,0,0,75.82366667,100,0,0,100,100,1
REPS1,other,88.40033333,24.21517778,28.01041333,140.6259244,62.86204602,17.21956878,19.91838521,100,62.86204602,1
RETSAT,other,33.14363333,0,0,33.14363333,100,0,0,100,100,1
RFK,other,122.1256667,0,0,122.1256667,100,0,0,100,100,1
RGS10,other,34.35846667,0,0,34.35846667,100,0,0,100,100,1
RHEB,other,151.7438333,0,0,151.7438333,100,0,0,100,100,1
RHOA,other,84.6616,47.32514444,0,131.9867444,64.14401716,35.85598284,0,100,64.14401716,1
RHOC,other,53.211,0,0,53.211,100,0,0,100,100,1
RIDA,other,20.15563333,0,0,20.15563333,100,0,0,100,100,1
RIOX2,other,50.49838333,0,0,50.49838333,100,0,0,100,100,1
RIPK1,other,56.86733333,56.30017778,0,113.1675111,50.25058232,49.74941768,0,100,50.25058232,1
RMDN1,other,234.7031667,9.741488889,36.62713333,281.0717889,83.50292557,3.465836585,13.03123785,100,83.50292557,1
RNASEH2A,other,97.806,5.901622222,0,103.7076222,94.30936502,5.690634975,0,100,94.30936502,1
RNASET2,other,9.9477,0,0,9.9477,100,0,0,100,100,1
RNF25,other,18.46326667,0,0,18.46326667,100,0,0,100,100,1
RNF40,other,21.8402,6.331888889,0,28.17208889,77.5242478,22.4757522,0,100,77.5242478,1
RNMT,other,21.06755,0,0,21.06755,100,0,0,100,100,1
RNPEP,other,319.9421667,0,0,319.9421667,100,0,0,100,100,1
ROCK1,other,40.86053333,0,0,40.86053333,100,0,0,100,100,1
ROCK2,other,132.85665,17.10001111,0,149.9566611,88.59669788,11.40330212,0,100,88.59669788,1
RPA3,other,124.6379833,107.1784556,95.32508,327.1415189,38.09910272,32.76210733,29.13878994,100,38.09910272,1
RPAP2,other,70.62533333,59.60311111,0,130.2284444,54.23187971,45.76812029,0,100,54.23187971,1
RPAP3,other,50.191265,9.827322222,0,60.01858722,83.62620202,16.37379798,0,100,83.62620202,1
RPE,other,22.47151667,0,0,22.47151667,100,0,0,100,100,1
RPIA,other,19.49931667,0,0,19.49931667,100,0,0,100,100,1
RPN1,other,409.6631667,284.3327778,359.7446,1053.740544,38.8770432,26.98318664,34.13977016,100,38.8770432,1
RPP14,other,119.2476667,25.40142222,66.97984,211.6289289,56.34752644,12.00281188,31.64966168,100,56.34752644,1
RPP40,other,160.3675,0,0,160.3675,100,0,0,100,100,1
RPRD1A,other,53.52166667,0,0,53.52166667,100,0,0,100,100,1
RPRD1B,other,71.89993333,0,0,71.89993333,100,0,0,100,100,1
RPS6KA1,other,63.94583333,0,0,63.94583333,100,0,0,100,100,1
RPS6KA3,other,79.1485,0,0,79.1485,100,0,0,100,100,1
RPS6KA4,other,156.5188667,0,0,156.5188667,100,0,0,100,100,1
RPS6KA5,other,32.66523333,0,0,32.66523333,100,0,0,100,100,1
RPS6KB1,other,7.080883333,0,0,7.080883333,100,0,0,100,100,1
RPUSD2,other,43.42183333,0,0,43.42183333,100,0,0,100,100,1
RRAGD,other,60.39866667,0,0,60.39866667,100,0,0,100,100,1
RRAS2,other,34.76735,0,0,34.76735,100,0,0,100,100,1
RRM2,other,329.6493667,183.4219111,94.55295333,607.6242311,54.2521759,30.18673412,15.56108998,100,54.2521759,1
RRM2B,other,42.2599,0,0,42.2599,100,0,0,100,100,1
RRN3,other,38.85385,0,0,38.85385,100,0,0,100,100,1
RSU1,other,151.4701667,55.4034,32.367,239.2405667,63.31291084,23.15802908,13.52906008,100,63.31291084,1
RTFDC1,other,176.4444333,158.5460444,114.9325,449.9229778,39.2165864,35.23848576,25.54492784,100,39.2165864,1
RTN3,other,48.02575,0,0,48.02575,100,0,0,100,100,1
RTN4,other,166.4740833,91.30783333,43.28394,301.0658567,55.2949063,30.32819276,14.37690095,100,55.2949063,1
RUFY1,other,53.72883333,0,0,53.72883333,100,0,0,100,100,1
RUVBL1,other,611.3918333,315.0142222,560.7172,1487.123256,41.11238467,21.18279175,37.70482359,100,41.11238467,1
RWDD1,other,53.74936667,26.37263333,0,80.122,67.08440462,32.91559538,0,100,67.08440462,1
RXRB,other,32.80125,0,17.85992667,50.66117667,64.74632482,0,35.25367518,100,64.74632482,1
S100A10,other,76.89238333,12.85658889,0,89.74897222,85.67494583,14.32505417,0,100,85.67494583,1
S100A11,other,157.0902833,0,0,157.0902833,100,0,0,100,100,1
S100A13,other,105.9072667,30.60851111,0,136.5157778,77.57877396,22.42122604,0,100,77.57877396,1
S100A14,other,25.61388333,0,0,25.61388333,100,0,0,100,100,1
S100A16,other,72.33716667,0,0,72.33716667,100,0,0,100,100,1
S100A4,other,216.9598333,15.20642222,0,232.1662556,93.45020137,6.549798629,0,100,93.45020137,1
S100A6,other,251.5698333,234.2137778,46.51246667,532.2960778,47.26126001,44.0006582,8.738081795,100,47.26126001,1
SAAL1,other,87.7202,18.26048889,9.048886667,115.0295756,76.25882263,15.87460338,7.866573986,100,76.25882263,1
SACM1L,other,225.11,120.2237778,0,345.3337778,65.18620954,34.81379046,0,100,65.18620954,1
SAP30,other,21.93225,0,0,21.93225,100,0,0,100,100,1
SAP30BP,other,100.9332,0,0,100.9332,100,0,0,100,100,1
SAR1A,other,300.1372,61.78411111,0,361.9213111,82.92885519,17.07114481,0,100,82.92885519,1
SAR1B,other,23.09873333,0,0,23.09873333,100,0,0,100,100,1
SARS2,other,89.118,0,0,89.118,100,0,0,100,100,1
SCAF4,other,19.29843333,0,0,19.29843333,100,0,0,100,100,1
SCAF8,other,49.87215,0,0,49.87215,100,0,0,100,100,1
SCAMP3,other,16.67666667,0,9.307173333,25.98384,64.18091655,0,35.81908345,100,64.18091655,1
SCARB1,other,42.16346667,0,0,42.16346667,100,0,0,100,100,1
SCARB2,other,73.90433333,0,0,73.90433333,100,0,0,100,100,1
SCLY,other,21.57226667,0,0,21.57226667,100,0,0,100,100,1
SCP2,other,51.7099,0,0,51.7099,100,0,0,100,100,1
SCPEP1,other,47.30928333,0,0,47.30928333,100,0,0,100,100,1
SCRN1,other,182.3875,89.73075556,27.4508,299.5690556,60.88329105,29.95327918,9.163429764,100,60.88329105,1
SDF2,other,14.72355,0,0,14.72355,100,0,0,100,100,1
SDF2L1,other,162.8756667,128.6371222,6.7035,298.2162889,54.61662315,43.13551171,2.24786514,100,54.61662315,1
SDF4,other,157.7955,17.03692222,4.865126667,179.6975489,87.81171528,9.480887373,2.707397344,100,87.81171528,1
SDHB,other,174.28055,0,0,174.28055,100,0,0,100,100,1
SDR39U1,other,61.6895,0,0,61.6895,100,0,0,100,100,1
SEC11A,other,75.27133333,3.991533333,0,79.26286667,94.96418247,5.035817529,0,100,94.96418247,1
SEC11C,other,7.02505,0,0,7.02505,100,0,0,100,100,1
SEC24A,other,120.5005,87.35107778,45.03931333,252.8908911,47.64920534,34.54101387,17.80978079,100,47.64920534,1
SEC31A,other,309.2978333,12.12812222,0,321.4259556,96.22677571,3.773224288,0,100,96.22677571,1
SEL1L,other,107.4663333,42.81343333,0,150.2797667,71.51084655,28.48915345,0,100,71.51084655,1
SELENOF,other,81.21033333,0,0,81.21033333,100,0,0,100,100,1
SELENOI,other,25.12135,18.35171111,0,43.47306111,57.78601589,42.21398411,0,100,57.78601589,1
10-Sep,other,15.48395,0,0,15.48395,100,0,0,100,100,1
11-Sep,other,92.953,0,0,92.953,100,0,0,100,100,1
2-Sep,other,92.01006667,56.55434444,0,148.5644111,61.93277783,38.06722217,0,100,61.93277783,1
7-Sep,other,142.8233,0,0,142.8233,100,0,0,100,100,1
8-Sep,other,205.107,0,0,205.107,100,0,0,100,100,1
SERPINA7,other,228.4621667,0,0,228.4621667,100,0,0,100,100,1
SERPINB6,other,33.2146,0,0,33.2146,100,0,0,100,100,1
SERPINB9,other,168.8939667,13.09294444,0,181.9869111,92.80555708,7.194442921,0,100,92.80555708,1
SERPINC1,other,178.6121667,0,0,178.6121667,100,0,0,100,100,1
SERPINH1,other,278.11355,261.0541111,23.05283333,562.2204944,49.46698897,46.4326921,4.100318925,100,49.46698897,1
SETD3,other,61.22876667,0,0,61.22876667,100,0,0,100,100,1
SF1,other,254.4713333,90.63676667,142.9353867,488.0434867,52.14111863,18.57145298,29.28742839,100,52.14111863,1
SF3A1,other,123.8449667,31.72125556,0,155.5662222,79.60916251,20.39083749,0,100,79.60916251,1
SF3A2,other,152.55565,0,0,152.55565,100,0,0,100,100,1
SF3A3,other,148.5136667,67.84846667,31.74973333,248.1118667,59.85754275,27.34591762,12.79653963,100,59.85754275,1
SF3B3,other,259.5718333,169.5902444,224.9478667,654.1099444,39.6832116,25.92687145,34.38991695,100,39.6832116,1
SF3B5,other,47.7668,0,0,47.7668,100,0,0,100,100,1
SF3B6,other,171.1296667,12.40062222,110.1214067,293.6516956,58.2764102,4.222901625,37.50068817,100,58.2764102,1
SFN,other,161.10105,119.1048333,15.03054,295.2364233,54.56679368,40.34218813,5.091018185,100,54.56679368,1
SGTA,other,394.6951667,10.82324444,0,405.5184111,97.33101034,2.668989656,0,100,97.33101034,1
SH2D4A,other,17.88686667,0,0,17.88686667,100,0,0,100,100,1
SH3BGRL,other,54.20166667,0,0,54.20166667,100,0,0,100,100,1
SH3BGRL3,other,69.60726667,21.30964444,0,90.91691111,76.56140735,23.43859265,0,100,76.56140735,1
SH3GLB1,other,14.22398333,0,0,14.22398333,100,0,0,100,100,1
SH3GLB2,other,52.09916667,0,0,52.09916667,100,0,0,100,100,1
SH3KBP1,other,55.96,0,0,55.96,100,0,0,100,100,1
SH3RF1,other,7.068,0,0,7.068,100,0,0,100,100,1
SHMT2,other,262.0631667,165.5889222,7.406513333,435.0586022,60.23629123,38.06129137,1.702417397,100,60.23629123,1
SHPK,other,36.21128333,0,0,36.21128333,100,0,0,100,100,1
SHTN1,other,203.4695833,0,0,203.4695833,100,0,0,100,100,1
SIK3,other,61.30048333,54.961,0,116.2614833,52.72639018,47.27360982,0,100,52.72639018,1
SIL1,other,56.81033333,0,0,56.81033333,100,0,0,100,100,1
SIRT1,other,43.66148333,38.53587778,18.91404667,101.1114078,43.18156012,38.11229477,18.70614511,100,43.18156012,1
SKA1,other,37.32038333,0,0,37.32038333,100,0,0,100,100,1
SKA3,other,25.69848333,18.71211111,0,44.41059444,57.86565943,42.13434057,0,100,57.86565943,1
SLAIN2,other,10.2738,0,0,10.2738,100,0,0,100,100,1
SLC12A2,other,58.51516667,44.94688889,21.99601333,125.4580689,46.64121422,35.82622408,17.5325617,100,46.64121422,1
SLC1A5,other,293.5151667,81.69422222,0,375.2093889,78.22703145,21.77296855,0,100,78.22703145,1
SLC25A24,other,182.06825,117.5797222,39.40413333,339.0521056,53.69919461,34.67895356,11.62185183,100,53.69919461,1
SLC27A4,other,112.4625,77.83713333,56.62516667,246.9248,45.54524292,31.52260661,22.93215046,100,45.54524292,1
SLC29A1,other,171.9833333,0,0,171.9833333,100,0,0,100,100,1
SLC2A1,other,340.3928333,163.4823333,180.7077267,684.5828933,49.72266129,23.8805753,26.39676341,100,49.72266129,1
SLC35A4,other,7.973066667,0,0,7.973066667,100,0,0,100,100,1
SLC35F2,other,15.84558333,0,0,15.84558333,100,0,0,100,100,1
SLC38A1,other,96.15236667,19.11027778,24.8726,140.1352444,68.61397862,13.63702461,17.74899676,100,68.61397862,1
SLC38A5,other,263.3093333,0,47.19633333,310.5056667,84.80017005,0,15.19982995,100,84.80017005,1
SLC39A14,other,61.10266667,4.298746667,0,65.40141333,93.42713491,6.572865092,0,100,93.42713491,1
SLC4A1AP,other,21.14195,13.12741111,0,34.26936111,61.69344661,38.30655339,0,100,61.69344661,1
SLC7A1,other,14.83888333,0,0,14.83888333,100,0,0,100,100,1
SLC7A5,other,259.77025,179.9996667,74.98019333,514.75011,50.46531219,34.96835905,14.56632876,100,50.46531219,1
SLC9A3R1,other,63.04431667,0,0,63.04431667,100,0,0,100,100,1
SLC9A3R2,other,52.3215,0,0,52.3215,100,0,0,100,100,1
SLK,other,123.15815,13.30617778,0,136.4643278,90.24933622,9.750663777,0,100,90.24933622,1
SMAD4,other,39.6322,0,0,39.6322,100,0,0,100,100,1
SMAP,other,99.26383333,0,0,99.26383333,100,0,0,100,100,1
SMARCB1,other,181.929,34.74707778,156.4498667,373.1259444,48.75806754,9.312426084,41.92950638,100,48.75806754,1
SMARCD1,other,42.07171667,29.4019,13.43319333,84.90681,49.55046205,34.62843558,15.82110237,100,49.55046205,1
SMARCD2,other,155.0326667,62.92801111,39.92942667,257.8901044,60.1157873,24.40109567,15.48311702,100,60.1157873,1
SMC1A,other,123.7210667,94.59055556,95.39242,313.7040422,39.43878625,30.15280099,30.40841276,100,39.43878625,1
SMC4,other,138.2189167,86.00478889,74.37396,298.5976656,46.28934939,28.80290063,24.90774999,100,46.28934939,1
SMCHD1,other,156.3533333,114.0525556,0,270.4058889,57.82171904,42.17828096,0,100,57.82171904,1
SMIM11A,other,43.28378333,0,0,43.28378333,100,0,0,100,100,1
SMNDC1,other,151.9161667,0,0,151.9161667,100,0,0,100,100,1
SMS,other,163.39895,108.9912444,79.67486667,352.0650611,46.41157787,30.95769972,22.63072241,100,46.41157787,1
SMYD5,other,45.40936667,34.18678889,0,79.59615556,57.04969838,42.95030162,0,100,57.04969838,1
SNAP23,other,7.80545,0,0,7.80545,100,0,0,100,100,1
SNF8,other,18.79493333,0,0,18.79493333,100,0,0,100,100,1
SNRPA,other,136.52365,104.4293667,35.70151333,276.65453,49.34806237,37.74721009,12.90472754,100,49.34806237,1
SNRPB2,other,116.3895,79.08693333,56.13464667,251.61108,46.25770058,31.43221409,22.31008534,100,46.25770058,1
SNRPC,other,35.60238333,34.80255556,4.62584,75.03077889,47.45037151,46.38437195,6.165256537,100,47.45037151,1
SNRPD2,other,383.5415,226.6832222,183.1952067,793.4199289,48.34029069,28.57039683,23.08931248,100,48.34029069,1
SNRPD3,other,618.108,537.2501111,277.4772667,1432.835378,43.13880084,37.49559227,19.36560689,100,43.13880084,1
SNRPF,other,41.23418333,40.74421778,11.17053333,93.14893444,44.26694044,43.74093812,11.99212143,100,44.26694044,1
SNX1,other,108.1788333,0,0,108.1788333,100,0,0,100,100,1
SNX12,other,6.765833333,0,0,6.765833333,100,0,0,100,100,1
SNX2,other,82.47633333,0,0,82.47633333,100,0,0,100,100,1
SNX3,other,104.9576667,0,0,104.9576667,100,0,0,100,100,1
SNX4,other,18.76731667,0,0,18.76731667,100,0,0,100,100,1
SNX5,other,69.72433333,0,0,69.72433333,100,0,0,100,100,1
SNX6,other,19.43678333,0,0,19.43678333,100,0,0,100,100,1
SNX8,other,58.50383333,0,0,58.50383333,100,0,0,100,100,1
SOD1,other,309.2571667,104.2838444,0,413.5410111,74.78270797,25.21729203,0,100,74.78270797,1
SOD2,other,164.4095,0,0,164.4095,100,0,0,100,100,1
SORBS3,other,18.64976667,0,0,18.64976667,100,0,0,100,100,1
SPAG9,other,85.3181,0,0,85.3181,100,0,0,100,100,1
SPCS2,other,39.47058333,0,0,39.47058333,100,0,0,100,100,1
SPIN1,other,15.27728333,0,0,15.27728333,100,0,0,100,100,1
SPIRE2,other,38.22336667,0,0,38.22336667,100,0,0,100,100,1
SPR,other,134.993,111.2931111,113.15534,359.4414511,37.55632512,30.96279262,31.48088226,100,37.55632512,1
SPTBN1,other,128.9206667,101.3252222,0,230.2458889,55.99260308,44.00739692,0,100,55.99260308,1
SQLE,other,34.76565,0,0,34.76565,100,0,0,100,100,1
SRA1,other,65.93466667,0,0,65.93466667,100,0,0,100,100,1
SRC,other,9.4726,0,0,9.4726,100,0,0,100,100,1
SRCAP,other,79.886,70.24253333,51.10450667,201.23304,39.69825233,34.9060638,25.39568386,100,39.69825233,1
SREK1,other,19.2217,0,0,19.2217,100,0,0,100,100,1
SRI,other,50.61865,0,0,50.61865,100,0,0,100,100,1
SRM,other,139.7008833,67.51678889,44.15773333,251.3754056,55.57460286,26.85894777,17.56644937,100,55.57460286,1
SRP9,other,8.582966667,0,0,8.582966667,100,0,0,100,100,1
SRPRA,other,145.1551833,118.8155778,134.8702467,398.8410078,36.39424746,29.790211,33.81554154,100,36.39424746,1
SRPRB,other,248.6598333,175.4783333,156.0401333,580.1783,42.85920955,30.24558715,26.89520331,100,42.85920955,1
SRSF11,other,254.2216667,0,0,254.2216667,100,0,0,100,100,1
SRXN1,other,28.08756667,0,0,28.08756667,100,0,0,100,100,1
SSH3,other,19.14335,0,0,19.14335,100,0,0,100,100,1
SSR4,other,118.4753167,83.25967778,27.8274,229.5623944,51.60920061,36.26886624,12.12193315,100,51.60920061,1
ST14,other,86.6564,0,0,86.6564,100,0,0,100,100,1
ST8SIA5,other,51.27275,0,0,51.27275,100,0,0,100,100,1
STAG2,other,113.0793333,0,57.72822,170.8075533,66.20277097,0,33.79722903,100,66.20277097,1
STAM,other,53.30105,0,0,53.30105,100,0,0,100,100,1
STAT1,other,167.9243333,92.8095,38.10018,298.8340133,56.19317944,31.05720763,12.74961293,100,56.19317944,1
STAT3,other,63.09566667,22.17643333,0,85.2721,73.99333037,26.00666963,0,100,73.99333037,1
STIM1,other,48.50848333,0,0,48.50848333,100,0,0,100,100,1
STIP1,other,538.8946667,163.5231222,51.85042667,754.2682156,71.44602617,21.67970476,6.874269073,100,71.44602617,1
STK10,other,27.08256667,21.19492222,0,48.27748889,56.09771198,43.90228802,0,100,56.09771198,1
STMN1,other,253.9826667,94.31586667,0,348.2985333,72.92096933,27.07903067,0,100,72.92096933,1
STRIP1,other,6.35256,0,0,6.35256,100,0,0,100,100,1
STRN3,other,20.40505,19.17364444,7.3445,46.92319444,43.48606322,40.86176287,15.65217391,100,43.48606322,1
STT3A,other,267.0463333,168.8775556,234.317,670.2408889,39.84333659,25.19654625,34.96011716,100,39.84333659,1
STT3B,other,122.4665,116.3402111,86.74786,325.5545711,37.61781,35.73600909,26.64618092,100,37.61781,1
STXBP2,other,154.6466667,0,0,154.6466667,100,0,0,100,100,1
SUCLG2,other,162.2853333,74.14211111,0,236.4274444,68.64064945,31.35935055,0,100,68.64064945,1
SUGCT,other,24.84616667,0,0,24.84616667,100,0,0,100,100,1
SUGP1,other,84.13416667,0,0,84.13416667,100,0,0,100,100,1
SULT1A2,other,7.735333333,0,0,7.735333333,100,0,0,100,100,1
SUMF2,other,41.41663333,0,0,41.41663333,100,0,0,100,100,1
SUPT5H,other,61.51043333,0,0,61.51043333,100,0,0,100,100,1
SUPT6H,other,122.1928167,0,0,122.1928167,100,0,0,100,100,1
SUZ12,other,181.2378333,81.09141111,135.0584667,397.3877111,45.60730699,20.40611948,33.98657354,100,45.60730699,1
SWAP70,other,54.18075,8.906588889,0,63.08733889,85.88212937,14.11787063,0,100,85.88212937,1
SYAP1,other,44.21086667,0,0,44.21086667,100,0,0,100,100,1
SYMPK,other,215.9383667,80.05566667,28.58286667,324.5769,66.52918512,24.66462236,8.806192513,100,66.52918512,1
SYPL1,other,16.89043333,0,0,16.89043333,100,0,0,100,100,1
SYT1,other,56.86446667,0,11.9193,68.78376667,82.67134736,0,17.32865264,100,82.67134736,1
TAF15,other,332.6835,154.8861111,251.9683,739.5379111,44.98532056,20.94363369,34.07104575,100,44.98532056,1
TAF6,other,27.40041667,0,4.525673333,31.92609,85.82452993,0,14.17547007,100,85.82452993,1
TAF8,other,13.35905,0,0,13.35905,100,0,0,100,100,1
TAGLN,other,19.77201667,0,0,19.77201667,100,0,0,100,100,1
TAGLN2,other,59.64051667,0,0,59.64051667,100,0,0,100,100,1
TALDO1,other,254.8226667,0,0,254.8226667,100,0,0,100,100,1
TARS,other,346.1328333,233.0195222,165.3232667,744.4756222,46.49350805,31.299819,22.20667296,100,46.49350805,1
TAX1BP3,other,85.16911667,0,0,85.16911667,100,0,0,100,100,1
TBC1D15,other,98.05393333,45.83668889,11.97884667,155.8694689,62.90772275,29.40709891,7.685178343,100,62.90772275,1
TBC1D23,other,21.94661667,0,0,21.94661667,100,0,0,100,100,1
TBC1D4,other,91.1539,40.77503333,0,131.9289333,69.0931835,30.9068165,0,100,69.0931835,1
TBC1D5,other,12.1659,0,7.522213333,19.68811333,61.79312255,0,38.20687745,100,61.79312255,1
TBC1D8B,other,146.7423333,44.61688889,42.31026667,233.6694889,62.79909886,19.0940157,18.10688544,100,62.79909886,1
TBCB,other,215.9168,207.7366667,60.51034667,484.1638133,44.59581531,42.90627696,12.49790773,100,44.59581531,1
TBCE,other,112.2203333,60.93453333,0,173.1548667,64.80922858,35.19077142,0,100,64.80922858,1
TBK1,other,146.6166667,56.54011111,0,203.1567778,72.16922235,27.83077765,0,100,72.16922235,1
TBRG4,other,163.7784667,96.97997778,126.10064,386.8590844,42.33543253,25.06855382,32.59601366,100,42.33543253,1
TCEA1,other,69.50595,0,0,69.50595,100,0,0,100,100,1
TCERG1,other,118.7291667,0,0,118.7291667,100,0,0,100,100,1
TCTN3,other,29.3275,0,0,29.3275,100,0,0,100,100,1
TDP1,other,24.60011667,0,0,24.60011667,100,0,0,100,100,1
TERF2,other,144.2058333,0,0,144.2058333,100,0,0,100,100,1
TFG,other,206.7946667,107.3037444,38.52681333,352.6252244,58.64432047,30.42996842,10.92571111,100,58.64432047,1
TFRC,other,438.8656667,310.9745556,186.4214667,936.2616889,46.87425235,33.21449112,19.91125653,100,46.87425235,1
TGFBRAP1,other,16.67628333,0,0,16.67628333,100,0,0,100,100,1
THADA,other,90.351,79.3006,20.60477333,190.2563733,47.4890793,41.68091644,10.83000426,100,47.4890793,1
THG1L,other,45.85906667,0,0,45.85906667,100,0,0,100,100,1
THOP1,other,105.7418333,0,0,105.7418333,100,0,0,100,100,1
THUMPD1,other,85.90838333,14.80358889,12.3622,113.0741722,75.9752485,13.09192771,10.93282379,100,75.9752485,1
THYN1,other,48.36535,0,0,48.36535,100,0,0,100,100,1
TICRR,other,12.10383333,0,0,12.10383333,100,0,0,100,100,1
TIGAR,other,168.0375,0,0,168.0375,100,0,0,100,100,1
TIMM13,other,76.36083333,31.03455556,0,107.3953889,71.10252509,28.89747491,0,100,71.10252509,1
TIMM17A,other,9.244866667,0,0,9.244866667,100,0,0,100,100,1
TJP1,other,47.72441667,7.230833333,0,54.95525,86.84232474,13.15767526,0,100,86.84232474,1
TK1,other,239.2235,77.27494444,38.72313333,355.2215778,67.34486725,21.75401194,10.90112081,100,67.34486725,1
TKFC,other,80.20045,0,0,80.20045,100,0,0,100,100,1
TKT,other,503.133,257.7286667,188.9355333,949.7972,52.97267669,27.13512597,19.89219734,100,52.97267669,1
TLK2,other,149.8175,0,0,149.8175,100,0,0,100,100,1
TLN1,other,177.3281167,129.6504111,80.63302667,387.6115544,45.74892431,33.44854136,20.80253433,100,45.74892431,1
TM9SF2,other,208.1818333,35.8984,25.10966667,269.1899,77.33642062,13.33571579,9.327863589,100,77.33642062,1
TM9SF3,other,163.325,107.0206667,46.59406667,316.9397333,51.53187904,33.76688228,14.70123868,100,51.53187904,1
TMED2,other,277.5381667,177.625,131.4732267,586.6363933,47.31008335,30.27855108,22.41136557,100,47.31008335,1
TMED4,other,22.9765,0,0,22.9765,100,0,0,100,100,1
TMED9,other,156.9971667,61.61003333,38.02949333,256.6366933,61.17487123,24.00671258,14.8184162,100,61.17487123,1
TMEM14C,other,27.08155,0,0,27.08155,100,0,0,100,100,1
TMEM165,other,106.82595,51.77667778,73.18112667,231.7837544,46.08862699,22.33835495,31.57301807,100,46.08862699,1
TMEM167A,other,66.06695,17.67182222,0,83.73877222,78.89648755,21.10351245,0,100,78.89648755,1
TMEM205,other,15.60505,0,0,15.60505,100,0,0,100,100,1
TMEM209,other,45.8377,11.70103333,31.90149333,89.44022667,51.2495347,13.08251753,35.66794777,100,51.2495347,1
TMEM214,other,62.36033333,0,0,62.36033333,100,0,0,100,100,1
TMEM245,other,7.96275,0,0,7.96275,100,0,0,100,100,1
TMEM263,other,31.97251667,0,0,31.97251667,100,0,0,100,100,1
TMEM70,other,183.9403333,91.23786667,49.04684667,324.2250467,56.73230222,28.14028947,15.12740831,100,56.73230222,1
TMEM87A,other,91.9,0,0,91.9,100,0,0,100,100,1
TMF1,other,11.82155,0,0,11.82155,100,0,0,100,100,1
TMOD3,other,324.9211667,0,0,324.9211667,100,0,0,100,100,1
TMSB4Y,other,83.19,0,0,83.19,100,0,0,100,100,1
TMX1,other,216.8737667,65.27096667,74.65414667,356.79888,60.78319715,18.29348979,20.92331306,100,60.78319715,1
TMX2,other,39.69658333,37.49077778,0,77.18736111,51.42886447,48.57113553,0,100,51.42886447,1
TMX3,other,69.4507,11.48212222,0,80.93282222,85.81277422,14.18722578,0,100,85.81277422,1
TMX4,other,42.19645,0,0,42.19645,100,0,0,100,100,1
TNFAIP8,other,35.01816667,0,0,35.01816667,100,0,0,100,100,1
TNFRSF10A,other,9.859533333,0,0,9.859533333,100,0,0,100,100,1
TNPO1,other,277.8323,132.7528778,43.41055333,453.9957311,61.19711728,29.24099693,9.561885797,100,61.19711728,1
TNPO2,other,113.9958333,18.77197778,14.08026,146.8480711,77.62841723,12.7832648,9.588317976,100,77.62841723,1
TOLLIP,other,9.496733333,0,0,9.496733333,100,0,0,100,100,1
TOM1L1,other,21.46403333,0,0,21.46403333,100,0,0,100,100,1
TOMM20,other,102.0821667,91.82872222,66.80140667,260.7122956,39.15510254,35.22224452,25.62265294,100,39.15510254,1
TOMM22,other,87.16566667,26.49902222,8.28362,121.9483089,71.47755263,21.72971685,6.792730523,100,71.47755263,1
TOMM40,other,64.44116667,46.87974444,14.04932667,125.3702378,51.40068952,37.39304102,11.20626946,100,51.40068952,1
TOMM6,other,40.19471667,0,0,40.19471667,100,0,0,100,100,1
TOR1A,other,114.7225,0,0,114.7225,100,0,0,100,100,1
TOR1AIP2,other,167.1966167,0,0,167.1966167,100,0,0,100,100,1
TP53RK,other,16.937,0,0,16.937,100,0,0,100,100,1
TPD52,other,29.9309,12.73846667,0,42.66936667,70.14610794,29.85389206,0,100,70.14610794,1
TPD52L1,other,55.99173333,0,0,55.99173333,100,0,0,100,100,1
TPD52L2,other,44.96503333,20.25795556,0,65.22298889,68.94046731,31.05953269,0,100,68.94046731,1
TPI1,other,333.2301667,190.0024889,86.811,610.0436556,54.62398693,31.14572001,14.23029306,100,54.62398693,1
TPM3,other,88.73971667,40.56377778,6.04084,135.3443344,65.56588943,29.97079851,4.463312059,100,65.56588943,1
TPM4,other,53.626,0,0,53.626,100,0,0,100,100,1
TPP2,other,151.0182833,137.1431111,131.2553067,419.4167011,36.00674054,32.69853364,31.29472582,100,36.00674054,1
TPR,other,125.1346333,20.22918889,88.4586,233.8224222,53.51695194,8.651517975,37.83153008,100,53.51695194,1
TPRG1L,other,7.53825,0,0,7.53825,100,0,0,100,100,1
TPT1,other,323.7698333,175.1717778,0,498.9416111,64.89132719,35.10867281,0,100,64.89132719,1
TPX2,other,34.18073333,0,3.221553333,37.40228667,91.38674766,0,8.613252345,100,91.38674766,1
TRAF6,other,28.36898333,0,0,28.36898333,100,0,0,100,100,1
TRAP1,other,380.3446667,141.6922111,0,522.0368778,72.85781577,27.14218423,0,100,72.85781577,1
TRAPPC2L,other,44.6424,11.57914444,0,56.22154444,79.40443551,20.59556449,0,100,79.40443551,1
TRAPPC4,other,54.63066667,0,0,54.63066667,100,0,0,100,100,1
TRAPPC5,other,18.47868333,0,0,18.47868333,100,0,0,100,100,1
TRAPPC9,other,68.69766667,0,17.62836,86.32602667,79.57932193,0,20.42067807,100,79.57932193,1
TRIM24,other,15.77216667,0,0,15.77216667,100,0,0,100,100,1
TRIM33,other,133.9631833,109.8871111,0,243.8502944,54.93665023,45.06334977,0,100,54.93665023,1
TRIM72,other,413.222,21.10286667,0,434.3248667,95.14122532,4.858774684,0,100,95.14122532,1
TRIP10,other,40.12748333,0,0,40.12748333,100,0,0,100,100,1
TRIR,other,18.63085,0,0,18.63085,100,0,0,100,100,1
TRMT5,other,39.83115,0,0,39.83115,100,0,0,100,100,1
TRNT1,other,21.64618333,0,0,21.64618333,100,0,0,100,100,1
TSC22D3,other,11.00983333,0,0,11.00983333,100,0,0,100,100,1
TSEN54,other,72.5185,0,0,72.5185,100,0,0,100,100,1
TSG101,other,50.05958333,18.09875556,0,68.15833889,73.44601431,26.55398569,0,100,73.44601431,1
TSN,other,137.646,0,0,137.646,100,0,0,100,100,1
TSNAX,other,85.44228333,0,0,85.44228333,100,0,0,100,100,1
TST,other,8.0538,0,0,8.0538,100,0,0,100,100,1
TSTA3,other,80.6135,0,0,80.6135,100,0,0,100,100,1
TTC1,other,39.05656667,0,0,39.05656667,100,0,0,100,100,1
TTC19,other,10.22718333,7.602055556,0,17.82923889,57.36186159,42.63813841,0,100,57.36186159,1
TTC4,other,74.72133333,0,0,74.72133333,100,0,0,100,100,1
TTC9C,other,43.653,0,0,43.653,100,0,0,100,100,1
TTF2,other,136.8555,125.7958444,67.21414667,329.8654911,41.48827437,38.13549699,20.37622864,100,41.48827437,1
TTN,other,237.5675,152.0864444,114.3514533,504.0053978,47.13590391,30.17555866,22.68853743,100,47.13590391,1
TWF1,other,306.3142333,136.8818889,0,443.1961222,69.11482704,30.88517296,0,100,69.11482704,1
TWF2,other,119.2620667,0,0,119.2620667,100,0,0,100,100,1
TXLNA,other,19.38066667,0,0,19.38066667,100,0,0,100,100,1
TXN,other,204.8408,172.2202222,0,377.0610222,54.32563642,45.67436358,0,100,54.32563642,1
TXN2,other,44.59791667,0,0,44.59791667,100,0,0,100,100,1
TXNDC12,other,178.9046333,18.65134444,0,197.5559778,90.55895719,9.441042814,0,100,90.55895719,1
TXNDC17,other,400.0108333,235.491,134.3182133,769.8200467,51.96160259,30.5903959,17.44800151,100,51.96160259,1
TXNDC5,other,193.9415,91.14847778,0,285.0899778,68.02817185,31.97182815,0,100,68.02817185,1
TXNRD1,other,348.1816667,126.3478778,0,474.5295444,73.3740756,26.6259244,0,100,73.3740756,1
TYMS,other,109.5681333,0,0,109.5681333,100,0,0,100,100,1
U2SURP,other,263.6431667,181.1806667,160.5942933,605.4181267,43.54728659,29.92653485,26.52617856,100,43.54728659,1
UAP1,other,49.55608333,0,0,49.55608333,100,0,0,100,100,1
UBA1,other,95.25203333,82.46856667,48.2876,226.0082,42.14538824,36.48919228,21.36541948,100,42.14538824,1
UBA2,other,115.5856667,0,0,115.5856667,100,0,0,100,100,1
UBA3,other,31.85081667,0,0,31.85081667,100,0,0,100,100,1
UBA6,other,295.3251667,0,0,295.3251667,100,0,0,100,100,1
UBAC1,other,48.44821667,0,0,48.44821667,100,0,0,100,100,1
UBAP1,other,22.3574,0,0,22.3574,100,0,0,100,100,1
UBAP2,other,39.20428333,0,0,39.20428333,100,0,0,100,100,1
UBE2A,other,9.186233333,0,0,9.186233333,100,0,0,100,100,1
UBE2B,other,9.617183333,0,0,9.617183333,100,0,0,100,100,1
UBE2C,other,186.2403333,0,0,186.2403333,100,0,0,100,100,1
UBE2D2,other,38.01703333,0,0,38.01703333,100,0,0,100,100,1
UBE2G1,other,40.55235,0,0,40.55235,100,0,0,100,100,1
UBE2K,other,306.6525,19.26133333,0,325.9138333,94.09005345,5.909946545,0,100,94.09005345,1
UBE2L3,other,313.7746667,109.5047,0,423.2793667,74.12945005,25.87054995,0,100,74.12945005,1
UBE2N,other,296.4345,69.32955556,0,365.7640556,81.04527919,18.95472081,0,100,81.04527919,1
UBE2O,other,423.1846667,75.63033333,50.379,549.194,77.05558813,13.77115069,9.173261179,100,77.05558813,1
UBE2Q1,other,14.97506667,0,0,14.97506667,100,0,0,100,100,1
UBE2S,other,233.6781833,11.66792222,0,245.3461056,95.24430103,4.755698973,0,100,95.24430103,1
UBE2T,other,55.88283333,0,0,55.88283333,100,0,0,100,100,1
UBE2V1,other,229.4521667,0,0,229.4521667,100,0,0,100,100,1
UBE2V2,other,110.5795667,0,0,110.5795667,100,0,0,100,100,1
UBE2Z,other,55.37446667,12.21744444,9.169286667,76.76119778,72.13861726,15.91617223,11.94521051,100,72.13861726,1
UBE4B,other,82.33376667,72.42038889,20.84966667,175.6038222,46.88609031,41.24078165,11.87312805,100,46.88609031,1
UBFD1,other,37.36861667,0,0,37.36861667,100,0,0,100,100,1
UBL4A,other,82.361,0,0,82.361,100,0,0,100,100,1
UBL7,other,16.09486667,0,0,16.09486667,100,0,0,100,100,1
UBQLN1,other,90.69033333,3.997137778,0,94.68747111,95.77859908,4.221400921,0,100,95.77859908,1
UBQLN2,other,65.50363333,4.387955556,0,69.89158889,93.72176878,6.278231223,0,100,93.72176878,1
UBQLN4,other,6.898983333,0,0,6.898983333,100,0,0,100,100,1
UBXN1,other,185.24485,163.3251667,39.25053333,387.82055,47.76560964,42.11359266,10.12079771,100,47.76560964,1
UBXN4,other,86.72846667,11.64847778,0,98.37694444,88.15934176,11.84065824,0,100,88.15934176,1
UBXN7,other,138.2898333,0,0,138.2898333,100,0,0,100,100,1
UCHL3,other,54.73341667,0,0,54.73341667,100,0,0,100,100,1
UCHL5,other,179.2415,136.5180667,136.4817333,452.2413,39.6340405,30.18699678,30.17896272,100,39.6340405,1
UFC1,other,23.66913333,0,0,23.66913333,100,0,0,100,100,1
UFD1,other,95.26006667,54.81866667,0,150.0787333,63.47339463,36.52660537,0,100,63.47339463,1
UFM1,other,115.1251667,104.3322222,95.04172,314.4991089,36.60588008,33.17409152,30.22002839,100,36.60588008,1
UGGT1,other,69.66766667,36.88121111,47.14093333,153.6898111,45.33004899,23.99717382,30.67277719,100,45.33004899,1
UGP2,other,379.7416667,0,0,379.7416667,100,0,0,100,100,1
UGT8,other,58.1365,47.29944444,0,105.4359444,55.13916559,44.86083441,0,100,55.13916559,1
UNC93B1,other,329.1661667,165.2294444,142.9129333,637.3085444,51.64941998,25.92613043,22.4244496,100,51.64941998,1
UNG,other,17.91648333,0,0,17.91648333,100,0,0,100,100,1
UQCC1,other,29.98493333,0,0,29.98493333,100,0,0,100,100,1
UQCC2,other,17.47658333,0,0,17.47658333,100,0,0,100,100,1
UQCR10,other,137.5355833,11.8006,77.07035333,226.4065367,60.74717866,5.212128666,34.04069267,100,60.74717866,1
UQCRC2,other,304.0014667,208.6598889,303.8523333,816.5136889,37.23164361,25.55497743,37.21337896,100,37.23164361,1
UQCRFS1,other,58.82735,14.11915556,36.16854,109.1150456,53.9131425,12.93969634,33.14716116,100,53.9131425,1
URGCP,other,184.7618333,81.02077778,0,265.7826111,69.51614801,30.48385199,0,100,69.51614801,1
URI1,other,196.9521667,74.989,0,271.9411667,72.42455016,27.57544984,0,100,72.42455016,1
USO1,other,224.3951667,207.6477778,31.05406667,463.0970111,48.45532605,44.83893715,6.705736794,100,48.45532605,1
USP10,other,322.7936667,125.4977111,137.2368,585.5281778,55.12863068,21.4332488,23.43812052,100,55.12863068,1
USP11,other,116.288,79.75261111,14.13475333,210.1753644,55.32903455,37.94574655,6.7252189,100,55.32903455,1
USP15,other,63.45425,0,0,63.45425,100,0,0,100,100,1
USP19,other,61.41033333,7.921033333,0,69.33136667,88.57510862,11.42489138,0,100,88.57510862,1
USP32,other,25.09726667,0,17.81966667,42.91693333,58.4787046,0,41.5212954,100,58.4787046,1
USP47,other,17.76036667,0,0,17.76036667,100,0,0,100,100,1
USP5,other,215.8803333,200.3622,109.604,525.8465333,41.05386641,38.10278994,20.84334365,100,41.05386641,1
USP7,other,458.225,278.9233333,231.2103333,968.3586667,47.31976031,28.80372149,23.8765182,100,47.31976031,1
USP8,other,180.3683333,0,0,180.3683333,100,0,0,100,100,1
UXT,other,13.68188333,0,0,13.68188333,100,0,0,100,100,1
VAC14,other,42.72901667,0,0,42.72901667,100,0,0,100,100,1
VAMP7,other,8.718433333,0,0,8.718433333,100,0,0,100,100,1
VAPA,other,433.219,327.4585556,212.9743333,973.6518889,44.49423916,33.6319951,21.87376574,100,44.49423916,1
VAPB,other,14.72256667,0,0,14.72256667,100,0,0,100,100,1
VASP,other,76.18578333,0,0,76.18578333,100,0,0,100,100,1
VAT1,other,187.9122,71.53955556,0,259.4517556,72.42664425,27.57335575,0,100,72.42664425,1
VAV2,other,178.513,100.5323778,99.78342667,378.8288044,47.12234073,26.5376805,26.33997877,100,47.12234073,1
VBP1,other,100.2238167,0,0,100.2238167,100,0,0,100,100,1
VCP,other,302.8148333,192.3260667,180.4184,675.5593,44.82431569,28.46916128,26.70652302,100,44.82431569,1
VPS13C,other,55.67433333,0,0,55.67433333,100,0,0,100,100,1
VPS25,other,36.7289,0,0,36.7289,100,0,0,100,100,1
VPS29,other,50.47633333,0,0,50.47633333,100,0,0,100,100,1
VPS33A,other,56.0695,0,2.661106667,58.73060667,95.46896104,0,4.531038955,100,95.46896104,1
VPS36,other,20.04398333,0,0,20.04398333,100,0,0,100,100,1
VPS37A,other,41.21133333,0,0,41.21133333,100,0,0,100,100,1
VPS37B,other,122.9226667,0,0,122.9226667,100,0,0,100,100,1
VPS37C,other,59.04566667,0,0,59.04566667,100,0,0,100,100,1
VPS4A,other,146.1503333,73.81091111,87.72468667,307.6859311,47.49984271,23.98904326,28.51111403,100,47.49984271,1
VPS4B,other,464.5536667,439.5468889,344.3071333,1248.407689,37.21169541,35.20860155,27.57970304,100,37.21169541,1
VRK1,other,53.7135,0,0,53.7135,100,0,0,100,100,1
VTA1,other,97.6621,31.42021111,9.934546667,139.0168578,70.25198351,22.60172731,7.146289181,100,70.25198351,1
VTI1A,other,18.77216667,0,0,18.77216667,100,0,0,100,100,1
VWA8,other,65.28816667,62.879,19.14905333,147.31622,44.31838304,42.68301209,12.99860486,100,44.31838304,1
WASF2,other,79.69083333,0,0,79.69083333,100,0,0,100,100,1
WASHC2A,other,15.84266667,0,0,15.84266667,100,0,0,100,100,1
WASHC5,other,127.4847,0,0,127.4847,100,0,0,100,100,1
WBP11,other,22.5976,0,0,22.5976,100,0,0,100,100,1
WBP2,other,14.21546667,0,0,14.21546667,100,0,0,100,100,1
WDCP,other,29.99218333,0,0,29.99218333,100,0,0,100,100,1
WDR1,other,378.177,346.7744444,356.5238067,1081.475251,34.96862269,32.064945,32.96643232,100,34.96862269,1
WDR12,other,188.3776667,157.8845111,25.23448,371.4966578,50.70776889,42.4995778,6.792653304,100,50.70776889,1
WDR4,other,36.8815,0,0,36.8815,100,0,0,100,100,1
WDR43,other,64.53733333,41.15,0,105.6873333,61.0643975,38.9356025,0,100,61.0643975,1
WDR44,other,15.77753333,0,0,15.77753333,100,0,0,100,100,1
WDR48,other,32.02636667,0,0,32.02636667,100,0,0,100,100,1
WDR5,other,87.224,0,31.01404,118.23804,73.76982907,0,26.23017093,100,73.76982907,1
WDR92,other,159.7686667,19.63542222,0,179.4040889,89.05519805,10.94480195,0,100,89.05519805,1
WIPI2,other,84.49266667,39.89632222,47.22443333,171.6134222,49.23429973,23.24778663,27.51791365,100,49.23429973,1
WRAP53,other,181.3339167,84.28966667,74.17860667,339.80219,53.36455208,24.80551013,21.82993778,100,53.36455208,1
WRNIP1,other,159.2761667,135.3167222,103.62694,398.2198289,39.99704563,33.98040791,26.02254646,100,39.99704563,1
WTAP,other,102.0953333,0,0,102.0953333,100,0,0,100,100,1
WWTR1,other,13.72095,0,0,13.72095,100,0,0,100,100,1
XPA,other,22.37488333,0,0,22.37488333,100,0,0,100,100,1
XPNPEP1,other,36.93758333,0,0,36.93758333,100,0,0,100,100,1
XPNPEP3,other,67.4295,0,0,67.4295,100,0,0,100,100,1
XPO4,other,187.0095,25.80025556,0,212.8097556,87.87637555,12.12362445,0,100,87.87637555,1
XPO7,other,72.60483333,21.71042222,0,94.31525556,76.98100684,23.01899316,0,100,76.98100684,1
XRCC1,other,23.5555,0,0,23.5555,100,0,0,100,100,1
XRCC4,other,57.639,0,0,57.639,100,0,0,100,100,1
YAP1,other,43.45646667,0,0,43.45646667,100,0,0,100,100,1
YARS,other,182.1986667,71.99466667,0,254.1933333,71.67720108,28.32279892,0,100,71.67720108,1
YBX1,other,338.0341667,159.8239667,167.0523667,664.9105,50.83904776,24.03691424,25.124038,100,50.83904776,1
YEATS4,other,6.44585,0,0,6.44585,100,0,0,100,100,1
YES1,other,32.64145,0,0,32.64145,100,0,0,100,100,1
YIF1A,other,39.54255,0,0,39.54255,100,0,0,100,100,1
YIPF4,other,17.33951667,0,0,17.33951667,100,0,0,100,100,1
YRDC,other,18.708,0,0,18.708,100,0,0,100,100,1
YTHDF1,other,21.26938333,0,0,21.26938333,100,0,0,100,100,1
YWHAG,other,454.8531667,326.8664444,113.0732867,894.7928978,50.83334566,36.52984341,12.63681093,100,50.83334566,1
YWHAQ,other,140.874,104.1084778,68.45728,313.4397578,44.94452172,33.21482843,21.84064985,100,44.94452172,1
YY1,other,112.5395333,24.3695,0,136.9090333,82.20022492,17.79977508,0,100,82.20022492,1
ZBTB21,other,86.4275,0,27.86573333,114.2932333,75.61908739,0,24.38091261,100,75.61908739,1
ZC3H14,other,7.48155,0,0,7.48155,100,0,0,100,100,1
ZC3H15,other,205.2931667,46.89796667,5.571066667,257.7622,79.64440351,18.19427622,2.161320266,100,79.64440351,1
ZC3HAV1L,other,20.58876667,0,0,20.58876667,100,0,0,100,100,1
ZC3HC1,other,107.2949,94.94066667,0,202.2355667,53.05441657,46.94558343,0,100,53.05441657,1
ZCCHC8,other,110.567,42.77767778,109.5528867,262.8975644,42.05706517,16.27161433,41.6713205,100,42.05706517,1
ZFAND2B,other,33.59563333,0,0,33.59563333,100,0,0,100,100,1
ZFAND5,other,8.723716667,0,0,8.723716667,100,0,0,100,100,1
ZFAND6,other,19.40063333,0,0,19.40063333,100,0,0,100,100,1
ZFYVE16,other,78.51166667,65.812,0,144.3236667,54.3997173,45.6002827,0,100,54.3997173,1
ZNF207,other,89.00636667,0,0,89.00636667,100,0,0,100,100,1
ZNF638,other,109.7523333,39.01141111,102.6911667,251.4549111,43.64692376,15.51427687,40.83879937,100,43.64692376,1
ZPR1,other,286.7769167,0,0,286.7769167,100,0,0,100,100,1
ZYX,other,77.48768333,0,0,77.48768333,100,0,0,100,100,1
EIF5B,other,399.2326667,214.2135444,0,613.4462111,65.08030524,34.91969476,0,100,65.08030524,1
AAGAB,other,87.6435,152.6213556,51.13832667,291.4031822,30.07637025,52.37463585,17.5489939,100,52.37463585,2
AAMP,other,110.2755,128.5248222,12.2962,251.0965222,43.91757362,51.18542506,4.897001317,100,51.18542506,2
AAR2,other,79.1175,213.4272222,87.66576,380.2104822,20.80886869,56.13396584,23.05716546,100,56.13396584,2
AARSD1,other,33.71363333,185.6301111,101.3939,320.7376444,10.51128046,57.87599751,31.61272204,100,57.87599751,2
ABCB4,other,0,26.2977,0,26.2977,0,100,0,100,100,2
ABCC4,other,0,7.073666667,0,7.073666667,0,100,0,100,100,2
ABCD3,other,107.3851667,250.9777778,231.0387333,589.4016778,18.21935205,42.58178883,39.19885912,100,42.58178883,2
ABHD12,other,0,24.29672222,4.503066667,28.79978889,0,84.36423724,15.63576276,100,84.36423724,2
ABI1,other,75.59833333,131.5156667,59.23279333,266.3467933,28.38342162,49.37760467,22.2389737,100,49.37760467,2
ACACB,other,72.80716667,257.917,104.7417333,435.4659,16.71937267,59.22782932,24.05279801,100,59.22782932,2
ACADM,other,89.56628333,144.6482556,111.0441333,345.2586722,25.94179105,41.89561833,32.16259062,100,41.89561833,2
ACADSB,other,69.26893333,154.4111111,34.73089333,258.4109378,26.80572809,59.75409262,13.44017929,100,59.75409262,2
ACAT2,other,140.1598167,282.9603333,103.7954,526.91555,26.60005321,53.70126832,19.69867847,100,53.70126832,2
ACBD6,other,0,41.84111111,0,41.84111111,0,100,0,100,100,2
ACD,other,0,43.29066667,4.52888,47.81954667,0,90.52922849,9.470771506,100,90.52922849,2
ACIN1,other,0,120.8895111,58.34341333,179.2329244,0,67.4482724,32.5517276,100,67.4482724,2
ACOT11,other,0,144.1421333,98.42833333,242.5704667,0,59.42278766,40.57721234,100,59.42278766,2
ACP1,other,20.56196667,338.6797778,305.7353333,664.9770778,3.092131647,50.93104546,45.97682289,100,50.93104546,2
ACSL1,other,48.14085,189.0451222,70.36974667,307.5557189,15.65272471,61.46695074,22.88032455,100,61.46695074,2
ACSL4,other,7.4463,227.0435556,101.0790933,335.5689489,2.219007457,67.65928621,30.12170633,100,67.65928621,2
ACSL6,other,0,71.98433333,0,71.98433333,0,100,0,100,100,2
ACTA1,other,1042.055667,1963.441111,1758.780667,4764.277444,21.87227085,41.21172904,36.91600011,100,41.21172904,2
ACTL6A,other,58.73981667,117.5165333,109.5910467,285.8473967,20.54936213,41.11163324,38.33900464,100,41.11163324,2
ACTN1,other,57.40661667,77.33145556,0,134.7380722,42.60608432,57.39391568,0,100,57.39391568,2
ACTR10,other,102.1375,216.7658778,40.406,359.3093778,28.42606019,60.32847768,11.24546213,100,60.32847768,2
ACTR1A,other,475.984,482.7797778,392.6338667,1351.397644,35.22160942,35.72447975,29.05391084,100,35.72447975,2
ACTR3,other,219.78225,471.4362222,292.03304,983.2515122,22.3525972,47.94665621,29.70074659,100,47.94665621,2
ACTR8,other,0,10.76743333,0,10.76743333,0,100,0,100,100,2
ADGRG6,other,0,39.99633333,0,39.99633333,0,100,0,100,100,2
AGAP3,other,71.49733333,81.69961111,77.47736,230.6743044,30.99492746,35.41773381,33.58733873,100,35.41773381,2
AGL,other,72.363,96.43293333,84.66673333,253.4626667,28.5497667,38.04620799,33.40402531,100,38.04620799,2
AGPAT5,other,0,49.86141111,0,49.86141111,0,100,0,100,100,2
AGPS,other,101.1092333,232.9078889,197.2218667,531.2389889,19.03272076,43.84239368,37.12488556,100,43.84239368,2
AHR,other,0,31.083,0,31.083,0,100,0,100,100,2
AHSA1,other,212.949,249.5245556,230.9104733,693.3840289,30.71155249,35.98648731,33.3019602,100,35.98648731,2
AK4,other,105.0132,117.6142556,73.60897333,296.2364289,35.44911758,39.70283331,24.84804911,100,39.70283331,2
AK6,other,16.7767,213.6547222,91.17752,321.6089422,5.216490525,66.43307886,28.35043061,100,66.43307886,2
AKAP11,other,0,188.4361111,78.8639,267.3000111,0,70.49611047,29.50388953,100,70.49611047,2
AKAP13,other,0,16.8599,0,16.8599,0,100,0,100,100,2
AKAP9,other,0,28.45757778,0,28.45757778,0,100,0,100,100,2
ALAS1,other,0,54.33066667,0,54.33066667,0,100,0,100,100,2
ALDH16A1,other,19.79978333,197.5195556,49.91857333,267.2379122,7.409047305,73.91150227,18.67945043,100,73.91150227,2
ALDH9A1,other,97.37751667,165.6634444,102.9346333,365.9755944,26.60765312,45.26625462,28.12609226,100,45.26625462,2
ALG11,other,0,23.72943333,0,23.72943333,0,100,0,100,100,2
ALG3,other,0,64.18457778,23.9122,88.09677778,0,72.85689601,27.14310399,100,72.85689601,2
ALYREF,other,56.42753333,493.8235556,483.7705333,1034.021622,5.457094138,47.7575657,46.78534016,100,47.7575657,2
AMBRA1,other,0,18.68685556,0,18.68685556,0,100,0,100,100,2
ANAPC13,other,0,13.08406667,0,13.08406667,0,100,0,100,100,2
ANAPC4,other,11.41396667,147.7911111,27.67076667,186.8758444,6.10778065,79.08518704,14.80703231,100,79.08518704,2
ANAPC5,other,0,200.0468556,195.27448,395.3213356,0,50.60360713,49.39639287,100,50.60360713,2
ANAPC7,other,51.99203333,255.8835556,111.3869867,419.2625756,12.40082859,61.03181406,26.56735735,100,61.03181406,2
ANKFY1,other,36.14858333,158.0139333,155.61236,349.7748767,10.33481412,45.17589566,44.48929022,100,45.17589566,2
ANKLE2,other,40.69203333,224.0785778,29.61458667,294.3851978,13.82271719,76.11747448,10.05980834,100,76.11747448,2
ANKMY2,other,10.75515,73.14508889,0,83.90023889,12.81897423,87.18102577,0,100,87.18102577,2
ANKRD11,other,0,6.124944444,0,6.124944444,0,100,0,100,100,2
ANXA7,other,0,5.951633333,0,5.951633333,0,100,0,100,100,2
AP1G1,other,138.5954167,162.5290222,146.9381,448.0625389,30.93215894,36.27373594,32.79410512,100,36.27373594,2
AP3S1,other,192.7185,411.4096667,260.33792,864.4660867,22.29335575,47.5911864,30.11545785,100,47.5911864,2
APC2,other,0,69.61458889,38.48753333,108.1021222,0,64.39706035,35.60293965,100,64.39706035,2
APOBEC3C,other,0,73.94422222,0,73.94422222,0,100,0,100,100,2
AQR,other,84.90816667,309.67,148.5924667,543.1706333,15.63195089,57.01155051,27.35649859,100,57.01155051,2
ARF1,other,17.3438,445.1462222,0,462.4900222,3.750091714,96.24990829,0,100,96.24990829,2
ARFGEF2,other,131.8055,239.2655,0,371.071,35.52029127,64.47970873,0,100,64.47970873,2
ARHGAP35,other,67.60566667,227.3628556,133.29962,428.2681422,15.78582668,53.08890229,31.12527103,100,53.08890229,2
ARHGAP8,other,0,52.87933333,42.09218,94.97151333,0,55.67915207,44.32084793,100,55.67915207,2
ARHGEF1,other,84.72065,138.2651,82.38246667,305.3682167,27.74376814,45.27815681,26.97807505,100,45.27815681,2
ARHGEF2,other,155.4471,283.9984444,88.68562667,528.1311711,29.43342649,53.77422504,16.79234848,100,53.77422504,2
ARHGEF6,other,0,93.11277778,0,93.11277778,0,100,0,100,100,2
ARIH2,other,0,25.79202222,0,25.79202222,0,100,0,100,100,2
ARMC6,other,75.5845,258.8654444,89.44991333,423.8998578,17.83074436,61.06759408,21.10166156,100,61.06759408,2
ARMC8,other,0,27.53328889,0,27.53328889,0,100,0,100,100,2
ARPC3,other,62.0237,196.8852667,89.16641333,348.07538,17.81904253,56.56397378,25.61698369,100,56.56397378,2
ARRB2,other,21.86978333,24.71468889,0,46.58447222,46.94650876,53.05349124,0,100,53.05349124,2
ASCC2,other,0,162.7182222,79.81803333,242.5362556,0,67.09026733,32.90973267,100,67.09026733,2
ASCC3,other,0,387.6427667,240.1604667,627.8032333,0,61.7459016,38.2540984,100,61.7459016,2
ASDURF,other,11.35753333,14.17432222,0,25.53185556,44.48377561,55.51622439,0,100,55.51622439,2
ASH2L,other,99.91558333,142.3695444,108.8631333,351.1482611,28.45395931,40.54399814,31.00204255,100,40.54399814,2
ASNS,other,314.6681667,773.508,615.2613333,1703.4375,18.4725396,45.40865162,36.11880878,100,45.40865162,2
ASXL1,other,0,4.523933333,0,4.523933333,0,100,0,100,100,2
ATG16L1,other,40.15286667,88.22333333,20.76932667,149.1455267,26.9219383,59.15251721,13.92554449,100,59.15251721,2
ATG5,other,69.6765,221.3532222,136.8077333,427.8374556,16.28574102,51.73769135,31.97656763,100,51.73769135,2
ATG7,other,30.4051,53.74193333,37.56,121.7070333,24.98220453,44.15680167,30.86099379,100,44.15680167,2
ATL2,other,100.9960667,205.2477111,86.089,392.3327778,25.74244937,52.31469883,21.9428518,100,52.31469883,2
ATP13A1,other,150.59,357.625,185.3668867,693.5818867,21.71192802,51.56204435,26.72602763,100,51.56204435,2
ATP13A3,other,0,7.0804,0,7.0804,0,100,0,100,100,2
ATP2C1,other,28.53676667,72.65883333,0,101.1956,28.1996121,71.8003879,0,100,71.8003879,2
ATP5F1B,other,331.2895,391.0873333,379.7290667,1102.1059,30.05967938,35.48545864,34.45486198,100,35.48545864,2
ATP5F1C,other,234.668,614.9328889,244.97,1094.570889,21.43926925,56.18027075,22.38046,100,56.18027075,2
ATP5F1D,other,179.3662667,215.7808889,174.8575267,570.0046822,31.46750759,37.85598533,30.67650707,100,37.85598533,2
ATP5IF1,other,0,13.33265556,0,13.33265556,0,100,0,100,100,2
ATP5PD,other,325.1918,465.2125556,421.5424667,1211.946822,26.83218389,38.38555843,34.78225768,100,38.38555843,2
ATP5PO,other,253.9488333,368.2915556,332.8056,955.0459889,26.5902204,38.56270377,34.84707583,100,38.56270377,2
ATP6V1H,other,33.3178,54.16421111,0,87.48201111,38.08531557,61.91468443,0,100,61.91468443,2
ATXN2,other,0,4.427733333,0,4.427733333,0,100,0,100,100,2
ATXN2L,other,173.0303333,262.0947111,239.4579333,674.5829778,25.64997028,38.8528498,35.49717992,100,38.8528498,2
ATXN7L3B,other,34.16955,168.5217333,21.37693333,224.0682167,15.24961929,75.21001231,9.540368398,100,75.21001231,2
BABAM2,other,82.29233333,157.9427222,73.7744,314.0094556,26.20696029,50.29871535,23.49432436,100,50.29871535,2
BAG2,other,66.71926667,216.9893333,192.0337333,475.7423333,14.02424422,45.61068421,40.36507157,100,45.61068421,2
BCAP31,other,254.1013,346.9442222,130.85294,731.8984622,34.7181082,47.40332712,17.87856469,100,47.40332712,2
BCAS3,other,0,37.66822222,0,37.66822222,0,100,0,100,100,2
BCL7C,other,17.39091667,164.2134444,5.44824,187.0526011,9.297340194,87.78998179,2.912678021,100,87.78998179,2
BCR,other,0,51.85355556,0,51.85355556,0,100,0,100,100,2
BIRC6,other,136.867,343.2193333,31.42360667,511.50994,26.75744679,67.09924998,6.14330323,100,67.09924998,2
BMP2K,other,0,60.54448889,51.80688667,112.3513756,0,53.88851591,46.11148409,100,53.88851591,2
BMS1,other,0,137.0590667,53.52923333,190.5883,0,71.9136834,28.0863166,100,71.9136834,2
BRCC3,other,25.29961667,73.695,13.22948667,112.2241033,22.54383498,65.66771113,11.78845388,100,65.66771113,2
BRD8,other,0,88.66912222,9.150193333,97.81931556,0,90.64582155,9.354178448,100,90.64582155,2
BRF1,other,0,9.779766667,0,9.779766667,0,100,0,100,100,2
BRI3BP,other,22.59768333,38.16626667,16.67049333,77.43444333,29.18298674,49.28848846,21.5285248,100,49.28848846,2
BTAF1,other,148.2685,452.1971111,234.2576067,834.7232178,17.76259446,54.17329978,28.06410576,100,54.17329978,2
BTF3,other,137.0106833,912.1918889,176.2917467,1225.494319,11.18003415,74.43460772,14.38535813,100,74.43460772,2
BTF3L4,other,50.355,343.3036667,29.07667333,422.73534,11.91170816,81.21007027,6.878221568,100,81.21007027,2
BUB1,other,55.63708333,135.2820889,9.15818,200.0773522,27.8077867,67.61489363,4.577319671,100,67.61489363,2
BUB1B,other,145.9182333,245.8277556,167.9874467,559.7334356,26.06923654,43.91871915,30.0120443,100,43.91871915,2
BUD23,other,28.17681667,48.20898889,25.03150667,101.4173122,27.78304419,47.53526576,24.68169006,100,47.53526576,2
BYSL,other,8.30435,282.2005556,224.8014667,515.3063722,1.611536447,54.76364562,43.62481793,100,54.76364562,2
BZW1,other,151.303,175.3931111,53.55857333,380.2546844,39.78991086,46.12516776,14.08492138,100,46.12516776,2
C16orf62,other,0,17.36993333,0,17.36993333,0,100,0,100,100,2
C17orf75,other,41.39615,87.19444444,22.66406667,151.2546611,27.36851195,57.64744293,14.98404512,100,57.64744293,2
C2orf49,other,37.74885,63.06974444,0,100.8185944,37.44234901,62.55765099,0,100,62.55765099,2
C8orf82,other,105.7351667,161.4912333,63.83757333,331.0639733,31.93798637,48.7794645,19.28254914,100,48.7794645,2
CAMK2G,other,68.27766667,381.3467778,328.0242,777.6486444,8.780014876,49.03844178,42.18154334,100,49.03844178,2
CAND1,other,274.6031667,409.8181111,374.6236,1059.044878,25.92932296,38.69695418,35.37372286,100,38.69695418,2
CANX,other,380.3876667,416.1237778,370.3186,1166.830044,32.60009189,35.66275824,31.73714988,100,35.66275824,2
CAPZA1,other,166.9155333,273.1488889,96.05474667,536.1191689,31.13403568,50.94928604,17.91667828,100,50.94928604,2
CARD10,other,0,10.48012222,0,10.48012222,0,100,0,100,100,2
CARM1,other,269.4444,326.051,230.2015533,825.6969533,32.63235972,39.48797421,27.87966607,100,39.48797421,2
CARMIL1,other,0,41.57933333,0,41.57933333,0,100,0,100,100,2
CBWD1,other,61.58575,123.8495556,42.62093333,228.0562389,27.00463285,54.30658515,18.688782,100,54.30658515,2
CBX4,other,0,29.14588889,16.49103333,45.63692222,0,63.86471188,36.13528812,100,63.86471188,2
CCDC124,other,83.67166667,298.168,205.7277733,587.56744,14.24035114,50.74617477,35.01347408,100,50.74617477,2
CCDC86,other,0,40.19571111,23.76884667,63.96455778,0,62.84059877,37.15940123,100,62.84059877,2
CCDC93,other,0,5.682922222,0,5.682922222,0,100,0,100,100,2
CCND1,other,38.64898333,89.58941111,14.85138667,143.0897811,27.01030293,62.61062839,10.37906869,100,62.61062839,2
CCT5,other,237.0879333,1355.94,1288.880467,2881.9084,8.226768531,47.05007279,44.72315868,100,47.05007279,2
CCT6A,other,506.9153333,1155.638222,1048.5772,2711.130756,18.69756124,42.62569114,38.67674762,100,42.62569114,2
CCT8,other,376.8555,1355.043111,1161.5564,2893.455011,13.02441194,46.83131778,40.14427028,100,46.83131778,2
CCZ1B,other,0,5.231055556,0,5.231055556,0,100,0,100,100,2
CD320,other,0,15.12023333,0,15.12023333,0,100,0,100,100,2
CD59,other,0,54.62177778,0,54.62177778,0,100,0,100,100,2
CDC16,other,131.6265,239.3488889,131.9895467,502.9649356,26.17011459,47.58758951,26.2422959,100,47.58758951,2
CDC20,other,65.35466667,124.6187667,98.30233333,288.2757667,22.6708847,43.22901231,34.10010299,100,43.22901231,2
CDC23,other,10.73003333,211.7146667,13.82664667,236.2713467,4.541402707,89.60657721,5.852020087,100,89.60657721,2
CDC37,other,156.9688167,354.0156667,301.0613333,812.0458167,19.33004437,43.59552865,37.07442698,100,43.59552865,2
CDC42BPA,other,33.4459,187.2943333,99.68044,320.4206733,10.43812175,58.45263709,31.10924116,100,58.45263709,2
CDC42BPB,other,20.3169,201.9513556,189.109,411.3772556,4.938751408,49.09152191,45.96972668,100,49.09152191,2
CDC42BPG,other,0,90.46455556,65.71426667,156.1788222,0,57.92370199,42.07629801,100,57.92370199,2
CDCA2,other,0,48.70284444,13.64688,62.34972444,0,78.11236518,21.88763482,100,78.11236518,2
CDK5RAP2,other,0,9.296944444,0,9.296944444,0,100,0,100,100,2
CDK9,other,41.10438333,102.5745556,49.36417333,193.0431122,21.29285156,53.13556872,25.57157972,100,53.13556872,2
CDYL,other,0,17.38166667,0,17.38166667,0,100,0,100,100,2
CENPX,other,0,24.09656667,0,24.09656667,0,100,0,100,100,2
CEP170,other,28.34678333,33.05031111,13.04759333,74.44468778,38.07764419,44.39579518,17.52656062,100,44.39579518,2
CEP78,other,0,403.0924444,37.82915333,440.9215978,0,91.4204354,8.579564604,100,91.4204354,2
CEPT1,other,0,363.2974444,120.8014667,484.0989111,0,75.0461189,24.9538811,100,75.0461189,2
CERS2,other,29.97275,124.9587556,37.29700667,192.2285122,15.5922499,65.00531795,19.40243216,100,65.00531795,2
CFAP100,other,22.3735,52.66867778,0,75.04217778,29.8145665,70.1854335,0,100,70.1854335,2
CFL2,other,74.67668333,307.4986667,138.7307333,520.9060833,14.33592076,59.03149848,26.63258076,100,59.03149848,2
CHCHD1,other,0,64.83797778,0,64.83797778,0,100,0,100,100,2
CHCHD3,other,0,204.9612889,203.65468,408.6159689,0,50.15988226,49.84011774,100,50.15988226,2
CHD1L,other,0,110.4273333,89.03866667,199.466,0,55.36148182,44.63851818,100,55.36148182,2
CHD3,other,235.1541667,255.8288889,210.05142,701.0344756,33.54388049,36.49305388,29.96306563,100,36.49305388,2
CHD4,other,199.3829333,318.8711111,165.9187933,684.1728378,29.14218781,46.60680657,24.25100562,100,46.60680657,2
CHD8,other,23.47696667,32.50657778,5.832386667,61.81593111,37.97882883,52.58608451,9.435086655,100,52.58608451,2
CHEK1,other,0,11.38304444,0,11.38304444,0,100,0,100,100,2
CHERP,other,148.3120167,279.7411111,81.02288,509.0760078,29.13357031,54.95075526,15.91567443,100,54.95075526,2
CHP1,other,80.4528,138.4737889,106.03422,324.9608089,24.75769317,42.61245821,32.62984862,100,42.61245821,2
CHPF,other,13.29356667,144.9210556,112.5834933,270.7981156,4.909032192,53.5162718,41.57469601,100,53.5162718,2
CHTF18,other,31.54318333,176.6394889,136.3972333,344.5799056,9.154098316,51.26227213,39.58362955,100,51.26227213,2
CHTOP,other,0,32.83293333,4.82644,37.65937333,0,87.18396093,12.81603907,100,87.18396093,2
CIAO2B,other,94.87268333,127.2503,78.09833333,300.2213167,31.60091508,42.38549794,26.01358698,100,42.38549794,2
CIP2A,other,51.92833333,100.9677667,0,152.8961,33.96315101,66.03684899,0,100,66.03684899,2
CIRBP,other,83.81646667,104.6771222,91.27085333,279.7644422,29.95965677,37.4161639,32.62417933,100,37.4161639,2
CISD1,other,0,51.89233333,0,51.89233333,0,100,0,100,100,2
CKAP5,other,17.9799,182.4072889,122.52608,322.9132689,5.56802762,56.48801287,37.94395951,100,56.48801287,2
CLEC16A,other,18.51896667,26.1715,9.5849,54.27536667,34.12038979,48.21984927,17.65976094,100,48.21984927,2
CLINT1,other,0,55.921,41.18969333,97.11069333,0,57.58480151,42.41519849,100,57.58480151,2
CLPP,other,136.6555,205.0506667,159.79214,501.4983067,27.24944395,40.88760898,31.86294707,100,40.88760898,2
CLPTM1L,other,52.91586667,68.78822222,0,121.7040889,43.47911985,56.52088015,0,100,56.52088015,2
CNDP2,other,92.41316667,113.9975556,0,206.4107222,44.77149524,55.22850476,0,100,55.22850476,2
CNN2,other,149.431,259.804,167.5472,576.7822,25.90769965,45.0436924,29.04860795,100,45.0436924,2
CNOT11,other,37.47883333,85.41707778,26.87934,149.7752511,25.02338207,57.0301683,17.94644963,100,57.0301683,2
CNOT6,other,27.82151667,61.21527778,0,89.03679444,31.24721284,68.75278716,0,100,68.75278716,2
CNP,other,106.47615,198.2078889,181.72106,486.4050989,21.89042636,40.74954998,37.36002365,100,40.74954998,2
COA1,other,0,15.5734,0,15.5734,0,100,0,100,100,2
COG1,other,44.48246667,84.38353333,21.89676667,150.7627667,29.50494187,55.97106978,14.52398835,100,55.97106978,2
COG3,other,15.90271667,18.44788889,0,34.35060556,46.29530225,53.70469775,0,100,53.70469775,2
COG5,other,0,32.73323333,0,32.73323333,0,100,0,100,100,2
COLGALT1,other,124.7899833,133.1201111,38.1958,296.1058944,42.14370118,44.9569271,12.89937172,100,44.9569271,2
COMMD2,other,0,12.66996667,0,12.66996667,0,100,0,100,100,2
COMMD4,other,47.62893333,140.1750444,15.33442,203.1383978,23.44654376,69.00470122,7.54875502,100,69.00470122,2
COMT,other,64.54116667,147.3849111,58.73856667,270.6646444,23.84543678,54.4529602,21.70160303,100,54.4529602,2
COPB2,other,137.1595167,533.1402222,243.9247667,914.2245056,15.00282653,58.3161159,26.68105757,100,58.3161159,2
COPG2,other,350.573,734.9287778,435.8920533,1521.393831,23.04288297,48.30628091,28.65083612,100,48.30628091,2
COPS2,other,453.9015,678.1371111,470.2338,1602.272411,28.32860985,42.32345926,29.3479309,100,42.32345926,2
COPS5,other,123.7994333,125.6254333,39.7426,289.1674667,42.81236571,43.4438337,13.74380059,100,43.4438337,2
COPS8,other,166.7252833,190.1312222,47.54613333,404.4026389,41.22754584,47.01532679,11.75712737,100,47.01532679,2
COPZ1,other,223.6880333,298.2306667,168.1211467,690.0398467,32.41668353,43.21933988,24.36397658,100,43.21933988,2
COQ8A,other,0,35.23083333,4.431306667,39.66214,0,88.82736366,11.17263634,100,88.82736366,2
COQ8B,other,0,65.64825556,53.02092667,118.6691822,0,55.32039096,44.67960904,100,55.32039096,2
CORO1C,other,71.82066667,98.05823333,7.313693333,177.1925933,40.53254446,55.33991658,4.127538965,100,55.33991658,2
COX15,other,140.041,190.0266667,175.3958067,505.4634733,27.70546387,37.5945398,34.69999632,100,37.5945398,2
COX4I1,other,199.2945833,236.2665556,205.7449333,641.3060722,31.07635994,36.84146553,32.08217453,100,36.84146553,2
COX5A,other,121.3431667,205.2137778,52.35136667,378.9083111,32.02441412,54.15921788,13.81636801,100,54.15921788,2
COX5B,other,174.7336833,179.0192222,118.0305533,471.7834589,37.03683969,37.94520958,25.01795074,100,37.94520958,2
COX6C,other,0,6.886377778,6.535206667,13.42158444,0,51.30823269,48.69176731,100,51.30823269,2
COX7A2,other,20.38596667,44.52503333,0,64.911,31.40602774,68.59397226,0,100,68.59397226,2
CPS1,other,23.25685,285.8652222,72.07872667,381.2007989,6.100944717,74.9907196,18.90833568,100,74.9907196,2
CPT1A,other,142.0623333,288.9755778,222.36278,653.4006911,21.74199312,44.2263961,34.03161077,100,44.2263961,2
CSNK1A1,other,261.7121667,396.1134444,155.4801333,813.3057444,32.17881694,48.70412476,19.1170583,100,48.70412476,2
CSNK2A2,other,101.7888333,240.7117778,116.1691467,458.6697578,22.19218329,52.48041182,25.32740489,100,52.48041182,2
CSNK2B,other,159.89625,190.3933333,153.8822667,504.17185,31.71463262,37.7635787,30.52178869,100,37.7635787,2
CTBP2,other,128.1935,225.4168889,224.1132,577.7235889,22.18941765,39.01812099,38.79246136,100,39.01812099,2
CTDP1,other,31.95143333,53.62522222,0,85.57665556,37.33662308,62.66337692,0,100,62.66337692,2
CTNNA1,other,148.1087,339.0104444,199.46736,686.5865044,21.57174646,49.37621731,29.05203623,100,49.37621731,2
CTNNAL1,other,18.21271667,19.77033333,0,37.98305,47.9495898,52.0504102,0,100,52.0504102,2
CTPS1,other,124.1232833,253.0823333,195.9066,573.1122167,21.6577626,44.1592983,34.1829391,100,44.1592983,2
CTTN,other,7.811316667,9.3659,6.16086,23.33807667,33.4702674,40.13141329,26.39831931,100,40.13141329,2
CUL2,other,112.6135833,139.7953222,0,252.4089056,44.61553489,55.38446511,0,100,55.38446511,2
CXXC1,other,0,90.9443,13.84864667,104.7929467,0,86.78475307,13.21524693,100,86.78475307,2
CYB5B,other,290.5798333,462.9111111,174.513,928.0039444,31.31234895,49.88245081,18.80520024,100,49.88245081,2
CYC1,other,47.81015,338.4002556,150.0624667,536.2728722,8.915265432,63.10225131,27.98248325,100,63.10225131,2
CYP51A1,other,67.63528333,115.6014222,8.694073333,191.9307789,35.23941482,60.23078888,4.529796307,100,60.23078888,2
DAP3,other,124.2550667,436.6498889,411.5536667,972.4586222,12.77741426,44.90164197,42.32094377,100,44.90164197,2
DARS,other,562.0178333,660.8705556,588.6876,1811.575989,31.02369632,36.48042145,32.49588224,100,36.48042145,2
DCAF1,other,156.0341333,196.0481889,159.2397333,511.3220556,30.51582298,38.34143017,31.14274685,100,38.34143017,2
DCTN2,other,200.6641667,229.3886667,77.22462667,507.27746,39.55708315,45.21956617,15.22335068,100,45.21956617,2
DCTN4,other,25.51626667,180.9780222,100.6722933,307.1665822,8.306980037,58.91852587,32.77449409,100,58.91852587,2
DCTN5,other,24.60398333,202.2465556,147.9962333,374.8467722,6.563744217,53.95446101,39.48179478,100,53.95446101,2
DDA1,other,8.574233333,42.81583333,7.374186667,58.76425333,14.59089982,72.86033754,12.54876264,100,72.86033754,2
DDI2,other,20.53605,140.7924889,67.33226,228.6607989,8.981010344,61.57263929,29.44635037,100,61.57263929,2
DDRGK1,other,21.90141667,52.96715556,32.82134,107.6899122,20.33748214,49.18488135,30.47763651,100,49.18488135,2
DDX11,other,40.37185,240.4351111,129.51366,410.3206211,9.839098481,58.5968871,31.56401442,100,58.5968871,2
DDX19A,other,40.27101667,94.59413333,39.45019333,174.3153433,23.10239357,54.26609702,22.63150941,100,54.26609702,2
DDX28,other,0,306.8514444,282.4666667,589.3181111,0,52.06889771,47.93110229,100,52.06889771,2
DDX39A,other,189.2663333,283.018,220.3540267,692.63836,27.3254189,40.86086136,31.81371974,100,40.86086136,2
DDX42,other,88.96968333,133.8521333,14.2624,237.0842167,37.52661589,56.45763148,6.01575263,100,56.45763148,2
DDX51,other,0,156.0075,149.6318667,305.6393667,0,51.04299937,48.95700063,100,51.04299937,2
DDX55,other,0,399.6266667,366.3329867,765.9596533,0,52.17333118,47.82666882,100,52.17333118,2
DEK,other,293.8053333,327.5812222,211.6088,832.9953556,35.27094495,39.32569612,25.40335892,100,39.32569612,2
DENND4C,other,0,15.39964444,0,15.39964444,0,100,0,100,100,2
DEPDC1,other,0,60.58621111,27.8224,88.40861111,0,68.52976237,31.47023763,100,68.52976237,2
DEPDC1B,other,0,129.3443333,61.69138667,191.03572,0,67.706884,32.293116,100,67.706884,2
DERL1,other,0,190.8860111,57.66098667,248.5469978,0,76.80077121,23.19922879,100,76.80077121,2
DERL2,other,0,14.47382222,10.246,24.71982222,0,58.55148185,41.44851815,100,58.55148185,2
DGCR8,other,63.40783333,179.0557778,76.30993333,318.7735444,19.89118433,56.17021265,23.93860302,100,56.17021265,2
DGKQ,other,0,41.30588889,0,41.30588889,0,100,0,100,100,2
DGLUCY,other,0,23.56574444,0,23.56574444,0,100,0,100,100,2
DHRS7B,other,0,132.0667222,60.28306667,192.3497889,0,68.6596658,31.3403342,100,68.6596658,2
DHX29,other,65.23323333,344.2493333,186.2342267,595.7167933,10.95037677,57.78741462,31.26220861,100,57.78741462,2
DHX30,other,33.19671667,539.4415556,317.8952133,890.5334856,3.727733679,60.57510069,35.69716563,100,60.57510069,2
DHX32,other,90.6045,232.1993444,91.90596,414.7098044,21.84768699,55.99080175,22.16151126,100,55.99080175,2
DHX34,other,0,151.3332222,98.69913333,250.0323556,0,60.52545555,39.47454445,100,60.52545555,2
DHX57,other,0,127.312,123.5546133,250.8666133,0,50.74888137,49.25111863,100,50.74888137,2
DIAPH1,other,323.8268333,345.7717778,124.2144,793.8130111,40.79384298,43.55834094,15.64781608,100,43.55834094,2
DIDO1,other,15.89493333,201.1027778,0,216.9977111,7.324931333,92.67506867,0,100,92.67506867,2
DIMT1,other,46.93813333,229.8882889,228.8178333,505.6442556,9.282837255,45.46443203,45.25273071,100,45.46443203,2
DIS3L2,other,81.29016667,146.2110222,10.27324,237.7744289,34.18793478,61.49148288,4.320582347,100,61.49148288,2
DKC1,other,57.78596667,291.3484444,230.65716,579.7915711,9.966679329,50.25054847,39.78277221,100,50.25054847,2
DLAT,other,194.5243333,377.8012222,212.7535467,785.0791022,24.77767308,48.12269504,27.09963188,100,48.12269504,2
DLGAP5,other,0,93.83824444,93.01242,186.8506644,0,50.22098515,49.77901485,100,50.22098515,2
DMAP1,other,0,24.73512222,0,24.73512222,0,100,0,100,100,2
DNAAF5,other,142.81285,397.7791111,248.2936667,788.8856278,18.10311216,50.42291266,31.47397518,100,50.42291266,2
DNAJA3,other,103.2325667,321.7123333,250.0646667,675.0095667,15.29349683,47.66041094,37.04609224,100,47.66041094,2
DNAJA4,other,11.35621667,15.13953333,0,26.49575,42.86052166,57.13947834,0,100,57.13947834,2
DNAJB11,other,235.3595167,292.5254444,268.6716667,796.5566278,29.54711673,36.72374747,33.72913579,100,36.72374747,2
DNAJC13,other,0,127.2699333,46.99710667,174.26704,0,73.03155739,26.96844261,100,73.03155739,2
DNAJC21,other,0,20.30193333,20.10982,40.41175333,0,50.23769488,49.76230512,100,50.23769488,2
DNAJC3,other,68.66516667,176.6168556,37.75218,283.0342022,24.26037777,62.40124132,13.33838091,100,62.40124132,2
DNAJC7,other,39.9933,83.15583333,78.31244,201.4615733,19.85157732,41.27627515,38.87214753,100,41.27627515,2
DNTTIP1,other,0,86.19798889,0,86.19798889,0,100,0,100,100,2
DOCK6,other,0,13.61147778,0,13.61147778,0,100,0,100,100,2
DOCK7,other,94.91708333,194.3062222,162.16092,451.3842256,21.02800186,43.04674626,35.92525189,100,43.04674626,2
DOCK9,other,0,42.83788889,7.00708,49.84496889,0,85.94225223,14.05774777,100,85.94225223,2
DOHH,other,65.61216667,76.2375,7.47752,149.3271867,43.93852729,51.05399874,5.007473968,100,51.05399874,2
DSG2,other,143.7201667,143.8075556,113.5329533,401.0606756,35.83501835,35.85680779,28.30817386,100,35.85680779,2
DUS3L,other,53.586,164.6598889,120.1784467,338.4243356,15.83396771,48.65486066,35.51117164,100,48.65486066,2
DUSP12,other,97.76981667,240.2158889,138.0736867,476.0593922,20.53731494,50.4592269,29.00345817,100,50.4592269,2
DUSP23,other,0,10.80716667,0,10.80716667,0,100,0,100,100,2
DUSP6,other,12.99538333,59.33255556,22.3376,94.66553889,13.72768115,62.67598141,23.59633744,100,62.67598141,2
DVL2,other,0,20.89475556,0,20.89475556,0,100,0,100,100,2
DYNC1H1,other,270.79705,489.2011111,226.8490667,986.8472278,27.44062529,49.57212194,22.98725277,100,49.57212194,2
DYNC1I2,other,246.8521667,537.7808889,160.1021333,944.7351889,26.12924442,56.923982,16.94677357,100,56.923982,2
DYNC1LI1,other,190.4974667,248.8915556,215.18898,654.5780022,29.1023325,38.02320804,32.87445946,100,38.02320804,2
DYNC1LI2,other,148.55375,191.6767778,59.51782,399.7483478,37.16181713,47.94936085,14.88882201,100,47.94936085,2
DYNLL1,other,211.517,288.7767778,96.7188,597.0125778,35.42923682,48.37030048,16.2004627,100,48.37030048,2
DYNLL2,other,72.50016667,125.3464444,39.06980667,236.9164178,30.60157981,52.90745387,16.49096632,100,52.90745387,2
DYNLT1,other,102.6211667,138.3561111,35.12471333,276.1019911,37.16784738,50.11050828,12.72164434,100,50.11050828,2
DYSF,other,44.60445,139.1470889,82.41193333,266.1634722,16.7582913,52.27880735,30.96290135,100,52.27880735,2
E2F6,other,0,34.96841111,0,34.96841111,0,100,0,100,100,2
ECD,other,7.768816667,182.4878889,88.10492,278.3616256,2.790907925,65.55784711,31.65124497,100,65.55784711,2
ECPAS,other,167.2731667,268.6003556,252.8951333,688.7686556,24.28582737,38.99718046,36.71699217,100,38.99718046,2
EDC4,other,79.30271667,245.907,70.08527333,395.29499,20.06165488,62.20847879,17.72986633,100,62.20847879,2
EDRF1,other,120.1236667,274.5367778,102.03678,496.6972244,24.18448519,55.27246062,20.54305419,100,55.27246062,2
EEF1A2,other,500.6053333,782.9528889,613.7755333,1897.333756,26.38467438,41.26595474,32.34937088,100,41.26595474,2
EEF1G,other,519.732,587.2643333,532.69,1639.686333,31.69703799,35.81565092,32.48731109,100,35.81565092,2
EFL1,other,0,72.01394444,63.87994,135.8938844,0,52.99277796,47.00722204,100,52.99277796,2
EGFR,other,0,21.14595556,0,21.14595556,0,100,0,100,100,2
EHBP1L1,other,47.80896667,108.592,78.50312667,234.9040933,20.35254728,46.22822806,33.41922465,100,46.22822806,2
EHMT2,other,16.70813333,26.32153333,0,43.02966667,38.8293348,61.1706652,0,100,61.1706652,2
EIF1,other,33.47425,95.78662222,16.14713333,145.4080056,23.02091269,65.87438006,11.10470725,100,65.87438006,2
EIF2A,other,154.0872667,297.8041111,283.6425,735.5338778,20.94903733,40.48815698,38.56280568,100,40.48815698,2
EIF2B5,other,48.30851667,160.9904111,64.68158667,273.9805144,17.63209941,58.75980321,23.60809739,100,58.75980321,2
EIF2D,other,33.3897,154.7945667,95.85007333,284.03434,11.7555152,54.49853939,33.74594541,100,54.49853939,2
EIF2S3,other,131.4061667,507.6147889,490.6358667,1129.656822,11.63239703,44.93530946,43.43229351,100,44.93530946,2
EIF3B,other,212.9578333,379.3538889,123.28036,715.5920822,29.75966876,53.01258892,17.22774232,100,53.01258892,2
EIF3C,other,153.6473333,374.032,288.4400667,816.1194,18.82657529,45.83054881,35.34287589,100,45.83054881,2
EIF3E,other,219.7866667,500.252,313.9399333,1033.9786,21.25640382,48.38127211,30.36232407,100,48.38127211,2
EIF3F,other,145.6066333,247.1277222,215.5546667,608.2890222,23.93708057,40.62669442,35.43622502,100,40.62669442,2
EIF3G,other,149.2689167,358.6355556,289.52828,797.4327522,18.71868396,44.97376795,36.30754809,100,44.97376795,2
EIF3K,other,105.1096667,155.7199333,53.84704,314.67664,33.40243708,49.4856985,17.11186442,100,49.4856985,2
EIF3M,other,154.5939,391.5457778,212.2883867,758.4280644,20.38346249,51.62596113,27.99057638,100,51.62596113,2
EIF4A2,other,270.3036667,916.4796667,627.9112,1814.694533,14.8952709,50.50324723,34.60148187,100,50.50324723,2
EIF4E,other,225.89795,357.0214444,324.6123867,907.5317811,24.89146438,39.3398283,35.76870732,100,39.3398283,2
EIF4E2,other,14.3837,42.56361111,25.76645333,82.71376444,17.38972963,51.4589215,31.15134888,100,51.4589215,2
ELMO2,other,75.97233333,161.357,62.41242667,299.74176,25.34592889,53.83200526,20.82206586,100,53.83200526,2
ELMO3,other,17.44265,33.72674444,32.09876,83.26815444,20.94756407,40.50377322,38.54866271,100,40.50377322,2
ELOC,other,0,58.35022222,38.12424,96.47446222,0,60.48255764,39.51744236,100,60.48255764,2
EMC1,other,44.39705,129.4701556,15.52297333,189.3901789,23.44210785,68.36159948,8.196292661,100,68.36159948,2
EMC4,other,0,8.833488889,0,8.833488889,0,100,0,100,100,2
EMC8,other,8.528733333,89.00717778,16.34402,113.8799311,7.489232958,78.15879138,14.35197566,100,78.15879138,2
EML3,other,17.9634,60.51472222,21.04448667,99.52260889,18.04956703,60.80499989,21.14543308,100,60.80499989,2
EP400,other,89.33716667,337.5796667,184.2579333,611.1747667,14.6172865,55.23455566,30.14815784,100,55.23455566,2
EPB41L2,other,96.1292,211.5390778,0,307.6682778,31.2444301,68.7555699,0,100,68.7555699,2
EPCAM,other,72.7974,242.5633333,46.40177333,361.7625067,20.12298087,67.05043471,12.82658442,100,67.05043471,2
EPRS,other,168.5504667,659.4465556,644.4271333,1472.424156,11.44714083,44.78645322,43.76640596,100,44.78645322,2
ERAL1,other,46.62145,303.3815667,115.5534267,465.5564433,10.01413484,65.16536738,24.82049778,100,65.16536738,2
ERBIN,other,78.67928333,143.3670778,83.90383333,305.9501944,25.71636978,46.85961322,27.424017,100,46.85961322,2
ERCC3,other,0,344.5234444,224.1339067,568.6573511,0,60.58541998,39.41458002,100,60.58541998,2
ERGIC1,other,16.77673333,42.56957778,18.67288,78.01919111,21.5033418,54.5629571,23.9337011,100,54.5629571,2
ERI1,other,74.30683333,319.3641111,252.7824667,646.4534111,11.49453805,49.40249454,39.10296741,100,49.40249454,2
ESD,other,453.6381667,966.387,922.7054,2342.730567,19.36365082,41.25045422,39.38589495,100,41.25045422,2
ESF1,other,0,71.00238889,65.49068,136.4930689,0,52.01904351,47.98095649,100,52.01904351,2
ESRRA,other,0,24.68652222,19.21592,43.90244222,0,56.23040763,43.76959237,100,56.23040763,2
ESYT1,other,101.4855667,230.3431111,197.3947933,529.2234711,19.17631628,43.52473458,37.29894914,100,43.52473458,2
ETHE1,other,17.36128333,27.50008889,0,44.86137222,38.69984905,61.30015095,0,100,61.30015095,2
EXOC1,other,0,40.77377778,11.91870667,52.69248444,0,77.38063257,22.61936743,100,77.38063257,2
EXOC5,other,13.37118333,59.82828889,6.834446667,80.03391889,16.70689567,74.75366659,8.53943773,100,74.75366659,2
EXOC6B,other,0,30.58065556,0,30.58065556,0,100,0,100,100,2
EXOC8,other,0,32.7567,0,32.7567,0,100,0,100,100,2
EXOSC10,other,66.45613333,195.707,176.5204667,438.6836,15.14898969,44.61233563,40.23867468,100,44.61233563,2
EXOSC3,other,185.95005,435.7835556,97.6361,719.3697056,25.8490243,60.57852481,13.57245089,100,60.57852481,2
EXOSC6,other,59.17716667,62.58226667,14.55784667,136.31728,43.41134643,45.90926893,10.67938464,100,45.90926893,2
EXOSC7,other,27.24513333,61.3044,0,88.54953333,30.76824045,69.23175955,0,100,69.23175955,2
EZH2,other,0,281.2151111,150.3943267,431.6094378,0,65.15499581,34.84500419,100,65.15499581,2
EZR,other,192.6206833,744.8895556,594.8951333,1532.405372,12.56982564,48.60917151,38.82100286,100,48.60917151,2
FABP5,other,211.1906667,240.7348889,98.49482667,550.4203822,38.36897642,43.73655058,17.894473,100,43.73655058,2
FAF2,other,58.82366667,253.08,204.4603133,516.36398,11.3918997,49.01193921,39.59616109,100,49.01193921,2
FAM111B,other,0,21.15575556,5.6152,26.77095556,0,79.02502961,20.97497039,100,79.02502961,2
FAM120A,other,88.54083333,475.4544444,438.5491333,1002.544411,8.831612081,47.42477632,43.7436116,100,47.42477632,2
FAM160A2,other,0,16.22384444,0,16.22384444,0,100,0,100,100,2
FAM160B1,other,49.47995,79.91218889,0,129.3921389,38.24030612,61.75969388,0,100,61.75969388,2
FAM193A,other,0,7.860455556,0,7.860455556,0,100,0,100,100,2
FAM207A,other,0,52.04638889,47.36017333,99.40656222,0,52.35709567,47.64290433,100,52.35709567,2
FAM208A,other,0,119.4635889,22.71654667,142.1801356,0,84.02270009,15.97729991,100,84.02270009,2
FAM83H,other,0,54.96336667,42.96884,97.93220667,0,56.12389278,43.87610722,100,56.12389278,2
FANCA,other,0,73.81534444,31.91389333,105.7292378,0,69.81545124,30.18454876,100,69.81545124,2
FAR1,other,0,192.5003667,134.9745067,327.4748733,0,58.78324792,41.21675208,100,58.78324792,2
FARSB,other,171.7559333,185.1896889,79.39845333,436.3440756,39.36249922,42.44120621,18.19629457,100,42.44120621,2
FAT1,other,95.77,251.5297778,228.1279333,575.4277111,16.64327215,43.71179436,39.64493349,100,43.71179436,2
FAU,other,0,830.8367778,697.8982,1528.734978,0,54.34799294,45.65200706,100,54.34799294,2
FBXL12,other,0,24.1887,0,24.1887,0,100,0,100,100,2
FBXL18,other,0,21.90512222,19.61458667,41.51970889,0,52.75837141,47.24162859,100,52.75837141,2
FBXO3,other,0,14.24916667,0,14.24916667,0,100,0,100,100,2
FBXO5,other,0,168.7902222,49.44613333,218.2363556,0,77.34285234,22.65714766,100,77.34285234,2
FBXW11,other,0,45.71145556,22.58627333,68.29772889,0,66.9296861,33.0703139,100,66.9296861,2
FECH,other,0,186.3392556,71.23680667,257.5760622,0,72.34339012,27.65660988,100,72.34339012,2
FERMT1,other,202.67055,223.4428889,177.1865667,603.3000056,33.59365956,37.03677885,29.36956158,100,37.03677885,2
FIBP,other,0,5.231,0,5.231,0,100,0,100,100,2
FIP1L1,other,114.7756667,261.4128889,194.74744,570.9359956,20.10307067,45.78672407,34.11020526,100,45.78672407,2
FIS1,other,0,50.201,0,50.201,0,100,0,100,100,2
FLII,other,46.33735,85.12806667,64.51282,195.9782367,23.64413049,43.43751026,32.91835925,100,43.43751026,2
FNDC3A,other,24.16811667,112.7490111,0,136.9171278,17.65163867,82.34836133,0,100,82.34836133,2
FNTB,other,0,10.1729,0,10.1729,0,100,0,100,100,2
FOCAD,other,60.36816667,89.50095556,60.95291333,210.8220356,28.63465695,42.45332103,28.91202202,100,42.45332103,2
FOXK2,other,0,50.31464444,33.01378667,83.32843111,0,60.38112535,39.61887465,100,60.38112535,2
FPGS,other,26.21543333,103.2684778,30.90198667,160.3858978,16.34522342,64.38750489,19.26727168,100,64.38750489,2
FRYL,other,70.04916667,246.3609778,146.4384533,462.8485978,15.13435862,53.22711983,31.63852155,100,53.22711983,2
FTSJ1,other,0,204.158,145.3376133,349.4956133,0,58.41503933,41.58496067,100,58.41503933,2
FYCO1,other,0,126.7175556,86.33216667,213.0497222,0,59.47792573,40.52207427,100,59.47792573,2
G3BP2,other,185.3976667,435.4166667,380.9078667,1001.7222,18.50789237,43.46680813,38.0252995,100,43.46680813,2
GALE,other,167.1726667,185.6308556,161.1777,513.9812222,32.52505334,36.11627187,31.3586748,100,36.11627187,2
GALK1,other,28.01308333,72.06727778,70.71744667,170.7978078,16.40131317,42.19449811,41.40418872,100,42.19449811,2
GALNT3,other,0,42.14111111,0,42.14111111,0,100,0,100,100,2
GATD3B,other,21.58695,84.637,77.95427333,184.1782233,11.72068533,45.95385842,42.32545625,100,45.95385842,2
GCN1,other,159.707,350.9225667,268.59726,779.2268267,20.4955726,45.03471321,34.46971418,100,45.03471321,2
GEMIN5,other,318.6048333,404.46,343.3976,1066.462433,29.87492324,37.92538653,32.19969023,100,37.92538653,2
GFM1,other,116.6059667,231.5353333,148.4731467,496.6144467,23.48018014,46.62275431,29.89706555,100,46.62275431,2
GID8,other,15.07678333,107.4852,95.31368667,217.87567,6.919902224,49.33327342,43.74682435,100,49.33327342,2
GIT1,other,34.80965,246.4861111,110.8460267,392.1417878,8.876801985,62.85637461,28.26682341,100,62.85637461,2
GLG1,other,27.9319,30.86447778,0,58.79637778,47.50615779,52.49384221,0,100,52.49384221,2
GMEB1,other,0,6.404944444,0,6.404944444,0,100,0,100,100,2
GMEB2,other,0,6.877133333,0,6.877133333,0,100,0,100,100,2
GMPPA,other,22.00578333,69.86944444,51.69704667,143.5722744,15.32732097,48.66499797,36.00768106,100,48.66499797,2
GMPR,other,0,18.14228889,7.92824,26.07052889,0,69.5892629,30.4107371,100,69.5892629,2
GNAI1,other,28.30086667,66.75658889,8.954346667,104.0118022,27.20928401,64.18174425,8.608971747,100,64.18174425,2
GNAI3,other,23.27101667,54.7836,28.98418,107.0387967,21.74073083,51.18106865,27.07820052,100,51.18106865,2
GNG12,other,52.43925,78.29993333,17.35402667,148.09321,35.40962479,52.87206168,11.71831353,100,52.87206168,2
GNPNAT1,other,45.69863333,320.9201111,69.34293333,435.9616778,10.48225926,73.6120002,15.90574054,100,73.6120002,2
GOLGA8M,other,0,64.20111111,0,64.20111111,0,100,0,100,100,2
GOLT1B,other,35.96063333,46.40668889,34.69099333,117.0583156,30.72027234,39.64407712,29.63565055,100,39.64407712,2
GORASP2,other,138.8716667,144.7268889,0,283.5985556,48.96769181,51.03230819,0,100,51.03230819,2
GPAT4,other,0,24.24056667,0,24.24056667,0,100,0,100,100,2
GPC1,other,0,56.39,33.88800667,90.27800667,0,62.46261086,37.53738914,100,62.46261086,2
GPS2,other,0,59.31377778,0,59.31377778,0,100,0,100,100,2
GPSM2,other,0,10.2615,0,10.2615,0,100,0,100,100,2
GPT2,other,0,68.26477778,0,68.26477778,0,100,0,100,100,2
GPX8,other,58.14303333,88.25847778,65.0432,211.4447111,27.49798424,41.74068829,30.76132747,100,41.74068829,2
GRTP1,other,0,53.15933333,29.75593333,82.91526667,0,64.1128413,35.8871587,100,64.1128413,2
GSK3B,other,30.67775,87.43403333,10.82188,128.9336633,23.79343703,67.81319252,8.393370451,100,67.81319252,2
GSPT2,other,276.1000667,304.3685556,248.9258667,829.3944889,33.2893539,36.69768242,30.01296367,100,36.69768242,2
GSTZ1,other,23.58325,66.35897778,26.21773333,116.1599611,20.30239144,57.12723829,22.57037027,100,57.12723829,2
GTF2H4,other,11.90566667,28.42572222,27.20878667,67.54017556,17.6275329,42.08713109,40.28533601,100,42.08713109,2
GTF3C2,other,0,7.003055556,0,7.003055556,0,100,0,100,100,2
GTF3C5,other,91.3235,237.1096667,218.2090467,546.6422133,16.70626559,43.37565978,39.91807463,100,43.37565978,2
GTPBP10,other,141.3231667,802.5183333,409.9739267,1353.815427,10.43887992,59.27826774,30.28285234,100,59.27826774,2
GTPBP6,other,0,10.38646667,0,10.38646667,0,100,0,100,100,2
GYG1,other,97.76916667,178.9674222,0,276.7365889,35.3293242,64.6706758,0,100,64.6706758,2
H2AFX,other,332.6975,1059.328444,623.6425333,2015.668478,16.50556645,52.55469618,30.93973737,100,52.55469618,2
H2AFZ,other,0,42.2961,10.77342667,53.06952667,0,79.69941067,20.30058933,100,79.69941067,2
H3F3A,other,0,80.09633333,66.65264667,146.74898,0,54.5805043,45.4194957,100,54.5805043,2
HACD2,other,0,4.401622222,0,4.401622222,0,100,0,100,100,2
HADHB,other,156.3298833,432.3826667,116.9099467,705.6224967,22.15488935,61.27676891,16.56834174,100,61.27676891,2
HAT1,other,236.9978333,307.4408889,221.62182,766.0605422,30.93721975,40.13271431,28.93006594,100,40.13271431,2
HAUS1,other,0,64.78242222,59.38278667,124.1652089,0,52.17437542,47.82562458,100,52.17437542,2
HAUS3,other,0,140.9070222,0,140.9070222,0,100,0,100,100,2
HAUS6,other,24.96756667,368.91,142.71706,536.5946267,4.652966211,68.75022255,26.59681124,100,68.75022255,2
HAUS8,other,0,21.94683333,0,21.94683333,0,100,0,100,100,2
HBS1L,other,18.67221667,151.2629444,132.6384533,302.5736144,6.171131842,49.9921134,43.83675476,100,49.9921134,2
HDAC1,other,234.3058,266.0328889,71.00248,571.3411689,41.00978763,46.56287755,12.42733482,100,46.56287755,2
HEATR5B,other,0,27.31192222,0,27.31192222,0,100,0,100,100,2
HECTD1,other,182.3585333,207.6928889,45.07343333,435.1248556,41.90947288,47.73179152,10.3587356,100,47.73179152,2
HECTD3,other,0,110.6639333,43.08188667,153.74582,0,71.97849888,28.02150112,100,71.97849888,2
HECTD4,other,0,31.5519,0,31.5519,0,100,0,100,100,2
HELLS,other,188.2225833,299.2227778,292.7404867,780.1858478,24.12535217,38.35275641,37.52189142,100,38.35275641,2
HERC1,other,7.725683333,614.3693333,423.4078667,1045.502883,0.73894424,58.76304534,40.49801042,100,58.76304534,2
HERC2,other,0,258.3415333,72.00836,330.3498933,0,78.20239647,21.79760353,100,78.20239647,2
HIF1AN,other,61.60868333,104.7850778,0,166.3937611,37.02583734,62.97416266,0,100,62.97416266,2
HIP1,other,0,22.10346667,0,22.10346667,0,100,0,100,100,2
HIP1R,other,100.6888833,146.9843667,110.25942,357.93267,28.13067702,41.06480883,30.80451416,100,41.06480883,2
HIST1H2BN,other,458.9171667,482.6501111,375.0250667,1316.592344,34.8564359,36.65903977,28.48452433,100,36.65903977,2
HIST1H4A,other,102.3765,334.845,308.8213,746.0428,13.72260412,44.88281369,41.39458219,100,44.88281369,2
HLA-A,other,33.4883,35.21091,5.818586667,74.51779667,44.94000292,47.25167889,7.808318183,100,47.25167889,2
HLA-C,other,28.16193333,126.8922556,110.9174667,265.9716556,10.58832125,47.70893924,41.7027395,100,47.70893924,2
HLTF,other,84.33198333,134.7221111,0,219.0540944,38.49824563,61.50175437,0,100,61.50175437,2
HMGB1,other,130.0175,232.883,0,362.9005,35.82731355,64.17268645,0,100,64.17268645,2
HMGCR,other,0,16.69627778,0,16.69627778,0,100,0,100,100,2
HNRNPA0,other,28.2639,169.6925556,156.5691933,354.5256489,7.972314581,47.86467667,44.16300875,100,47.86467667,2
HNRNPA2B1,other,97.78198333,244.3726667,208.32478,550.47943,17.76305853,44.39269723,37.84424424,100,44.39269723,2
HNRNPA3,other,174.9778333,371.6154444,258.38714,804.9804178,21.73690558,46.16453223,32.09856219,100,46.16453223,2
HNRNPDL,other,153.4688333,396.4087778,258.6278,808.5054111,18.98179421,49.02982371,31.98838207,100,49.02982371,2
HNRNPH2,other,14.16573333,34.43684444,22.7226,71.32517778,19.86077536,48.28147019,31.85775445,100,48.28147019,2
HNRNPLL,other,75.393,210.8355556,148.1896133,434.4181689,17.35493711,48.53285858,34.11220431,100,48.53285858,2
HNRNPR,other,625.7491667,724.3032222,608.0953333,1958.147722,31.95617775,36.9892023,31.05461996,100,36.9892023,2
HNRNPU,other,325.2635,506.4096667,330.0205333,1161.6937,27.99907583,43.59235715,28.40856702,100,43.59235715,2
HOXD9,other,0,17.51496667,10.45806,27.97302667,0,62.61377031,37.38622969,100,62.61377031,2
HP1BP3,other,0,242.4388889,104.2718867,346.7107756,0,69.92539776,30.07460224,100,69.92539776,2
HPS5,other,0,136.6288111,20.28021333,156.9090244,0,87.07517722,12.92482278,100,87.07517722,2
HS2ST1,other,0,8.761388889,0,8.761388889,0,100,0,100,100,2
HSP90B1,other,312.5345333,318.0445556,207.6385333,838.2176222,37.28560759,37.94295743,24.77143499,100,37.94295743,2
HSPA8,other,917.8621667,1196.010111,1095.660267,3209.532544,28.59800155,37.26430857,34.13768988,100,37.26430857,2
HSPA9,other,430.6241667,739.1836667,701.3887333,1871.196567,23.01330466,39.50326117,37.48343417,100,39.50326117,2
HSPE1,other,260.9803333,336.3134444,43.23342667,640.5272044,40.74461343,52.50572374,6.749662835,100,52.50572374,2
HTATSF1,other,183.7293333,475.7932222,350.5830133,1010.105569,18.18912191,47.10331641,34.70756168,100,47.10331641,2
IARS2,other,129.3255,306.3776667,0,435.7031667,29.68201975,70.31798025,0,100,70.31798025,2
IDH2,other,126.2448333,271.0696667,0,397.3145,31.77453462,68.22546538,0,100,68.22546538,2
IDH3G,other,0,43.48825556,7.08568,50.57393556,0,85.98946291,14.01053709,100,85.98946291,2
IDI1,other,10.34648333,16.12004444,0,26.46652778,39.09271144,60.90728856,0,100,60.90728856,2
IFRD2,other,0,79.79354444,41.13586667,120.9294111,0,65.9835715,34.0164285,100,65.9835715,2
IGF2BP3,other,79.681,215.6841556,101.29534,396.6604956,20.08795958,54.3750028,25.53703763,100,54.3750028,2
IKBKB,other,30.67385,215.3912222,135.7653867,381.8304589,8.033369074,56.41017295,35.55645798,100,56.41017295,2
IKBKG,other,0,82.08361111,57.49250667,139.5761178,0,58.80920921,41.19079079,100,58.80920921,2
ILF2,other,211.6513833,441.8106667,362.5975333,1016.059583,20.83060746,43.48275179,35.68664075,100,43.48275179,2
ILKAP,other,98.50796667,225.4704222,94.36247333,418.3408622,23.54729733,53.89634209,22.55636058,100,53.89634209,2
IMPDH1,other,111.3785,328.336,110.4385133,550.1530133,20.24500408,59.68085097,20.07414495,100,59.68085097,2
INPP1,other,14.99641667,26.21456667,5.018666667,46.22965,32.43895783,56.70509439,10.85594779,100,56.70509439,2
INTS1,other,79.321,265.2827778,186.0692,530.6729778,14.94724686,49.98987868,35.06287446,100,49.98987868,2
INTS11,other,0,119.0943333,46.91577333,166.0101067,0,71.73920656,28.26079344,100,71.73920656,2
INTS4,other,78.77155,219.2824556,90.1952,388.2492056,20.28891466,56.4798208,23.23126454,100,56.4798208,2
INTS5,other,0,96.37641111,19.11095333,115.4873644,0,83.45190972,16.54809028,100,83.45190972,2
INTS6,other,15.52371667,106.3887778,44.73960667,166.6521011,9.315044073,63.83884576,26.84611017,100,63.83884576,2
INTS8,other,0,44.50666667,0,44.50666667,0,100,0,100,100,2
INTS9,other,114.2195,285.9757778,166.5965333,566.7918111,20.15193194,50.45517105,29.39289702,100,50.45517105,2
IPO7,other,372.9673333,377.9472222,173.3062733,924.2208289,40.35478553,40.89360577,18.7516087,100,40.89360577,2
IPO9,other,121.4207,250.1233333,168.70886,540.2528933,22.4747894,46.29745373,31.22775687,100,46.29745373,2
IRAK1,other,0,87.94998889,76.1304,164.0803889,0,53.6017677,46.3982323,100,53.6017677,2
ISY1,other,65.44506667,77.81638889,21.18505333,164.4465089,39.79717606,47.32018297,12.88264097,100,47.32018297,2
ITPR1,other,0,87.33111111,33.03113333,120.3622444,0,72.55689815,27.44310185,100,72.55689815,2
ITPR3,other,11.00588333,300.2174444,225.8218667,537.0451944,2.049340251,55.90170949,42.04895026,100,55.90170949,2
IVNS1ABP,other,6.680016667,22.89874444,0,29.57876111,22.58382845,77.41617155,0,100,77.41617155,2
JMJD1C,other,0,24.27272222,0,24.27272222,0,100,0,100,100,2
KANK2,other,0,75.22274444,14.42411333,89.64685778,0,83.91007371,16.08992629,100,83.91007371,2
KAT5,other,0,30.44255556,0,30.44255556,0,100,0,100,100,2
KCMF1,other,52.8726,175.2747778,174.9419,403.0892778,13.11684605,43.4828678,43.40028615,100,43.4828678,2
KCNN4,other,0,107.5185778,20.0471,127.5656778,0,84.28487948,15.71512052,100,84.28487948,2
KDELR1,other,0,64.47322222,0,64.47322222,0,100,0,100,100,2
KDELR3,other,0,68.78694444,11.27978667,80.06673111,0,85.912018,14.087982,100,85.912018,2
KDM1A,other,151.8973333,204.1204444,4.38412,360.4018978,42.14665191,56.63689501,1.216453084,100,56.63689501,2
KDM1B,other,0,122.5684111,0,122.5684111,0,100,0,100,100,2
KDM3A,other,0,39.39022222,0,39.39022222,0,100,0,100,100,2
KIAA0100,other,0,27.38581111,0,27.38581111,0,100,0,100,100,2
KIAA2013,other,21.7948,113.5230667,26.56431333,161.88218,13.46337194,70.1269693,16.40965876,100,70.1269693,2
KIDINS220,other,0,42.55577778,28.51976667,71.07554444,0,59.87400886,40.12599114,100,59.87400886,2
KIF20A,other,32.50688333,166.2389889,96.26762,295.0134922,11.01877853,56.3496224,32.63159908,100,56.3496224,2
KIF22,other,0,26.60167778,0,26.60167778,0,100,0,100,100,2
KIF23,other,59.63566667,230.4965556,213.1112133,503.2434356,11.85026221,45.80219816,42.34753964,100,45.80219816,2
KLC2,other,36.41183333,218.5521111,173.2446667,428.2086111,8.503293112,51.03870063,40.45800625,100,51.03870063,2
KLHL12,other,0,31.26978889,0,31.26978889,0,100,0,100,100,2
KLHL20,other,0,40.61522222,0,40.61522222,0,100,0,100,100,2
KNL1,other,0,36.25296667,16.95588,53.20884667,0,68.13334424,31.86665576,100,68.13334424,2
KNTC1,other,109.766,257.7759333,86.95825333,454.5001867,24.15092517,56.71635368,19.13272115,100,56.71635368,2
KPNA6,other,9.047466667,126.1238778,71.48691333,206.6582578,4.377984584,61.030166,34.59184941,100,61.030166,2
KRR1,other,152.372,277.6922889,276.6098,706.6740889,21.561849,39.29566589,39.14248511,100,39.29566589,2
KTN1,other,61.04398333,151.4906111,118.75914,331.2937344,18.42593958,45.72697741,35.84708301,100,45.72697741,2
LARP1,other,129.6195,274.1195556,259.8744,663.6134556,19.53237972,41.30711233,39.16050795,100,41.30711233,2
LARP1B,other,0,395.4188889,157.9025067,553.3213956,0,71.46278674,28.53721326,100,71.46278674,2
LARS,other,131.3570333,455.8597778,239.0930667,826.3098778,15.89682477,55.1681385,28.93503673,100,55.1681385,2
LBR,other,98.30433333,200.2453889,118.7348933,417.2846156,23.55810151,47.98772383,28.45417466,100,47.98772383,2
LCMT1,other,0,58.14141111,15.40111333,73.54252444,0,79.05822047,20.94177953,100,79.05822047,2
LDHB,other,394.1303333,504.7605556,274.3832,1173.274089,33.59234957,43.02153779,23.38611264,100,43.02153779,2
LEMD3,other,26.73096667,136.3108222,53.40255333,216.4443422,12.35004177,62.977309,24.67264923,100,62.977309,2
LEO1,other,28.81825,161.891,106.1280333,296.8372833,9.708433414,54.53863416,35.75293243,100,54.53863416,2
LETM1,other,145.1326,170.8868889,129.5167667,445.5362556,32.57481253,38.35532726,29.06986021,100,38.35532726,2
LGALS3BP,other,191.8678833,302.3182222,206.29486,700.4809656,27.39087752,43.15866342,29.45045906,100,43.15866342,2
LIG3,other,51.0345,323.2965556,139.74406,514.0751156,9.927440262,62.88897201,27.18358772,100,62.88897201,2
LLGL1,other,0,11.6693,0,11.6693,0,100,0,100,100,2
LMAN1,other,86.6908,88.54967778,39.99804,215.2385178,40.27662005,41.14025626,18.5831237,100,41.14025626,2
LMF2,other,0,16.73793333,0,16.73793333,0,100,0,100,100,2
LONP1,other,274.3445,289.6957778,283.9255333,847.9658111,32.35325014,34.16361532,33.48313453,100,34.16361532,2
LPCAT1,other,102.7013333,207.7535556,103.8921067,414.3469956,24.78631061,50.13999324,25.07369615,100,50.13999324,2
LPCAT3,other,40.34616667,83.35566667,37.33313333,161.0349667,25.05428945,51.76246401,23.18324654,100,51.76246401,2
LRBA,other,175.2383333,179.1026667,94.70546667,449.0464667,39.02454341,39.88510766,21.09034893,100,39.88510766,2
LRCH3,other,0,38.90822222,31.96195333,70.87017556,0,54.90069965,45.09930035,100,54.90069965,2
LRP2,other,0,107.3547778,0,107.3547778,0,100,0,100,100,2
LRPPRC,other,257.2752667,641.9065556,572.8426,1472.024422,17.47764934,43.60705881,38.91529185,100,43.60705881,2
LRRC1,other,0,138.3976444,8.674233333,147.0718778,0,94.10204489,5.897955112,100,94.10204489,2
LRRC40,other,0,13.43632222,0,13.43632222,0,100,0,100,100,2
LRRC47,other,43.34276667,233.4674333,167.0721133,443.8823133,9.764472556,52.59669654,37.63883091,100,52.59669654,2
LRRC59,other,283.7763333,527.1792222,526.329,1337.284556,21.22034029,39.42161898,39.35804073,100,39.42161898,2
LRRC8C,other,13.3249,43.51122222,32.18686667,89.02298889,14.9679315,48.87638886,36.15567964,100,48.87638886,2
LTV1,other,0,450.574,387.9954,838.5694,0,53.73127138,46.26872862,100,53.73127138,2
LUC7L3,other,8.190816667,30.36456667,0,38.55538333,21.24428798,78.75571202,0,100,78.75571202,2
LYPLA2,other,0,117.2557778,5.5615,122.8172778,0,95.47172833,4.528271674,100,95.47172833,2
MACF1,other,31.57888333,110.6839333,49.576,191.8388167,16.46115415,57.6963178,25.84252805,100,57.6963178,2
MAD2L1,other,86.08535,156.9074444,137.11614,380.1089344,22.64754711,41.27959914,36.07285375,100,41.27959914,2
MADD,other,0,15.27258889,0,15.27258889,0,100,0,100,100,2
MAEA,other,0,45.88038889,21.25205333,67.13244222,0,68.34309519,31.65690481,100,68.34309519,2
MAGEB2,other,0,822.3802222,737.3486667,1559.728889,0,52.72584409,47.27415591,100,52.72584409,2
MAGED2,other,28.96445,103.5276778,30.42956,162.9216878,17.77814261,63.54444223,18.67741515,100,63.54444223,2
MAIP1,other,75.35906667,102.6933333,89.62339333,267.6757933,28.15311229,38.36481889,33.48206882,100,38.36481889,2
MALSU1,other,0,29.32316667,0,29.32316667,0,100,0,100,100,2
MAP2K3,other,140.0875,339.9426667,74.78672,554.8168867,25.2493216,61.27114636,13.47953204,100,61.27114636,2
MAP2K7,other,0,195.7984444,17.89580667,213.6942511,0,91.62550861,8.374491393,100,91.62550861,2
MAP3K6,other,0,12.00785556,9.782673333,21.79052889,0,55.10584721,44.89415279,100,55.10584721,2
MAP3K7,other,0,75.74811111,0,75.74811111,0,100,0,100,100,2
MAP4K2,other,0,36.10822222,0,36.10822222,0,100,0,100,100,2
MAP7,other,0,31.1919,0,31.1919,0,100,0,100,100,2
MAPKAPK3,other,0,13.52412222,0,13.52412222,0,100,0,100,100,2
MAPRE2,other,207.2885,319.8834444,185.4915733,712.6635178,29.08644751,44.88562084,26.02793165,100,44.88562084,2
MARS,other,340.9721667,394.091,366.9808,1102.043967,30.93997853,35.76000703,33.30001444,100,35.76000703,2
MARS2,other,21.758,83.58087778,71.2366,176.5754778,12.32220933,47.33436309,40.34342758,100,47.33436309,2
MASTL,other,29.2869,81.47928889,0,110.7661889,26.44028859,73.55971141,0,100,73.55971141,2
MAX,other,0,48.05218889,9.682846667,57.73503556,0,83.22882012,16.77117988,100,83.22882012,2
MBD2,other,77.65233333,89.03746667,0,166.6898,46.58493401,53.41506599,0,100,53.41506599,2
MBD3,other,46.16438333,176.6584444,58.99553333,281.8183611,16.38089979,62.6852146,20.93388561,100,62.6852146,2
MBNL2,other,0,220.3632222,48.8834,269.2466222,0,81.84437762,18.15562238,100,81.84437762,2
MBOAT7,other,77.68466667,221.1373111,160.8220133,459.6439911,16.90105129,48.11056282,34.98838589,100,48.11056282,2
MCM2,other,51.3351,176.9374,123.7254067,351.9979067,14.58392196,50.26660575,35.14947229,100,50.26660575,2
MCMBP,other,270.9401667,318.0527,41.19328,630.1861467,42.99367228,50.46964324,6.536684473,100,50.46964324,2
MCU,other,0,23.92396667,3.33372,27.25768667,0,87.76961508,12.23038492,100,87.76961508,2
MDC1,other,32.69625,753.8334444,377.1436933,1163.673388,2.809744585,64.78050047,32.40975494,100,64.78050047,2
MEAF6,other,0,131.7091222,100.8168667,232.5259889,0,56.64275329,43.35724671,100,56.64275329,2
MED13L,other,0,127.3610333,3.109246667,130.47028,0,97.61689278,2.383107223,100,97.61689278,2
MED14,other,48.46415,172.7070778,169.29532,390.4665478,12.41185712,44.23095365,43.35718923,100,44.23095365,2
MED16,other,151.2273333,260.5912222,215.4216,627.2401556,24.10995725,41.54568548,34.34435728,100,41.54568548,2
MED19,other,0,34.56108889,4.39212,38.95320889,0,88.72462597,11.27537403,100,88.72462597,2
MED23,other,108.66645,296.3865556,170.4799,575.5329056,18.88101427,51.4977602,29.62122554,100,51.4977602,2
MET,other,59.58666667,169.4825667,65.83266667,294.9019,20.20558927,57.470829,22.32358173,100,57.470829,2
METAP1,other,0,190.8893333,3.56708,194.4564133,0,98.16561463,1.834385371,100,98.16561463,2
METTL15,other,0,282.6685333,145.7793867,428.44792,0,65.97500423,34.02499577,100,65.97500423,2
METTL7B,other,51.67908333,244.5541111,162.0528267,458.2860211,11.27660041,53.36276907,35.36063052,100,53.36276907,2
METTL8,other,0,25.05584444,0,25.05584444,0,100,0,100,100,2
MFSD10,other,0,32.126,0,32.126,0,100,0,100,100,2
MGAM2,other,0,4.561777778,0,4.561777778,0,100,0,100,100,2
MINK1,other,0,76.22538889,47.97774667,124.2031356,0,61.37154956,38.62845044,100,61.37154956,2
MIS18A,other,0,19.46378889,17.00001333,36.46380222,0,53.37838542,46.62161458,100,53.37838542,2
MISP,other,0,24.86741111,16.15574,41.02315111,0,60.61799359,39.38200641,100,60.61799359,2
MKI67,other,0,174.8304444,96.82406667,271.6545111,0,64.35764447,35.64235553,100,64.35764447,2
MLEC,other,146.49235,219.1111889,173.5986667,539.2022056,27.16835141,40.63618187,32.19546672,100,40.63618187,2
MMTAG2,other,0,5.153766667,0,5.153766667,0,100,0,100,100,2
MOCS3,other,0,93.17544444,8.21254,101.3879844,0,91.89988829,8.100111709,100,91.89988829,2
MON2,other,0,240.772,120.8304,361.6024,0,66.58473506,33.41526494,100,66.58473506,2
MORF4L1,other,19.21628333,58.35627778,45.05597333,122.6285344,15.67031965,47.58784572,36.74183463,100,47.58784572,2
MPG,other,0,61.19071111,24.45746667,85.64817778,0,71.44426501,28.55573499,100,71.44426501,2
MRE11,other,52.54776667,195.9376667,5.212046667,253.69748,20.71276651,77.23279974,2.054433756,100,77.23279974,2
MRM3,other,0,187.3409222,142.8646133,330.2055356,0,56.73464011,43.26535989,100,56.73464011,2
MROH1,other,0,42.95622222,0,42.95622222,0,100,0,100,100,2
MRPL1,other,112.4059,180.9430111,0,293.3489111,38.31815826,61.68184174,0,100,61.68184174,2
MRPL10,other,0,66.58803333,3.78688,70.37491333,0,94.6189916,5.381008403,100,94.6189916,2
MRPL11,other,15.33188333,352.0348889,174.16692,541.5336922,2.831196573,65.00701507,32.16178836,100,65.00701507,2
MRPL12,other,254.307,264.9264444,138.45002,657.6834644,38.66708132,40.2817554,21.05116329,100,40.2817554,2
MRPL13,other,0,243.3277778,22.16026667,265.4880444,0,91.65300769,8.346992315,100,91.65300769,2
MRPL14,other,0,198.1914667,74.3207,272.5121667,0,72.72756629,27.27243371,100,72.72756629,2
MRPL15,other,0,388.408,67.44628,455.85428,0,85.20442103,14.79557897,100,85.20442103,2
MRPL16,other,0,199.0066667,0,199.0066667,0,100,0,100,100,2
MRPL17,other,0,146.099,12.57880667,158.6778067,0,92.07273725,7.927262754,100,92.07273725,2
MRPL18,other,0,58.2043,0,58.2043,0,100,0,100,100,2
MRPL19,other,81.72493333,304.602,118.6087333,504.9356667,16.18521699,60.32491268,23.48987033,100,60.32491268,2
MRPL2,other,0,154.908,22.65945333,177.5674533,0,87.23896023,12.76103977,100,87.23896023,2
MRPL20,other,0,116.3054444,67.5722,183.8776444,0,63.25154142,36.74845858,100,63.25154142,2
MRPL21,other,43.4486,127.2523778,0,170.7009778,25.45304694,74.54695306,0,100,74.54695306,2
MRPL22,other,0,102.8855778,46.04848,148.9340578,0,69.08129632,30.91870368,100,69.08129632,2
MRPL23,other,0,117.5161556,78.68817333,196.2043289,0,59.89478225,40.10521775,100,59.89478225,2
MRPL24,other,0,127.1195556,31.88193333,159.0014889,0,79.94865736,20.05134264,100,79.94865736,2
MRPL27,other,0,193.4047778,32.60666667,226.0114444,0,85.57300196,14.42699804,100,85.57300196,2
MRPL28,other,0,149.2501111,115.5544667,264.8045778,0,56.36236064,43.63763936,100,56.36236064,2
MRPL3,other,0,314.3381556,82.00376667,396.3419222,0,79.30984282,20.69015718,100,79.30984282,2
MRPL30,other,0,50.30266667,0,50.30266667,0,100,0,100,100,2
MRPL32,other,0,68.21933333,36.95110667,105.17044,0,64.8655015,35.1344985,100,64.8655015,2
MRPL33,other,0,203.632,0,203.632,0,100,0,100,100,2
MRPL34,other,0,93.91011111,0,93.91011111,0,100,0,100,100,2
MRPL35,other,0,53.10844444,0,53.10844444,0,100,0,100,100,2
MRPL37,other,35.7504,164.8507667,163.9644667,364.5656333,9.806300082,45.21840557,44.97529434,100,45.21840557,2
MRPL39,other,0,647.9763333,60.57252667,708.54886,0,91.45118564,8.548814357,100,91.45118564,2
MRPL4,other,0,394.0512222,70.39897133,464.4501936,0,84.84251437,15.15748563,100,84.84251437,2
MRPL40,other,0,279.0786667,234.8626667,513.9413333,0,54.3016583,45.6983417,100,54.3016583,2
MRPL41,other,84.77783333,334.9438889,333.89612,753.6178422,11.24944615,44.44479285,44.305761,100,44.44479285,2
MRPL42,other,0,81.54602222,7.52968,89.07570222,0,91.54687551,8.453124491,100,91.54687551,2
MRPL43,other,0,86.5494,0,86.5494,0,100,0,100,100,2
MRPL44,other,72.85233333,270.1115889,149.8845333,492.8484556,14.7818934,54.80621596,30.41189064,100,54.80621596,2
MRPL46,other,0,157.2333444,28.71146667,185.9448111,0,84.55914607,15.44085393,100,84.55914607,2
MRPL47,other,7.586495,391.7410111,192.7646667,592.0921728,1.281303038,66.16216683,32.55653014,100,66.16216683,2
MRPL49,other,0,326.2018,100.7920933,426.9938933,0,76.39495672,23.60504328,100,76.39495672,2
MRPL50,other,0,101.9827,100.8173667,202.8000667,0,50.28731089,49.71268911,100,50.28731089,2
MRPL51,other,0,29.23838889,0,29.23838889,0,100,0,100,100,2
MRPL52,other,0,104.6253,25.62506667,130.2503667,0,80.32629979,19.67370021,100,80.32629979,2
MRPL53,other,0,240.6738889,0,240.6738889,0,100,0,100,100,2
MRPL54,other,54.84326667,120.6158667,6.933306667,182.39244,30.06882668,66.12986079,3.801312525,100,66.12986079,2
MRPL55,other,0,104.2044556,0,104.2044556,0,100,0,100,100,2
MRPL57,other,0,99.24344444,98.90359333,198.1470378,0,50.0857573,49.9142427,100,50.0857573,2
MRPL9,other,0,251.7723333,36.8798,288.6521333,0,87.22344451,12.77655549,100,87.22344451,2
MRPS10,other,38.26405,118.5164444,0,156.7804944,24.40612918,75.59387082,0,100,75.59387082,2
MRPS11,other,0,349.3645889,180.7411333,530.1057222,0,65.90470056,34.09529944,100,65.90470056,2
MRPS12,other,0,79.9171,0,79.9171,0,100,0,100,100,2
MRPS14,other,0,69.05371111,53.37154,122.4252511,0,56.40479434,43.59520566,100,56.40479434,2
MRPS15,other,70.29433333,90.9487,0,161.2430333,43.59526851,56.40473149,0,100,56.40473149,2
MRPS16,other,57.32716667,342.9775556,122.0575533,522.3622756,10.97459931,65.6589443,23.36645639,100,65.6589443,2
MRPS17,other,108.9248333,486.0448889,148.3507333,743.3204556,14.65381889,65.38833759,19.95784351,100,65.38833759,2
MRPS18A,other,0,166.6015889,0,166.6015889,0,100,0,100,100,2
MRPS18B,other,83.5825,124.7541111,38.05967333,246.3962844,33.92198068,50.6314904,15.44652892,100,50.6314904,2
MRPS18C,other,0,19.79921111,0,19.79921111,0,100,0,100,100,2
MRPS2,other,43.36016667,290.0436667,5.853926667,339.25776,12.78089163,85.49359834,1.725510027,100,85.49359834,2
MRPS21,other,27.79508333,50.0798,0,77.87488333,35.69197428,64.30802572,0,100,64.30802572,2
MRPS26,other,0,189.2227,132.2638,321.4865,0,58.8586768,41.1413232,100,58.8586768,2
MRPS28,other,47.13508333,75.03844444,23.34774667,145.5212744,32.39051026,51.56527438,16.04421536,100,51.56527438,2
MRPS30,other,61.96083333,449.6588889,145.54918,657.1689022,9.428448778,68.42364077,22.14791045,100,68.42364077,2
MRPS31,other,7.899866667,150.1469,114.6912667,272.7380333,2.896503495,55.05169124,42.05180527,100,55.05169124,2
MRPS33,other,0,143.8488667,0,143.8488667,0,100,0,100,100,2
MRPS34,other,120.528,300.0985556,202.7611667,623.3877222,19.33435576,48.13995285,32.52569139,100,48.13995285,2
MRPS35,other,36.43526667,210.7111111,76.05187333,323.1982511,11.27334896,65.19562231,23.53102873,100,65.19562231,2
MRPS5,other,89.9705,274.3668889,160.3626667,524.7000556,17.14703459,52.29023439,30.56273102,100,52.29023439,2
MRPS9,other,139.6215,285.2594444,275.7666667,700.6476111,19.92749248,40.71368259,39.35882493,100,40.71368259,2
MSI1,other,0,66.2081,43.25681333,109.4649133,0,60.48339873,39.51660127,100,60.48339873,2
MSTO1,other,0,32.20802222,0,32.20802222,0,100,0,100,100,2
MTA1,other,125.1093333,306.984,231.9226133,664.0159467,18.84131457,46.23141982,34.9272656,100,46.23141982,2
MT-ATP6,other,43.84268333,112.3031111,14.12752,170.2733144,25.74841717,65.95461625,8.296966583,100,65.95461625,2
MTBP,other,0,54.25074444,0,54.25074444,0,100,0,100,100,2
MTERF3,other,37.88753333,53.21955556,0,91.10708889,41.58571391,58.41428609,0,100,58.41428609,2
MTG2,other,0,89.68644444,0,89.68644444,0,100,0,100,100,2
MTHFD1,other,333.4387833,456.5791111,366.2804,1156.298294,28.83674437,39.48627385,31.67698178,100,39.48627385,2
MTIF3,other,0,69.68277778,0,69.68277778,0,100,0,100,100,2
MTMR1,other,0,8.596377778,0,8.596377778,0,100,0,100,100,2
MT-ND2,other,0,18.79928889,0,18.79928889,0,100,0,100,100,2
MT-ND4,other,34.98806667,84.05016667,27.99246,147.0306933,23.79643724,57.16504817,19.03851459,100,57.16504817,2
MT-ND5,other,0,36.24088889,14.45656,50.69744889,0,71.48464012,28.51535988,100,71.48464012,2
MTO1,other,19.78596667,94.36077778,61.97622667,176.1229711,11.2341772,53.57664431,35.18917849,100,53.57664431,2
MTOR,other,137.9557333,250.1062222,162.92232,550.9842756,25.03805271,45.39262431,29.56932298,100,45.39262431,2
MTPAP,other,15.5224,287.2038889,250.5621933,553.2884822,2.805480414,51.90852478,45.28599481,100,51.90852478,2
MTUS1,other,0,68.33094444,30.51677333,98.84771778,0,69.1274882,30.8725118,100,69.1274882,2
MYADM,other,0,42.79622222,28.32832667,71.12454889,0,60.1708171,39.8291829,100,60.1708171,2
MYBBP1A,other,136.3208333,308.3904444,279.0523067,723.7635844,18.83499478,42.60927892,38.5557263,100,42.60927892,2
MYH10,other,66.38236667,295.5735556,111.0135667,472.9694889,14.03523234,62.49315495,23.47161271,100,62.49315495,2
MYH14,other,211.4218333,264.1441111,179.9606667,655.5266111,32.25221215,40.29494862,27.45283923,100,40.29494862,2
MYH9,other,205.6774833,251.2238889,173.2062,630.1075722,32.64164603,39.86999998,27.48835399,100,39.86999998,2
MYO19,other,109.8028333,177.3943333,123.04046,410.2376267,26.76566609,43.24184858,29.99248533,100,43.24184858,2
MYO1E,other,99.45846667,204.8188889,71.11496667,375.3923222,26.49453939,54.56128875,18.94417186,100,54.56128875,2
MYO5C,other,0,67.42654444,47.05019333,114.4767378,0,58.89977803,41.10022197,100,58.89977803,2
MYO6,other,109.3970167,234.1428,146.40952,489.9493367,22.32823039,47.78918604,29.88258357,100,47.78918604,2
MYO9B,other,16.35915,373.0535556,256.4435333,645.8562389,2.532939842,57.76108259,39.70597757,100,57.76108259,2
MZT2A,other,0,67.12495556,0,67.12495556,0,100,0,100,100,2
NAA16,other,0,14.46207778,0,14.46207778,0,100,0,100,100,2
NAA25,other,0,26.79088889,0,26.79088889,0,100,0,100,100,2
NAA35,other,69.32116667,157.1184,90.63886667,317.0784333,21.86246663,49.55190372,28.58562965,100,49.55190372,2
NAA40,other,0,183.8514444,0,183.8514444,0,100,0,100,100,2
NAB1,other,0,40.667,0,40.667,0,100,0,100,100,2
NACA,other,218.7771667,342.2375556,159.6138267,720.6285489,30.35921447,47.49153445,22.14925108,100,47.49153445,2
NACA4P,other,0,56.12755556,0,56.12755556,0,100,0,100,100,2
NACC1,other,12.99515,59.07867778,38.74757333,110.8214011,11.7262098,53.30980946,34.96398073,100,53.30980946,2
NACC2,other,0,53.3496,0,53.3496,0,100,0,100,100,2
NAF1,other,79.31856667,161.5751111,0,240.8936778,32.92679467,67.07320533,0,100,67.07320533,2
NAP1L1,other,393.2398333,405.9496667,285.2995333,1084.489033,36.26037897,37.4323441,26.30727694,100,37.4323441,2
NARS2,other,0,19.03505556,0,19.03505556,0,100,0,100,100,2
NAT1,other,0,62.34108889,25.26738,87.60846889,0,71.15874718,28.84125282,100,71.15874718,2
NBAS,other,0,135.9634333,134.83728,270.8007133,0,50.20793027,49.79206973,100,50.20793027,2
NCAPH,other,113.1535,417.6491,325.8716667,856.6742667,13.20846259,48.75238072,38.0391567,100,48.75238072,2
NCBP1,other,132.8361,170.3555889,141.08186,444.2735489,29.89961935,38.34475163,31.75562902,100,38.34475163,2
NCDN,other,43.86803333,94.96202222,0,138.8300556,31.59836907,68.40163093,0,100,68.40163093,2
NCL,other,298.6353333,897.9983333,584.3732,1781.006867,16.76778113,50.42082376,32.81139511,100,50.42082376,2
NDUFA10,other,99.6095,368.7654444,138.06898,606.4439244,16.42517898,60.80783888,22.76698215,100,60.80783888,2
NDUFA11,other,0,72.41887778,49.39011333,121.8089911,0,59.45281799,40.54718201,100,59.45281799,2
NDUFA12,other,0,10.78106667,0,10.78106667,0,100,0,100,100,2
NDUFA13,other,21.98883333,74.46033333,66.81954667,163.2687133,13.46787935,45.60600241,40.92611824,100,45.60600241,2
NDUFA3,other,0,7.959722222,0,7.959722222,0,100,0,100,100,2
NDUFA8,other,0,82.49634444,0,82.49634444,0,100,0,100,100,2
NDUFB3,other,65.5815,78.06,5.99458,149.63608,43.82733095,52.16656304,4.006106014,100,52.16656304,2
NDUFB4,other,0,36.2229,6.44286,42.66576,0,84.89922598,15.10077402,100,84.89922598,2
NDUFB5,other,0,41.16681111,9.38662,50.55343111,0,81.43227909,18.56772091,100,81.43227909,2
NDUFB6,other,106.5915,225.1405556,192.5288667,524.2609222,20.33176525,42.94437102,36.72386373,100,42.94437102,2
NDUFB8,other,0,16.8026,14.33640667,31.13900667,0,53.95997432,46.04002568,100,53.95997432,2
NDUFB9,other,26.34008333,76.72375556,65.86456667,168.9284056,15.59245365,45.41791258,38.98963377,100,45.41791258,2
NDUFS1,other,44.53115,133.4115333,46.77334,224.7160233,19.81663316,59.36894546,20.81442138,100,59.36894546,2
NDUFS2,other,210.3674833,346.3336667,324.1242667,880.8254167,23.88299422,39.3192181,36.79778768,100,39.3192181,2
NDUFS4,other,0,69.16318889,12.66834667,81.83153556,0,84.51899188,15.48100812,100,84.51899188,2
NDUFS6,other,14.09456667,32.59026667,0,46.68483333,30.19088997,69.80911003,0,100,69.80911003,2
NDUFS8,other,0,12.96537778,0,12.96537778,0,100,0,100,100,2
NDUFV1,other,0,34.22664444,0,34.22664444,0,100,0,100,100,2
NDUFV2,other,91.77795,336.6088889,172.5868,600.9736389,15.27154339,56.01059133,28.71786528,100,56.01059133,2
NEK9,other,67.80583333,162.7512778,50.75014667,281.3072578,24.1038336,57.85534261,18.04082378,100,57.85534261,2
NEMF,other,0,261.1447111,238.6416133,499.7863244,0,52.25127186,47.74872814,100,52.25127186,2
NEPRO,other,0,18.26544444,8.8952,27.16064444,0,67.24967252,32.75032748,100,67.24967252,2
NHP2,other,48.41825,62.64347778,0,111.0617278,43.59580115,56.40419885,0,100,56.40419885,2
NKIRAS2,other,20.74428333,45.04544444,0,65.78972778,31.53118889,68.46881111,0,100,68.46881111,2
NLRP2,other,46.67498333,242.8174444,201.1978467,490.6902744,9.512106876,49.48487001,41.00302312,100,49.48487001,2
NME2,other,301.4868833,311.2277778,40.42613333,653.1407944,46.15955486,47.65094761,6.189497529,100,47.65094761,2
NMT1,other,310.5483333,645.9202222,277.9469333,1234.415489,25.1575208,52.32599785,22.51648135,100,52.32599785,2
NOA1,other,41.27266667,130.4999889,120.8043533,292.5770089,14.10659943,44.60363765,41.28976292,100,44.60363765,2
NOB1,other,64.2872,420.5741111,263.1188,747.9801111,8.594773985,56.22798051,35.1772455,100,56.22798051,2
NOC3L,other,0,719.8206667,406.1586,1125.979267,0,63.92841218,36.07158782,100,63.92841218,2
NOC4L,other,0,50.26176667,38.82891333,89.09068,0,56.41641378,43.58358622,100,56.41641378,2
NOL8,other,0,247.9647778,197.7942667,445.7590444,0,55.62753709,44.37246291,100,55.62753709,2
NOLC1,other,201.8526833,260.3645333,235.4025333,697.61975,28.9344852,37.32184092,33.74367388,100,37.32184092,2
NOM1,other,109.5786667,306.8717111,175.4127667,591.8631444,18.51418993,51.84842374,29.63738633,100,51.84842374,2
NOP14,other,0,341.7313667,206.1286067,547.8599733,0,62.37567687,37.62432313,100,62.37567687,2
NOP16,other,0,445.8282222,352.4265333,798.2547556,0,55.85036846,44.14963154,100,55.85036846,2
NOP56,other,0,284.0572222,282.1964,566.2536222,0,50.16430996,49.83569004,100,50.16430996,2
NPEPPS,other,88.39138333,90.61411111,0,179.0054944,49.37914538,50.62085462,0,100,50.62085462,2
NPM1,other,336.956,588.7086667,335.18448,1260.849147,26.72452933,46.69144348,26.58402719,100,46.69144348,2
NPM3,other,0,54.48533333,0,54.48533333,0,100,0,100,100,2
NQO1,other,160.0901667,181.4491778,13.11797333,354.6573178,45.13939475,51.16183106,3.69877419,100,51.16183106,2
NR2F1,other,0,19.86258889,11.13957333,31.00216222,0,64.06839867,35.93160133,100,64.06839867,2
NR2F6,other,0,98.10192222,34.10386,132.2057822,0,74.20395733,25.79604267,100,74.20395733,2
NSMAF,other,0,189.8322222,25.77887333,215.6110956,0,88.0438095,11.9561905,100,88.0438095,2
NT5E,other,65.89076667,293.8188778,62.43706667,422.1467111,15.60849935,69.60112919,14.79037146,100,69.60112919,2
NTSR1,other,0,13.98191111,0,13.98191111,0,100,0,100,100,2
NUDC,other,122.846,277.5891111,92.96373333,493.3988444,24.89790995,56.26059206,18.84149798,100,56.26059206,2
NUDCD3,other,35.18418333,43.11591111,0,78.30009444,44.93504584,55.06495416,0,100,55.06495416,2
NUMA1,other,0,94.68382222,39.98595333,134.6697756,0,70.30814586,29.69185414,100,70.30814586,2
NUMB,other,0,8.937955556,0,8.937955556,0,100,0,100,100,2
NUP153,other,81.83146667,135.628,48.98602667,266.4454933,30.71227276,50.90271871,18.38500853,100,50.90271871,2
NUP214,other,39.85061667,187.4963556,32.77362,260.1205922,15.32005457,72.08055078,12.59939466,100,72.08055078,2
NUP43,other,0,82.58374444,70.64606667,153.2298111,0,53.89535094,46.10464906,100,53.89535094,2
NUP50,other,47.1141,132.9654111,0,180.0795111,26.16294309,73.83705691,0,100,73.83705691,2
NUP85,other,130.9018333,162.0239333,27.79609333,320.72186,40.81475249,50.51851886,8.666728652,100,50.51851886,2
NUP98,other,36.251,212.2012222,153.7762067,402.2284289,9.012540486,52.75639586,38.23106365,100,52.75639586,2
NUS1,other,0,10.47226667,0,10.47226667,0,100,0,100,100,2
NXT1,other,23.10683333,83.17686667,66.47264,172.75634,13.37538948,48.1469257,38.47768481,100,48.1469257,2
OARD1,other,0,26.95917778,0,26.95917778,0,100,0,100,100,2
OAS3,other,0,427.4614444,349.1992,776.6606444,0,55.03838098,44.96161902,100,55.03838098,2
OCIAD2,other,95.37308333,147.1667667,79.28824667,321.8280967,29.63479085,45.72837741,24.63683174,100,45.72837741,2
OCRL,other,51.47333333,162.4911667,88.04875333,302.0132533,17.04340216,53.80266093,29.15393691,100,53.80266093,2
OGA,other,104.5012833,198.5096667,68.52144667,371.5323967,28.12709854,53.429975,18.44292645,100,53.429975,2
OGDH,other,163.5153333,275.144,81.70912,520.3684533,31.42299121,52.87484248,15.70216632,100,52.87484248,2
OPA1,other,93.11646667,143.4612,132.82046,369.3981267,25.20761746,38.83647199,35.95591055,100,38.83647199,2
OPA3,other,0,16.06122222,0,16.06122222,0,100,0,100,100,2
ORC4,other,73.94768333,177.5727778,101.13294,352.6534011,20.96894092,50.35334332,28.67771576,100,50.35334332,2
ORC5,other,163.1385,176.1647778,0,339.3032778,48.08043738,51.91956262,0,100,51.91956262,2
ORC6,other,0,6.062333333,0,6.062333333,0,100,0,100,100,2
OS9,other,82.11061667,91.15246667,0,173.2630833,47.39071653,52.60928347,0,100,52.60928347,2
OSBPL10,other,0,35.23572222,0,35.23572222,0,100,0,100,100,2
OSBPL2,other,0,16.15325556,5.92888,22.08213556,0,73.15078524,26.84921476,100,73.15078524,2
OSTF1,other,0,106.065,14.48870667,120.5537067,0,87.98153365,12.01846635,100,87.98153365,2
OTUD4,other,55.75783333,103.6335556,78.16634,237.5577289,23.47127732,43.6245775,32.90414518,100,43.6245775,2
OXA1L,other,0,307.814,178.2353333,486.0493333,0,63.32978545,36.67021455,100,63.32978545,2
P3H4,other,0,18.98731111,0,18.98731111,0,100,0,100,100,2
P4HA1,other,18.77828333,54.02666667,29.72233333,102.5272833,18.31540125,52.69491682,28.98968193,100,52.69491682,2
PAICS,other,163.4955,290.0056667,40.46786667,493.9690333,33.09832985,58.70928076,8.192389388,100,58.70928076,2
PALD1,other,69.60888333,227.5587778,129.4651333,426.6327944,16.31587732,53.33832297,30.34579972,100,53.33832297,2
PANK4,other,54.08516667,125.2587667,12.19521333,191.5391467,28.23713461,65.39590932,6.366956074,100,65.39590932,2
PAPSS1,other,170.4954733,253.3068889,221.13852,644.9408822,26.43582971,39.27598573,34.28818456,100,39.27598573,2
PARP4,other,0,349.1066667,296.7595333,645.8662,0,54.05247506,45.94752494,100,54.05247506,2
PARP9,other,0,8.662866667,0,8.662866667,0,100,0,100,100,2
PASK,other,0,32.16055556,0,32.16055556,0,100,0,100,100,2
PBDC1,other,151.0545,198.3996667,109.6360533,459.09022,32.90300978,43.21583384,23.88115637,100,43.21583384,2
PCBP2,other,540.8005,960.9994444,832.1179333,2333.917878,23.17135942,41.17537526,35.65326532,100,41.17537526,2
PCCB,other,19.41858333,34.43927778,0,53.85786111,36.05524418,63.94475582,0,100,63.94475582,2
PDCD11,other,0,357.6643889,226.4875933,584.1519822,0,61.22796802,38.77203198,100,61.22796802,2
PDCD2,other,29.76165,134.8339111,67.32977333,231.9253344,12.83242733,58.13677554,29.03079713,100,58.13677554,2
PDCD6IP,other,363.8283333,385.5943333,171.3732533,920.79592,39.51237461,41.87619916,18.61142622,100,41.87619916,2
PDE12,other,54.17215,336.7195556,319.452,710.3437056,7.626188502,47.4023424,44.97146909,100,47.4023424,2
PDHA1,other,153.6991,220.9262222,178.43346,553.0587822,27.7907349,39.9462461,32.263019,100,39.9462461,2
PDHB,other,122.91135,247.5691778,62.38589333,432.8664211,28.39475275,57.19297356,14.41227369,100,57.19297356,2
PDIA4,other,74.71101667,113.7989111,0,188.5099278,39.63240427,60.36759573,0,100,60.36759573,2
PDP1,other,284.257,321.9148889,321.7902667,927.9621556,30.63239145,34.69051911,34.67708944,100,34.69051911,2
PDS5A,other,141.3715833,207.0842778,192.08446,540.5403211,26.15375353,38.31060694,35.53563953,100,38.31060694,2
PDS5B,other,0,67.93084444,11.61916667,79.55001111,0,85.39388429,14.60611571,100,85.39388429,2
PDXDC1,other,140.3605,213.4381111,202.1885467,555.9871578,25.24527735,38.38903617,36.36568648,100,38.38903617,2
PDXP,other,0,107.6839222,24.90932867,132.5932509,0,81.21372807,18.78627193,100,81.21372807,2
PDZD7,other,0,28.93863333,0,28.93863333,0,100,0,100,100,2
PELO,other,34.14216667,212.5828889,128.1785933,374.9036489,9.106917675,56.70333952,34.18974281,100,56.70333952,2
PELP1,other,26.285,44.61652222,0,70.90152222,37.07254679,62.92745321,0,100,62.92745321,2
PEX6,other,0,13.11652222,0,13.11652222,0,100,0,100,100,2
PGLS,other,62.37278333,77.22093333,0,139.5937167,44.68165532,55.31834468,0,100,55.31834468,2
PGM3,other,112.1500333,202.1983333,125.6393133,439.98768,25.48935764,45.95545342,28.55518894,100,45.95545342,2
PGRMC1,other,73.6435,75.00254444,45.41018667,194.0562311,37.94956729,38.64990267,23.40053005,100,38.64990267,2
PHB,other,336.5553,458.669,431.0582667,1226.282567,27.44516714,37.40320644,35.15162642,100,37.40320644,2
PHF10,other,57.98416667,102.7664778,55.27193333,216.0225778,26.84171593,47.57210049,25.58618358,100,47.57210049,2
PHF24,other,0,33.70403333,0,33.70403333,0,100,0,100,100,2
PHKA1,other,0,52.13386667,15.8886,68.02246667,0,76.64212902,23.35787098,100,76.64212902,2
PHKA2,other,0,36.135,0,36.135,0,100,0,100,100,2
PHKB,other,0,11.21742222,0,11.21742222,0,100,0,100,100,2
PHLDB2,other,20.68276667,47.22606667,33.09433333,101.0031667,20.47734477,46.75701587,32.76563936,100,46.75701587,2
PHPT1,other,22.86005,33.00532222,0,55.86537222,40.91989204,59.08010796,0,100,59.08010796,2
PIEZO1,other,6.640083333,73.23436667,24.78957333,104.6640233,6.344188883,69.97090723,23.68490389,100,69.97090723,2
PIGT,other,9.952533333,42.786,0,52.73853333,18.871464,81.128536,0,100,81.128536,2
PIGU,other,39.38185,51.8226,7.67184,98.87629,39.82941714,52.41155387,7.759028985,100,52.41155387,2
PIH1D1,other,28.7788,68.20966667,18.69044667,115.6789133,24.87817284,58.96465026,16.1571769,100,58.96465026,2
PIK3R1,other,0,15.86918889,0,15.86918889,0,100,0,100,100,2
PKLR,other,95.52758333,335.3987778,310.7104,741.6367611,12.88064297,45.22413065,41.89522638,100,45.22413065,2
PKMYT1,other,62.52683333,214.6665556,149.35648,426.5498689,14.65873932,50.32625051,35.01501018,100,50.32625051,2
PKN2,other,117.9251167,126.7913667,76.10474,320.8212233,36.75726794,39.52087875,23.72185331,100,39.52087875,2
PKP2,other,0,56.77338889,49.47082,106.2442089,0,53.43669032,46.56330968,100,53.43669032,2
PKP3,other,13.26503333,458.5442556,314.3231867,786.1324756,1.687378876,58.32913279,39.98348834,100,58.32913279,2
PKP4,other,0,50.08544444,46.97264667,97.05809111,0,51.60357459,48.39642541,100,51.60357459,2
PLCB3,other,50.8692,139.7609333,0,190.6301333,26.68476337,73.31523663,0,100,73.31523663,2
PLCD3,other,0,81.29096667,30.77435333,112.06532,0,72.53891451,27.46108549,100,72.53891451,2
PLEC,other,35.05726667,449.3156667,139.84292,624.2158533,5.616208957,71.98081629,22.40297475,100,71.98081629,2
PLOD3,other,8.38935,65.56891111,14.58537333,88.54363444,9.474820017,74.05265384,16.47252614,100,74.05265384,2
PMF1,other,73.12533333,108.0764444,28.72166,209.9234378,34.83428726,51.48374359,13.68196915,100,51.48374359,2
PNO1,other,121.4348333,211.6705556,105.81676,438.9221489,27.66659956,48.22507957,24.10832086,100,48.22507957,2
POLA2,other,0,35.56692222,0,35.56692222,0,100,0,100,100,2
POLD3,other,49.88621667,61.67805556,29.70394,141.2682122,35.31312238,43.66025066,21.02662696,100,43.66025066,2
POLE2,other,0,106.5514222,7.867693333,114.4191156,0,93.12379466,6.87620534,100,93.12379466,2
POLR1C,other,170.9721667,264.4206667,120.3826333,555.7754667,30.76281285,47.57688716,21.66029999,100,47.57688716,2
POLR1D,other,0,35.36637778,8.275406667,43.64178444,0,81.03788199,18.96211801,100,81.03788199,2
POLR2E,other,53.11838333,139.2856333,85.1621,277.5661167,19.13720016,50.18106497,30.68173487,100,50.18106497,2
POLR2H,other,41.65128333,59.2607,29.488,130.3999833,31.94117228,45.44532789,22.61349982,100,45.44532789,2
POLR2J,other,6.308733333,66.32772222,0,72.63645556,8.685354049,91.31464595,0,100,91.31464595,2
POLR2L,other,0,263.1884444,29.6794,292.8678444,0,89.86594105,10.13405895,100,89.86594105,2
POLR3B,other,14.98343333,73.58257778,20.35124667,108.9172578,13.75671187,67.55823575,18.68505238,100,67.55823575,2
POLR3C,other,0,41.17911111,19.06994,60.24905111,0,68.34814881,31.65185119,100,68.34814881,2
POLRMT,other,17.12893333,386.7985889,102.4578267,506.3853489,3.382588649,76.38423776,20.23317359,100,76.38423776,2
POM121,other,70.98866667,143.169,83.06712667,297.2247933,23.88383078,48.16859266,27.94757656,100,48.16859266,2
POP4,other,0,46.39722222,0,46.39722222,0,100,0,100,100,2
POTEA,other,15.22891667,45.97212222,9.84146,71.04249889,21.43634712,64.71073363,13.85291924,100,64.71073363,2
PPFIBP1,other,144.1744167,154.1165444,122.67944,420.9704011,34.24811252,36.60982911,29.14205837,100,36.60982911,2
PPIA,other,200.4456791,323.6086667,267.9654667,792.0198125,25.30816477,40.85865803,33.83317721,100,40.85865803,2
PPIB,other,64.95996667,244.3666667,188.5857933,497.9124267,13.04646423,49.07824219,37.87529357,100,49.07824219,2
PPIL2,other,0,17.44181111,15.73861333,33.18042444,0,52.56657021,47.43342979,100,52.56657021,2
PPM1G,other,95.87235,130.1393333,0,226.0116833,42.4192009,57.5807991,0,100,57.5807991,2
PPME1,other,6.095283333,42.29678889,6.458533333,54.85060556,11.11251785,77.1127109,11.77477125,100,77.1127109,2
PPP1CA,other,202.6666667,497.7291111,357.5040667,1057.899844,19.15745311,47.0487933,33.79375359,100,47.0487933,2
PPP1R10,other,126.8922667,443.6702222,193.6668,764.2292889,16.60395231,58.05459548,25.34145221,100,58.05459548,2
PPP1R12A,other,100.40765,142.2525111,55.71285333,298.3730144,33.65171954,47.6760646,18.67221586,100,47.6760646,2
PPP1R15B,other,0,95.32686667,89.30538667,184.6322533,0,51.6306685,48.3693315,100,51.6306685,2
PPP4R1,other,81.41001667,112.1726333,56.37296,249.95561,32.56978976,44.8770217,22.55318854,100,44.8770217,2
PPP4R3A,other,91.97168333,170.3536667,50.95657333,313.2819233,29.35748171,54.37711339,16.26540491,100,54.37711339,2
PPP6R3,other,98.54701667,215.8366556,187.9072867,502.2909589,19.61950836,42.97044407,37.41004757,100,42.97044407,2
PRC1,other,0,49.74444444,43.76469333,93.50913778,0,53.19741538,46.80258462,100,53.19741538,2
PREPL,other,0,4.2302,0,4.2302,0,100,0,100,100,2
PRIM1,other,77.95651667,211.5743333,127.0600333,416.5908833,18.71296751,50.78707715,30.49995533,100,50.78707715,2
PRIM2,other,113.7582167,328.095,320.5329333,762.38615,14.92133831,43.03527812,42.04338357,100,43.03527812,2
PRKAR2A,other,52.55861667,159.7001667,71.16435333,283.4231367,18.54422235,56.34690539,25.10887226,100,56.34690539,2
PRKAR2B,other,30.82155,42.65731111,25.29186667,98.77072778,31.20514619,43.1882118,25.606642,100,43.1882118,2
PRKCSH,other,82.38678333,89.22853333,0,171.6153167,48.00666102,51.99333898,0,100,51.99333898,2
PRKD2,other,0,21.99501111,0,21.99501111,0,100,0,100,100,2
PRMT5,other,199.4675333,230.5377778,161.2647133,591.2700244,33.73543814,38.9902698,27.27429206,100,38.9902698,2
PRPF4,other,205.9665667,234.2033333,225.4203067,665.5902067,30.9449515,35.18731661,33.86773189,100,35.18731661,2
PRPF40A,other,47.23566667,82.26392222,72.61743333,202.1170222,23.37045448,40.70113507,35.92841045,100,40.70113507,2
PRPF4B,other,0,218.8662222,108.2518133,327.1180356,0,66.90741519,33.09258481,100,66.90741519,2
PRPSAP2,other,584.0215,593.153,490.3736,1667.5481,35.02276786,35.57036826,29.40686389,100,35.57036826,2
PSIP1,other,18.11443333,98.29436667,35.36068667,151.7694867,11.93549094,64.76556574,23.29894331,100,64.76556574,2
PSMA2,other,246.9623333,325.5394444,100.7967067,673.2984844,36.67947263,48.34994463,14.97058273,100,48.34994463,2
PSMA5,other,211.7903333,220.6310111,158.8869467,591.3082911,35.81724399,37.31234864,26.87040738,100,37.31234864,2
PSMB1,other,200.4654,335.2167778,156.39946,692.0816378,28.96557126,48.43601672,22.59841202,100,48.43601672,2
PSMB3,other,182.6772833,190.438,49.46433333,422.5796167,43.22908066,45.0655906,11.70532874,100,45.0655906,2
PSMC3,other,286.097,509.4677778,296.2136267,1091.778404,26.20467659,46.66402776,27.13129564,100,46.66402776,2
PSMC4,other,339.9586667,980.9705556,512.5058667,1833.435089,18.54217085,53.50451519,27.95331396,100,53.50451519,2
PSMC6,other,190.4498333,361.9194333,218.0476333,770.4169,24.72036028,46.97708907,28.30255065,100,46.97708907,2
PSMD10,other,71.71,240.2531889,47.81806667,359.7812556,19.93155532,66.77757253,13.29087214,100,66.77757253,2
PSMD2,other,460.101,822.9988889,496.3606667,1779.460556,25.85620673,46.24990907,27.8938842,100,46.24990907,2
PSME3,other,244.8651667,354.494,136.8106467,736.1698133,33.26204936,48.15383538,18.58411527,100,48.15383538,2
PSTPIP2,other,19.57038333,130.6315444,22.90506667,173.1069944,11.30536833,75.46289211,13.23173956,100,75.46289211,2
PTCD1,other,0,111.4346667,21.75775333,133.19242,0,83.66442074,16.33557926,100,83.66442074,2
PTCD3,other,0,321.4612222,309.0350533,630.4962756,0,50.98542762,49.01457238,100,50.98542762,2
PTK2,other,14.31776667,190.7727778,57.24217333,262.3327178,5.457865412,72.72168695,21.82044764,100,72.72168695,2
PTMA,other,98.68856667,291.7673333,35.16130667,425.6172067,23.18716563,68.55158315,8.261251217,100,68.55158315,2
PTPMT1,other,0,134.023,99.3232,233.3462,0,57.43526143,42.56473857,100,57.43526143,2
PTPRF,other,0,30.20336667,0,30.20336667,0,100,0,100,100,2
PUM3,other,0,356.1026667,352.0584667,708.1611333,0,50.28554236,49.71445764,100,50.28554236,2
PURB,other,0,36.35575556,28.07198667,64.42774222,0,56.42872822,43.57127178,100,56.42872822,2
PWP1,other,63.70958333,82.18421111,76.99187333,222.8856678,28.5839749,36.87281104,34.54321406,100,36.87281104,2
PYCR1,other,311.2901,437.4967778,429.7339333,1178.520811,26.41362775,37.12253306,36.46383919,100,37.12253306,2
PYGL,other,208.0356833,228.615,145.9139133,582.5645967,35.71032028,39.24285844,25.04682127,100,39.24285844,2
PYM1,other,0,73.89425556,28.83495333,102.7292089,0,71.93110543,28.06889457,100,71.93110543,2
QARS,other,325.7965,468.4451111,431.4465333,1225.688144,26.58070093,38.21894772,35.20035135,100,38.21894772,2
QSER1,other,14.44871667,102.3955667,47.5706,164.4148833,8.787961512,62.27876977,28.93326871,100,62.27876977,2
RAB3GAP1,other,142.1306667,205.4263333,66.30967333,413.8666733,34.34213862,49.63587227,16.02198911,100,49.63587227,2
RAB3GAP2,other,0,111.7687222,75.19780667,186.9665289,0,59.7800702,40.2199298,100,59.7800702,2
RAB6A,other,12.6918,40.57677778,0,53.26857778,23.8260538,76.1739462,0,100,76.1739462,2
RAB7A,other,195.034,197.8529111,83.05300667,475.9399178,40.97870187,41.57098485,17.45031328,100,41.57098485,2
RAD17,other,0,52.27544444,17.47626,69.75170444,0,74.94504236,25.05495764,100,74.94504236,2
RAF1,other,0,8.544977778,6.658773333,15.20375111,0,56.20308906,43.79691094,100,56.20308906,2
RAI14,other,22.57851667,84.79115556,65.29801333,172.6676856,13.07628384,49.10655707,37.81715908,100,49.10655707,2
RALY,other,0,154.0002889,107.55174,261.5520289,0,58.87940902,41.12059098,100,58.87940902,2
RASA1,other,26.76486667,136.4413333,0,163.2062,16.39941783,83.60058217,0,100,83.60058217,2
RASAL2,other,0,7.586477778,0,7.586477778,0,100,0,100,100,2
RBBP4,other,590.6576667,628.1587778,575.8475333,1794.663978,32.91188066,35.00147022,32.08664911,100,35.00147022,2
RBM25,other,77.15581667,213.2854222,213.2598667,503.7011056,15.31777791,42.34364782,42.33857427,100,42.34364782,2
RBM3,other,52.84355,159.2924556,7.088513333,219.2245189,24.10476267,72.66178818,3.233449146,100,72.66178818,2
RBM42,other,0,70.72543333,34.52211333,105.2475467,0,67.19912775,32.80087225,100,67.19912775,2
RBM6,other,0,50.447,0,50.447,0,100,0,100,100,2
RCN2,other,129.2772,437.9205556,405.3318467,972.5296022,13.29288072,45.02902066,41.67809861,100,45.02902066,2
RDH13,other,45.69363333,88.64302222,31.59444,165.9310956,27.53771569,53.42158558,19.04069873,100,53.42158558,2
RECQL,other,83.94278333,196.3164889,163.07028,443.3295522,18.9346239,44.28229246,36.78308364,100,44.28229246,2
RELCH,other,0,85.49026667,6.10364,91.59390667,0,93.33619427,6.663805729,100,93.33619427,2
RELL1,other,0,16.39581111,0,16.39581111,0,100,0,100,100,2
RHBDD2,other,49.58421667,96.21028889,49.2618,195.0563056,25.42046335,49.32436745,25.2551692,100,49.32436745,2
RHOF,other,46.5,74.13935556,67.97486667,188.6142222,24.65349614,39.30740465,36.03909921,100,39.30740465,2
RHOG,other,40.26668333,104.7087444,15.18905333,160.1644811,25.14083213,65.37575854,9.483409323,100,65.37575854,2
RHOT1,other,0,33.72124444,3.54058,37.26182444,0,90.49810348,9.50189652,100,90.49810348,2
RHOT2,other,0,35.47454444,13.01362,48.48816444,0,73.1612443,26.8387557,100,73.1612443,2
RHPN2,other,0,13.86574444,0,13.86574444,0,100,0,100,100,2
RIC8A,other,0,58.83594444,27.74338667,86.57933111,0,67.9561088,32.0438912,100,67.9561088,2
RICTOR,other,52.18183333,307.5947778,56.58064667,416.3572578,12.53294673,73.8776068,13.58944647,100,73.8776068,2
RIF1,other,32.03035,158.4546889,133.2439333,323.7289722,9.894187036,48.94671237,41.1591006,100,48.94671237,2
RIN1,other,9.65985,126.8187111,117.07982,253.5583811,3.809714338,50.01558637,46.17469929,100,50.01558637,2
RINT1,other,66.92545,128.7961222,48.05018667,243.7717589,27.45414412,52.83471835,19.71113754,100,52.83471835,2
RIOK2,other,0,231.7447778,12.15007333,243.8948511,0,95.01831495,4.981685049,100,95.01831495,2
RIOK3,other,0,7.253677778,0,7.253677778,0,100,0,100,100,2
RIPOR1,other,0,62.1486,36.05059333,98.19919333,0,63.28829992,36.71170008,100,63.28829992,2
RNF14,other,0,109.298,0,109.298,0,100,0,100,100,2
RNF20,other,63.87045,133.1068889,0,196.9773389,32.42527814,67.57472186,0,100,67.57472186,2
RNF41,other,0,24.07685556,0,24.07685556,0,100,0,100,100,2
RNGTT,other,20.25841667,249.522,84.19545333,353.97587,5.723106681,70.49124563,23.78564769,100,70.49124563,2
RNH1,other,45.60228333,182.1885556,158.87008,386.6609189,11.79386928,47.1184303,41.08770042,100,47.1184303,2
RPAP1,other,37.68348333,58.61453333,35.22432667,131.5223433,28.65177306,44.5662173,26.78200964,100,44.5662173,2
RPL10,other,0,1036.168556,873.6210667,1909.789622,0,54.25563861,45.74436139,100,54.25563861,2
RPL13A,other,0,935.105,660.4721333,1595.577133,0,58.60606676,41.39393324,100,58.60606676,2
RPL17,other,0,925.9157778,923.7467333,1849.662511,0,50.05863352,49.94136648,100,50.05863352,2
RPL18,other,0,673.9126667,453.1052,1127.017867,0,59.79609433,40.20390567,100,59.79609433,2
RPL19,other,0,534.0433333,396.1385333,930.1818667,0,57.41278695,42.58721305,100,57.41278695,2
RPL22,other,0,324.2926667,286.6936667,610.9863333,0,53.07691007,46.92308993,100,53.07691007,2
RPL22L1,other,0,421.1815556,403.9600667,825.1416222,0,51.04354746,48.95645254,100,51.04354746,2
RPL23,other,131.7781667,1391.340667,923.9514,2447.070233,5.385140356,56.85740637,37.75745328,100,56.85740637,2
RPL23A,other,0,1455.887111,798.0702667,2253.957378,0,64.59248633,35.40751367,100,64.59248633,2
RPL24,other,0,718.2393444,694.9847333,1413.224078,0,50.82275032,49.17724968,100,50.82275032,2
RPL26L1,other,0,571.0653667,538.0190667,1109.084433,0,51.48980091,48.51019909,100,51.48980091,2
RPL27,other,0,545.8088778,411.341,957.1498778,0,57.02438985,42.97561015,100,57.02438985,2
RPL28,other,0,1205.165111,1025.8356,2231.000711,0,54.01903752,45.98096248,100,54.01903752,2
RPL29,other,0,1052.03,501.4758667,1553.505867,0,67.71973139,32.28026861,100,67.71973139,2
RPL3,other,7.01015,1465.400889,1140.779,2613.190039,0.268260245,56.07708843,43.65465133,100,56.07708843,2
RPL31,other,0,1611.553333,1163.606067,2775.1594,0,58.07065833,41.92934167,100,58.07065833,2
RPL32,other,0,858.4588889,856.8359333,1715.294822,0,50.04730836,49.95269164,100,50.04730836,2
RPL34,other,0,518.3420667,395.3704667,913.7125333,0,56.72922804,43.27077196,100,56.72922804,2
RPL35A,other,0,726.2150667,575.0496,1301.264667,0,55.80840587,44.19159413,100,55.80840587,2
RPL36,other,0,720.7851111,398.6184333,1119.403544,0,64.39010442,35.60989558,100,64.39010442,2
RPL36A,other,0,2009.377778,1660.898667,3670.276444,0,54.74731422,45.25268578,100,54.74731422,2
RPL38,other,0,559.7305556,467.5166667,1027.247222,0,54.48839806,45.51160194,100,54.48839806,2
RPL39,other,0,114.3043333,103.7888733,218.0932067,0,52.41077202,47.58922798,100,52.41077202,2
RPL4,other,0,839.0956667,653.0941333,1492.1898,0,56.23250251,43.76749749,100,56.23250251,2
RPL6,other,0,1086.182889,933.3138,2019.496689,0,53.78483138,46.21516862,100,53.78483138,2
RPL7,other,0,580.9544444,527.6418,1108.596244,0,52.40451132,47.59548868,100,52.40451132,2
RPL7A,other,0,1022.486111,648.0036,1670.489711,0,61.20876437,38.79123563,100,61.20876437,2
RPL9,other,0,810.188,692.9079333,1503.095933,0,53.90128348,46.09871652,100,53.90128348,2
RPLP0,other,243.03825,1993.758444,1589.778,3826.574694,6.351326432,52.10295378,41.54571979,100,52.10295378,2
RPLP1,other,78.56983333,507.8703333,394.4591333,980.8993,8.00997955,51.775991,40.21402945,100,51.775991,2
RPLP2,other,113.1427333,383.4525556,313.3132667,809.9085556,13.9698158,47.34516668,38.68501753,100,47.34516668,2
RPN2,other,180.4581667,275.5203333,206.4286133,662.4071133,27.24278816,41.59380656,31.16340528,100,41.59380656,2
RPP30,other,56.48433333,348.661,199.3201933,604.4655267,9.344508635,57.6808742,32.97461717,100,57.6808742,2
RPS10,other,33.46143333,1627.891333,1068.123133,2729.4759,1.22592888,59.64116896,39.13290216,100,59.64116896,2
RPS11,other,12.67525,1005.690556,753.7196,1772.085406,0.715273088,56.75181074,42.53291617,100,56.75181074,2
RPS12,other,62.32686667,689.8195556,641.2942667,1393.440689,4.472875463,49.50476623,46.02235831,100,49.50476623,2
RPS13,other,0,474.3853333,372.3706,846.7559333,0,56.02385701,43.97614299,100,56.02385701,2
RPS14,other,37.48016667,563.8751111,225.80194,827.1572178,4.531202275,68.17024611,27.29855161,100,68.17024611,2
RPS15A,other,0,712.7748889,463.7364667,1176.511356,0,60.58376619,39.41623381,100,60.58376619,2
RPS16,other,0,901.4927778,867.4052,1768.897978,0,50.96352583,49.03647417,100,50.96352583,2
RPS17,other,21.26333333,1386.119333,805.2484,2212.631067,0.960997685,62.64575031,36.393252,100,62.64575031,2
RPS18,other,0,1008.850444,671.3346,1680.185044,0,60.04400812,39.95599188,100,60.04400812,2
RPS19,other,11.06286667,810.5264444,553.8462667,1375.435578,0.804317326,58.92871011,40.26697256,100,58.92871011,2
RPS2,other,272.6151667,1318.122111,949.3832667,2540.120544,10.73237124,51.89210858,37.37552018,100,51.89210858,2
RPS20,other,0,1293.677778,674.9623333,1968.640111,0,65.71428523,34.28571477,100,65.71428523,2
RPS23,other,0,1338.315556,1313.567067,2651.882622,0,50.46662112,49.53337888,100,50.46662112,2
RPS24,other,0,1912.558667,1334.832067,3247.390733,0,58.8952431,41.1047569,100,58.8952431,2
RPS25,other,11.52475,1125.729778,1011.910533,2149.165061,0.53624313,52.37986594,47.08389093,100,52.37986594,2
RPS26,other,0,574.0674444,552.0236667,1126.091111,0,50.97877417,49.02122583,100,50.97877417,2
RPS27A,other,0,369.0446667,335.2729333,704.3176,0,52.39747902,47.60252098,100,52.39747902,2
RPS27L,other,0,169.4386556,143.6019613,313.0406169,0,54.12673194,45.87326806,100,54.12673194,2
RPS29,other,0,60.515,46.66645333,107.1814533,0,56.4603279,43.5396721,100,56.4603279,2
RPS3,other,65.00133333,1189.350556,1001.592,2255.943889,2.88133644,52.72075079,44.39791277,100,52.72075079,2
RPS3A,other,98.47933333,842.4576667,419.35,1360.287,7.239599683,61.93234712,30.8280532,100,61.93234712,2
RPS4X,other,137.081,1041.732222,725.1546667,1903.967889,7.199753777,54.71374955,38.08649667,100,54.71374955,2
RPS4Y1,other,0,250.9549444,195.29918,446.2541244,0,56.23588236,43.76411764,100,56.23588236,2
RPS5,other,17.1171,508.6516667,324.6656,850.4343667,2.012747917,59.81080805,38.17644403,100,59.81080805,2
RPS7,other,228.5965,1528.740556,1000.9912,2758.328256,8.287501661,55.42272036,36.28977798,100,55.42272036,2
RPS8,other,114.3338333,647.427,569.9085333,1331.669367,8.585752304,48.61769867,42.79654902,100,48.61769867,2
RPS9,other,0,530.8875556,199.17102,730.0585756,0,72.71848771,27.28151229,100,72.71848771,2
RPSA,other,128.9556667,1076.056778,720.9322667,1925.944711,6.695709691,55.87163388,37.43265643,100,55.87163388,2
RPUSD3,other,0,12.17305556,6.69196,18.86501556,0,64.52714295,35.47285705,100,64.52714295,2
RPUSD4,other,0,47.28566667,0,47.28566667,0,100,0,100,100,2
RRM1,other,221.9107667,290.1870222,165.80108,677.8988689,32.73508437,42.80683086,24.45808477,100,42.80683086,2
RRP9,other,122.5451167,160.5201889,139.5277867,422.5930922,28.99837194,37.98457472,33.01705334,100,37.98457472,2
RSL1D1,other,0,235.8325222,135.4504933,371.2830156,0,63.51826298,36.48173702,100,63.51826298,2
RSL24D1,other,0,94.30302222,72.93881333,167.2418356,0,56.38722028,43.61277972,100,56.38722028,2
RTCB,other,184.3073333,443.0392222,421.7379333,1049.084489,17.56839752,42.23103353,40.20056895,100,42.23103353,2
RTRAF,other,129.3728333,413.8794444,288.9616133,832.2138911,15.54562291,49.73234031,34.72203678,100,49.73234031,2
RTTN,other,0,34.40062222,6.84254,41.24316222,0,83.40927409,16.59072591,100,83.40927409,2
RUVBL2,other,310.5295,452.7171111,279.4891333,1042.735744,29.78026807,43.4162839,26.80344803,100,43.4162839,2
SAFB2,other,5.706716667,166.8891222,119.7015533,292.2973922,1.952366603,57.09565896,40.95197443,100,57.09565896,2
SAMHD1,other,94.68645,253.7994444,231.34166,579.8275544,16.33010527,43.77153905,39.89835568,100,43.77153905,2
SARNP,other,38.69383333,68.15411111,15.60310667,122.4510511,31.59942931,55.65824915,12.74232154,100,55.65824915,2
SARS,other,132.4161667,149.4886222,0,281.9047889,46.97194652,53.02805348,0,100,53.02805348,2
SART1,other,158.1884,273.3554444,125.9492933,557.4931378,28.37495016,49.03297026,22.59207958,100,49.03297026,2
SART3,other,44.62921667,235.7041111,166.6693133,447.0026411,9.984105811,52.72991464,37.28597955,100,52.72991464,2
SCAMP4,other,10.86583333,20.38552222,2.537433333,33.78878889,32.15810241,60.33220749,7.509690098,100,60.33220749,2
SCFD2,other,0,22.16806667,0,22.16806667,0,100,0,100,100,2
SCOC,other,0,26.3645,12.98984,39.35434,0,66.99261123,33.00738877,100,66.99261123,2
SCRIB,other,51.18295,99.81083333,84.67496,235.6687433,21.71817496,42.35217277,35.92965227,100,42.35217277,2
SCYL2,other,14.47805,160.1974444,68.7146,243.3900944,5.948495987,65.8192129,28.23229111,100,65.8192129,2
SDAD1,other,88.26206667,299.1072667,193.2156733,580.5850067,15.20226421,51.51825542,33.27948037,100,51.51825542,2
SDCBP,other,0,19.13435556,0,19.13435556,0,100,0,100,100,2
SDHA,other,302.7116,318.3494444,186.7249333,807.7859778,37.47423307,39.41012263,23.1156443,100,39.41012263,2
SDSL,other,11.37086667,19.80814444,0,31.17901111,36.46961934,63.53038066,0,100,63.53038066,2
SEC13,other,21.8059,89.61884444,79.97115333,191.3958978,11.3930864,46.8238063,41.7831073,100,46.8238063,2
SEC22B,other,47.5569,92.07737778,38.46741333,178.1016911,26.70210468,51.69932818,21.59856714,100,51.69932818,2
SEC23A,other,23.1005,260.1316667,188.03962,471.2717867,4.901736249,55.19780178,39.90046197,100,55.19780178,2
SEC23IP,other,122.7700833,302.6662222,223.6272733,649.0635789,18.91495492,46.63121335,34.45383174,100,46.63121335,2
SEC24B,other,237.8378,258.1692222,236.18972,732.1967422,32.48277222,35.2595426,32.25768518,100,35.2595426,2
SEC24C,other,201.1702167,272.1225556,183.5573133,656.8500856,30.62650384,41.42841137,27.94508479,100,41.42841137,2
SEC63,other,150.6974667,303.0725556,202.5507867,656.3208089,22.96094602,46.17750214,30.86155184,100,46.17750214,2
SEH1L,other,112.5673333,208.5436667,82.72616667,403.8371667,27.87443619,51.64053333,20.48503048,100,51.64053333,2
SELENOH,other,0,33.51672222,0,33.51672222,0,100,0,100,100,2
SENP3,other,0,63.93475556,62.29460667,126.2293622,0,50.64967012,49.35032988,100,50.64967012,2
SET,other,225.6320833,327.3549778,80.97272667,633.9597878,35.59091407,51.63655236,12.77253356,100,51.63655236,2
SETX,other,51.84166667,337.9533333,218.7552467,608.5502467,8.518880232,55.53417079,35.94694898,100,55.53417079,2
SF3B4,other,7.3923,373.1365556,92.55422667,473.0830822,1.562579656,78.87336698,19.56405336,100,78.87336698,2
SFPQ,other,217.2165,239.2933333,201.3304,657.8402333,33.01964352,36.37560022,30.60475626,100,36.37560022,2
SFXN3,other,0,42.31944444,0,42.31944444,0,100,0,100,100,2
SHCBP1,other,44.73601667,102.2573778,14.7945,161.7878944,27.65102842,63.2045915,9.144380085,100,63.2045915,2
SHMT1,other,49.28255,90.22114444,21.62793333,161.1316278,30.58527409,55.99220072,13.42252519,100,55.99220072,2
SIN3A,other,181.1195,287.1224444,226.8135067,695.0554511,26.05828063,41.30928604,32.63243333,100,41.30928604,2
SKIV2L,other,21.25243333,122.2084444,70.26606,213.7269378,9.943731733,57.17971058,32.87655769,100,57.17971058,2
SKP1,other,246.5656667,304.3815556,76.9912,627.9384222,39.265899,48.47315354,12.26094746,100,48.47315354,2
SKP2,other,39.85776667,126.1192778,112.7478867,278.7249311,14.30003642,45.24865331,40.45131026,100,45.24865331,2
SLC16A3,other,323.8609,694.6572222,246.8709333,1265.389056,25.59378071,54.89673071,19.50948858,100,54.89673071,2
SLC25A13,other,16.78611667,142.3322778,71.09067333,230.2090678,7.291683524,61.82739853,30.88091795,100,61.82739853,2
SLC25A17,other,0,21.42524444,17.22614667,38.65139111,0,55.43201377,44.56798623,100,55.43201377,2
SLC25A31,other,281.8763333,665.6402222,572.211,1519.727556,18.54782012,43.79997058,37.6522093,100,43.79997058,2
SLC27A3,other,0,21.80385556,0,21.80385556,0,100,0,100,100,2
SLC33A1,other,37.26966667,46.62377778,0,83.89344444,44.42500473,55.57499527,0,100,55.57499527,2
SLC35B2,other,0,33.06615556,27.20986667,60.27602222,0,54.85789264,45.14210736,100,54.85789264,2
SLC35E1,other,0,18.18748889,3.54534,21.73282889,0,83.68670725,16.31329275,100,83.68670725,2
SLC37A4,other,0,40.03345556,0,40.03345556,0,100,0,100,100,2
SLC3A2,other,394.6958333,800.6472222,624.8846,1820.227656,21.68387191,43.98610359,34.33002449,100,43.98610359,2
SLIRP,other,159.6132167,277.2311111,204.9323,641.7766278,24.870525,43.19744583,31.93202917,100,43.19744583,2
SLTM,other,0,61.61955556,44.24186,105.8614156,0,58.20775703,41.79224297,100,58.20775703,2
SMARCA4,other,92.47783333,274.1004444,238.1763333,604.7546111,15.29179466,45.32424217,39.38396317,100,45.32424217,2
SMARCE1,other,109.36165,119.2604556,107.7353333,336.3574389,32.51352203,35.45646439,32.03001357,100,35.45646439,2
SMC2,other,113.3357,162.703,81.59994667,357.6386467,31.6900036,45.49368518,22.81631122,100,45.49368518,2
SMG1,other,28.88436667,81.12198889,26.527,136.5333556,21.15553855,59.41550954,19.42895192,100,59.41550954,2
SMG8,other,23.95698333,123.4758444,50.80413333,198.2369611,12.0850235,62.28699419,25.62798231,100,62.28699419,2
SMPD4,other,68.43283333,297.2612222,83.56103333,449.2550889,15.23251156,66.16758042,18.59990803,100,66.16758042,2
SMPDL3B,other,0,56.85818889,0,56.85818889,0,100,0,100,100,2
SMU1,other,71.15916667,206.2084111,199.9309267,477.2985044,14.90873447,43.20323847,41.88802705,100,43.20323847,2
SMUG1,other,0,36.56232222,0,36.56232222,0,100,0,100,100,2
SMYD3,other,0,13.27865556,0,13.27865556,0,100,0,100,100,2
SNAPC3,other,0,12.09024444,0,12.09024444,0,100,0,100,100,2
SND1,other,228.884,325.81,247.9390933,802.6330933,28.51664128,40.59264472,30.890714,100,40.59264472,2
SNRNP70,other,235.946,333.6892222,310.0388667,879.6740889,26.82197907,37.93327852,35.24474241,100,37.93327852,2
SNRPN,other,142.0871167,339.9567778,294.85462,776.8985144,18.28901897,43.7581964,37.95278463,100,43.7581964,2
SNTB2,other,0,79.82827778,39.84398667,119.6722644,0,66.70574686,33.29425314,100,66.70574686,2
SNW1,other,8.47065,69.45945556,35.80752,113.7376256,7.447535465,61.0699012,31.48256333,100,61.0699012,2
SORD,other,119.2282167,254.2635778,113.5083133,487.0001078,24.4821746,52.21016869,23.30765672,100,52.21016869,2
SPATA5,other,135.1683833,455.7633333,260.6164467,851.5481633,15.8732517,53.52173288,30.60501542,100,53.52173288,2
SPATS2,other,0,138.8069222,86.44942,225.2563422,0,61.62175984,38.37824016,100,61.62175984,2
SPC24,other,18.95135,126.4668889,50.65426667,196.0725056,9.665480607,64.50006263,25.83445676,100,64.50006263,2
SPCS3,other,0,17.4402,0,17.4402,0,100,0,100,100,2
SPNS1,other,0,17.46473333,0,17.46473333,0,100,0,100,100,2
SPTLC1,other,63.37266667,156.8843333,26.47448667,246.7314867,25.68487205,63.58504764,10.73008031,100,63.58504764,2
SPTLC2,other,119.7000833,182.9957556,93.823,396.5188389,30.18774182,46.15058293,23.66167526,100,46.15058293,2
SQSTM1,other,79.88833333,318.2631111,265.6848,663.8362444,12.03434341,47.94301513,40.02264146,100,47.94301513,2
SRBD1,other,0,122.4935667,101.9673067,224.4608733,0,54.572347,45.427653,100,54.572347,2
SRP14,other,194.4609667,379.9886667,270.4240467,844.87368,23.01657292,44.97579646,32.00763062,100,44.97579646,2
SRP19,other,73.08483333,155.7426667,43.61284667,272.4403467,26.82599484,57.16578641,16.00821875,100,57.16578641,2
SRP68,other,99.8915,331.0832222,104.9877007,535.9624229,18.63778051,61.77358861,19.58863088,100,61.77358861,2
SRPK2,other,0,20.72757778,7.03954,27.76711778,0,74.64792689,25.35207311,100,74.64792689,2
SRRT,other,71.93618333,163.0012,154.45014,389.3875233,18.47418806,41.86092009,39.66489185,100,41.86092009,2
SRSF1,other,42.00316667,184.2807444,169.4387067,395.7226178,10.61429516,46.56816067,42.81754417,100,46.56816067,2
SRSF3,other,117.4043333,191.5461111,90.78760667,399.7380511,29.37031714,47.91790788,22.71177498,100,47.91790788,2
SRSF4,other,14.30596667,530.9915556,229.89,775.1875222,1.845484642,68.49846525,29.65605011,100,68.49846525,2
SRSF5,other,0,698.1667778,490.4374,1188.604178,0,58.73837488,41.26162512,100,58.73837488,2
SRSF6,other,0,63.07236667,10.02318667,73.09555333,0,86.28755621,13.71244379,100,86.28755621,2
SRSF7,other,15.94128333,78.65384444,22.37573333,116.9708611,13.62842265,67.24225478,19.12932257,100,67.24225478,2
SRSF9,other,78.2595,245.222,61.39173333,384.8732333,20.33383806,63.71500504,15.9511569,100,63.71500504,2
SSB,other,213.3186333,223.016,125.4987,561.8333333,37.96831207,39.69433403,22.3373539,100,39.69433403,2
SSSCA1,other,24.63355,89.22282222,0,113.8563722,21.63563577,78.36436423,0,100,78.36436423,2
SSU72,other,0,89.96902222,85.66482667,175.6338489,0,51.22533201,48.77466799,100,51.22533201,2
ST13,other,96.80496667,139.5840111,109.854,346.2429778,27.95868014,40.3138894,31.72743046,100,40.3138894,2
STK24,other,12.25893333,43.45011111,0,55.70904444,22.0052838,77.9947162,0,100,77.9947162,2
STK3,other,40.07823333,357.3314444,305.7961333,703.2058111,5.699360372,50.8146319,43.48600772,100,50.8146319,2
STOM,other,0,103.0371111,10.34740667,113.3845178,0,90.87405682,9.125943179,100,90.87405682,2
STX18,other,0,96.18908889,25.219,121.4080889,0,79.22790793,20.77209207,100,79.22790793,2
STX6,other,0,6.515733333,0,6.515733333,0,100,0,100,100,2
STXBP1,other,0,9.334055556,0,9.334055556,0,100,0,100,100,2
SUCLG1,other,101.0003667,449.678,389.6144,940.2927667,10.74137442,47.82319039,41.4354352,100,47.82319039,2
SUGP2,other,0,49.44566667,0,49.44566667,0,100,0,100,100,2
SUN2,other,0,139.6241,45.87532,185.49942,0,75.26929195,24.73070805,100,75.26929195,2
SUPT7L,other,0,4.480622222,0,4.480622222,0,100,0,100,100,2
SUPV3L1,other,21.73971667,315.4522222,170.5459,507.7378389,4.281681411,62.12895673,33.58936186,100,62.12895673,2
SURF6,other,0,65.68727778,24.90875333,90.59603111,0,72.50569034,27.49430966,100,72.50569034,2
SYNCRIP,other,273.4101667,456.2617778,351.361,1081.032944,25.29156656,42.20609373,32.50233971,100,42.20609373,2
SYVN1,other,0,5.757433333,0,5.757433333,0,100,0,100,100,2
TAF1,other,0,168.9034444,0,168.9034444,0,100,0,100,100,2
TAF3,other,0,93.44555556,0,93.44555556,0,100,0,100,100,2
TAF4,other,0,17.00551111,0,17.00551111,0,100,0,100,100,2
TAF5L,other,0,9.873266667,0,9.873266667,0,100,0,100,100,2
TAF7,other,0,11.59852222,0,11.59852222,0,100,0,100,100,2
TAF9,other,0,17.71545556,0,17.71545556,0,100,0,100,100,2
TATDN1,other,0,63.41235556,0,63.41235556,0,100,0,100,100,2
TBC1D8,other,0,44.47554444,0,44.47554444,0,100,0,100,100,2
TBC1D9B,other,27.31398333,76.76188889,47.72010667,151.7959789,17.99387805,50.56911879,31.43700315,100,50.56911879,2
TBCA,other,0,24.55954444,0,24.55954444,0,100,0,100,100,2
TBP,other,53.67766667,127.2242222,35.63286667,216.5347556,24.78939999,58.75464283,16.45595719,100,58.75464283,2
TBPL1,other,0,53.5789,0,53.5789,0,100,0,100,100,2
TCF12,other,0,50.19461111,23.77113333,73.96574444,0,67.86196974,32.13803026,100,67.86196974,2
TCOF1,other,231.1650167,251.5383333,221.9596133,704.6629633,32.80504705,35.69626139,31.49869156,100,35.69626139,2
TCP1,other,370.7451667,967.7248889,833.1324667,2171.602522,17.07242292,44.56270791,38.36486918,100,44.56270791,2
TEFM,other,0,57.896,0,57.896,0,100,0,100,100,2
TELO2,other,126.7103333,475.6368889,169.2874667,771.6346889,16.42102606,61.64016415,21.93880979,100,61.64016415,2
TEX2,other,0,45.14821111,0,45.14821111,0,100,0,100,100,2
TEX264,other,0,19.35917778,0,19.35917778,0,100,0,100,100,2
TFAM,other,0,23.50624444,15.67268667,39.17893111,0,59.99715607,40.00284393,100,59.99715607,2
TFIP11,other,0,68.75265556,45.69342,114.4460756,0,60.07427972,39.92572028,100,60.07427972,2
TGFB1I1,other,0,73.86422222,0,73.86422222,0,100,0,100,100,2
TGM2,other,82.92016667,320.77,76.0838,479.7739667,17.28317342,66.85856722,15.85825937,100,66.85856722,2
TGS1,other,0,28.30875556,0,28.30875556,0,100,0,100,100,2
THAP11,other,0,11.92078889,0,11.92078889,0,100,0,100,100,2
THOC5,other,21.98643333,67.48785556,18.31722667,107.7915156,20.3971836,62.60961747,16.99319893,100,62.60961747,2
THUMPD3,other,23.23321667,31.11756667,29.68027333,84.03105667,27.64836905,37.03103103,35.32059992,100,37.03103103,2
TIAL1,other,35.4459,298.2363333,215.0670733,548.7493067,6.459397683,54.34837543,39.19222689,100,54.34837543,2
TIMM21,other,15.95873333,52.28624444,40.36578,108.6107578,14.69351072,48.14094434,37.16554495,100,48.14094434,2
TIMM23,other,75.98316667,279.8516889,226.382,582.2168556,13.05066419,48.06657283,38.88276298,100,48.06657283,2
TIMM44,other,55.99226667,295.1645556,232.4792667,583.6360889,9.593695067,50.57339002,39.83291491,100,50.57339002,2
TIMM50,other,124.3861667,252.3621111,157.83376,534.5820378,23.26792856,47.20736824,29.5247032,100,47.20736824,2
TIMMDC1,other,43.52898333,69.81793333,27.47993333,140.82685,30.90957678,49.57714621,19.513277,100,49.57714621,2
TLCD1,other,14.03508333,83.21824444,67.16653333,164.4198611,8.536124066,50.61325553,40.85062041,100,50.61325553,2
TMA16,other,146.8793333,269.4673333,42.83271333,459.17938,31.9873539,58.68454575,9.328100346,100,58.68454575,2
TMED7,other,20.1299,58.05611111,7.1003,85.28631111,23.60273265,68.07201573,8.325251623,100,68.07201573,2
TMEM106B,other,0,6.335311111,0,6.335311111,0,100,0,100,100,2
TMEM109,other,0,25.50687778,0,25.50687778,0,100,0,100,100,2
TMEM126A,other,0,8.496055556,0,8.496055556,0,100,0,100,100,2
TMEM201,other,0,12.91048889,6.474206667,19.38469556,0,66.60145294,33.39854706,100,66.60145294,2
TMEM33,other,73.30783333,341.1357778,338.7121333,753.1557444,9.733422851,45.29418786,44.97238929,100,45.29418786,2
TMEM43,other,213.3619167,461.8284444,308.8966,984.0869611,21.68120553,46.92963759,31.38915687,100,46.92963759,2
TMTC3,other,0,114.0736667,35.12725333,149.20092,0,76.4564097,23.5435903,100,76.4564097,2
TNIP2,other,0,21.7872,15.98938667,37.77658667,0,57.67381842,42.32618158,100,57.67381842,2
TNKS1BP1,other,0,37.71177778,0,37.71177778,0,100,0,100,100,2
TNPO3,other,259.2466667,323.7983333,303.4903133,886.5353133,29.24267796,36.5240198,34.23330225,100,36.5240198,2
TNS3,other,0,10.18826667,0,10.18826667,0,100,0,100,100,2
TOE1,other,0,100.0173333,71.21460667,171.23194,0,58.4104422,41.5895578,100,58.4104422,2
TOMM70,other,37.66681667,166.6667333,13.92562667,218.2591767,17.2578387,76.36184461,6.380316686,100,76.36184461,2
TOPBP1,other,74.41633333,74.98695556,70.77992667,220.1832156,33.7974596,34.05661752,32.14592288,100,34.05661752,2
TOPORS,other,0,22.66547778,0,22.66547778,0,100,0,100,100,2
TOR1AIP1,other,113.5191667,154.5242222,92.55286667,360.5962556,31.48096102,42.85242008,25.6666189,100,42.85242008,2
TP53BP1,other,48.85213333,57.02922222,20.49422,126.3755756,38.65630927,45.12677546,16.21691526,100,45.12677546,2
TP53BP2,other,0,46.04111111,0,46.04111111,0,100,0,100,100,2
TPM2,other,15.71448333,16.62267778,0,32.33716111,48.59574184,51.40425816,0,100,51.40425816,2
TPP1,other,8.583266667,19.94228889,0,28.52555556,30.08974409,69.91025591,0,100,69.91025591,2
TRA2B,other,0,79.00784444,65.95936667,144.9672111,0,54.50049279,45.49950721,100,54.50049279,2
TRABD,other,0,17.55892222,4.871373333,22.43029556,0,78.28217055,21.71782945,100,78.28217055,2
TRAF2,other,13.2549,53.57677778,0,66.83167778,19.83325938,80.16674062,0,100,80.16674062,2
TRAFD1,other,0,51.40285556,0,51.40285556,0,100,0,100,100,2
TRAPPC10,other,0,23.71215556,0,23.71215556,0,100,0,100,100,2
TRIM28,other,503.6265,575.6912222,568.1616667,1647.479389,30.56951749,34.9437587,34.48672381,100,34.9437587,2
TRIM32,other,0,366.9211111,181.268,548.1891111,0,66.9333089,33.0666911,100,66.9333089,2
TRIM47,other,127.3836833,177.0666333,134.3291867,438.7795033,29.03136595,40.35435384,30.61428021,100,40.35435384,2
TRIOBP,other,14.47551667,65.86144444,44.42297333,124.7599344,11.6026966,52.79054108,35.60676232,100,52.79054108,2
TRIP13,other,62.03096667,90.35733333,77.14563333,229.5339333,27.02474783,39.36556657,33.6096856,100,39.36556657,2
TRMT1,other,45.36555,277.4026667,223.48968,546.2578967,8.304786123,50.78236276,40.91285112,100,50.78236276,2
TRMT10C,other,103.99545,443.9687778,198.44502,746.4092478,13.93276548,59.48061055,26.58662397,100,59.48061055,2
TRMT13,other,0,64.23011111,0,64.23011111,0,100,0,100,100,2
TRMT61A,other,0,18.8458,0,18.8458,0,100,0,100,100,2
TROVE2,other,310.6353167,421.4636667,172.56928,904.6682633,34.33693092,46.58764806,19.07542101,100,46.58764806,2
TRPC4AP,other,0,43.07877778,0,43.07877778,0,100,0,100,100,2
TRUB1,other,0,79.72556667,21.08693333,100.8125,0,79.08301715,20.91698285,100,79.08301715,2
TSC1,other,0,118.3469556,0,118.3469556,0,100,0,100,100,2
TSEN34,other,21.9713,128.7720333,23.11999333,173.8633267,12.63711009,74.06509228,13.29779763,100,74.06509228,2
TSR1,other,52.21816667,968.8995556,445.5736,1466.691322,3.560269695,66.06022282,30.37950748,100,66.06022282,2
TTC26,other,0,24.6064,12.5645,37.1709,0,66.19802049,33.80197951,100,66.19802049,2
TTC27,other,21.09308333,330.8154556,57.79424667,409.7027856,5.148386605,80.74522977,14.10638363,100,80.74522977,2
TTC39A,other,0,29.74002222,0,29.74002222,0,100,0,100,100,2
TTC5,other,0,13.92754444,0,13.92754444,0,100,0,100,100,2
TTI1,other,177.6411667,229.4269222,162.8489867,569.9170756,31.16965157,40.25619376,28.57415467,100,40.25619376,2
TTK,other,0,45.2624,4.026566667,49.28896667,0,91.83069368,8.169306315,100,91.83069368,2
TUBB3,other,190.1546667,323.7643333,270.4214667,784.3404667,24.2438934,41.27854511,34.47756149,100,41.27854511,2
TUBE1,other,0,6.135833333,0,6.135833333,0,100,0,100,100,2
TUT1,other,14.36168333,52.49197778,21.04758667,87.90124778,16.33842943,59.71698822,23.94458236,100,59.71698822,2
TWISTNB,other,18.76408333,92.82568889,85.44457333,197.0343456,9.523255086,47.11142549,43.36531943,100,47.11142549,2
TXNDC9,other,9.741,53.54015556,29.16238667,92.44354222,10.53724226,57.9165989,31.54615884,100,57.9165989,2
TXNL1,other,197.0767333,285.9365556,245.1447333,728.1580222,27.06510501,39.26847564,33.66641936,100,39.26847564,2
TXNL4A,other,0,111.2984444,0,111.2984444,0,100,0,100,100,2
TYMP,other,0,24.05852222,6.760553333,30.81907556,0,78.06373744,21.93626256,100,78.06373744,2
TYW1,other,0,44.9616,0,44.9616,0,100,0,100,100,2
U2AF2,other,165.6815167,684.8427778,549.4768733,1400.001168,11.83438418,48.91730047,39.24831536,100,48.91730047,2
UAP1L1,other,24.84565,35.66101111,0,60.50666111,41.06266904,58.93733096,0,100,58.93733096,2
UBC,other,253.9098333,802.2118889,686.5262,1742.647922,14.57034609,46.03407715,39.39557677,100,46.03407715,2
UBE2G2,other,9.951166667,64.60688889,64.3102,138.8682556,7.165904567,46.52387159,46.31022385,100,46.52387159,2
UBE4A,other,29.41193333,29.68682222,0,59.09875556,49.76743259,50.23256741,0,100,50.23256741,2
UBP1,other,0,100.3721889,22.97269333,123.3448822,0,81.37523591,18.62476409,100,81.37523591,2
UBR1,other,0,178.1205556,55.4083,233.5288556,0,76.27346742,23.72653258,100,76.27346742,2
UBR2,other,0,132.8866556,120.6694467,253.5561022,0,52.40917272,47.59082728,100,52.40917272,2
UBR4,other,52.47288333,244.6694444,184.9796667,482.1219944,10.88373564,50.74845107,38.36781329,100,50.74845107,2
UBR5,other,177.5948333,255.0069333,161.7958533,594.39762,29.87811986,42.90174199,27.22013815,100,42.90174199,2
UBXN6,other,0,183.3866444,6.094186667,189.4808311,0,96.78374502,3.21625498,100,96.78374502,2
UFL1,other,194.1248667,281.8036667,37.91782667,513.84636,37.77877626,54.84200894,7.379214804,100,54.84200894,2
UFSP2,other,118.2453667,256.9915,57.2244,432.4612667,27.34241787,59.42532194,13.23226018,100,59.42532194,2
UHRF1,other,64.52315,111.8042222,26.94409333,203.2714656,31.7423549,55.00241852,13.25522658,100,55.00241852,2
ULK3,other,0,25.31824444,22.23472,47.55296444,0,53.24220002,46.75779998,100,53.24220002,2
UPF3B,other,0,29.62986667,12.6808,42.31066667,0,70.02930703,29.97069297,100,70.02930703,2
UQCRB,other,17.49245,25.34154444,0,42.83399444,40.83777436,59.16222564,0,100,59.16222564,2
UQCRC1,other,81.18283333,302.3797778,35.49243333,419.0550444,19.37283286,72.157532,8.469635148,100,72.157532,2
UQCRHL,other,11.27523333,18.36212222,0,29.63735556,38.04399253,61.95600747,0,100,61.95600747,2
USE1,other,11.76865,30.93827778,0,42.70692778,27.55677032,72.44322968,0,100,72.44322968,2
USP13,other,0,163.1507778,0,163.1507778,0,100,0,100,100,2
USP24,other,40.37093333,158.6523778,0,199.0233111,20.28452502,79.71547498,0,100,79.71547498,2
USP34,other,0,101.1925889,24.1522,125.3447889,0,80.73138882,19.26861118,100,80.73138882,2
USP48,other,151.4734333,277.9903333,142.48562,571.9493867,26.48371287,48.60400934,24.91227779,100,48.60400934,2
USP9X,other,17.16485,173.0105556,71.85506,262.0304656,6.550707744,66.02688553,27.42240672,100,66.02688553,2
UXS1,other,0,8.027155556,0,8.027155556,0,100,0,100,100,2
VARS,other,133.15565,470.8447778,420.1426667,1024.143094,13.00166458,45.97451082,41.02382459,100,45.97451082,2
VCL,other,11.04235,82.42755556,0,93.46990556,11.81380246,88.18619754,0,100,88.18619754,2
VCPIP1,other,0,101.6451667,54.26495333,155.91012,0,65.19472031,34.80527969,100,65.19472031,2
VDAC1,other,102.3748167,490.7295556,328.1956667,921.3000389,11.11199526,53.26490121,35.62310353,100,53.26490121,2
VDAC3,other,50.39295,109.2485222,84.16880667,243.8102789,20.66891939,44.80882542,34.52225519,100,44.80882542,2
VIPAS39,other,30.27418333,127.1363,102.31512,259.7256033,11.65621831,48.95023762,39.39354407,100,48.95023762,2
VMP1,other,13.0364,18.48691111,0,31.52331111,41.35479282,58.64520718,0,100,58.64520718,2
VPS26A,other,204.8306667,291.173,285.0294,781.0330667,26.22560752,37.28049585,36.49389663,100,37.28049585,2
VPS33B,other,65.87316667,240.1651778,111.1182267,417.1565711,15.79099341,57.57195126,26.63705533,100,57.57195126,2
VPS39,other,0,139.4183333,37.56873333,176.9870667,0,78.77317589,21.22682411,100,78.77317589,2
VPS50,other,0,19.24261111,6.216546667,25.45915778,0,75.58227683,24.41772317,100,75.58227683,2
VPS51,other,39.53033333,156.1111778,121.1884067,316.8299178,12.47683098,49.27286504,38.25030399,100,49.27286504,2
VPS53,other,92.62583333,344.2118889,165.1603333,601.9980556,15.38640075,57.17823932,27.43535993,100,57.17823932,2
VTN,other,0,60.47767778,13.67768,74.15535778,0,81.55537184,18.44462816,100,81.55537184,2
WARS,other,283.6871,538.1112222,449.9661333,1271.764456,22.30657562,42.31217659,35.38124779,100,42.31217659,2
WASHC4,other,20.06468333,61.95563333,33.76697333,115.78729,17.32891696,53.50814699,29.16293605,100,53.50814699,2
WDR18,other,23.5225,24.77866667,3.982046667,52.28321333,44.99053998,47.39315946,7.616300554,100,47.39315946,2
WDR26,other,18.72906667,89.36332222,52.30352,160.3959089,11.6767733,55.71421543,32.60901127,100,55.71421543,2
WDR37,other,0,55.53512222,34.49499333,90.03011556,0,61.68505047,38.31494953,100,61.68505047,2
WDR41,other,0,29.1776,20.17899333,49.35659333,0,59.11591143,40.88408857,100,59.11591143,2
WDR6,other,94.7805,423.6528889,255.0636267,773.4970156,12.25350558,54.7711084,32.97538601,100,54.7711084,2
WDR77,other,150.1110333,219.5961111,0,369.7071444,40.60268664,59.39731336,0,100,59.39731336,2
WDR81,other,0,44.38077778,0,44.38077778,0,100,0,100,100,2
WDR82,other,51.86333333,299.8014222,140.14574,491.8104956,10.5453897,60.95872799,28.49588231,100,60.95872799,2
WDR89,other,0,24.81447778,0,24.81447778,0,100,0,100,100,2
WNK1,other,0,9.481277778,0,9.481277778,0,100,0,100,100,2
WRAP73,other,0,37.00666667,24.44517333,61.45184,0,60.22059985,39.77940015,100,60.22059985,2
WRN,other,0,179.9292222,149.3234333,329.2526556,0,54.64776645,45.35223355,100,54.64776645,2
WWP2,other,0,73.94422222,61.19556667,135.1397889,0,54.71684012,45.28315988,100,54.71684012,2
XAB2,other,54.84238333,70.7047,63.70357333,189.2506567,28.97870174,37.36034593,33.66095233,100,37.36034593,2
XPO1,other,391.4651667,551.6684444,462.4999333,1405.633544,27.84973141,39.24696068,32.90330792,100,39.24696068,2
XPO5,other,532.1921667,541.2726667,375.5476,1449.012433,36.72792272,37.35459091,25.91748638,100,37.35459091,2
XPOT,other,108.9118333,213.9208,188.2838,511.1164333,21.30861507,41.85363374,36.83775119,100,41.85363374,2
YIPF5,other,0,116.7382222,33.79673333,150.5349556,0,77.54891333,22.45108667,100,77.54891333,2
YWHAB,other,148.74075,187.9595556,112.9417133,449.6420189,33.07981544,41.80204422,25.11814034,100,41.80204422,2
YWHAH,other,141.1625333,386.2623333,104.7321667,632.1570333,22.33029546,61.1022757,16.56742884,100,61.1022757,2
YWHAZ,other,233.47,409.7277778,344.9393333,988.1371111,23.62728789,41.46466853,34.90804358,100,41.46466853,2
ZBTB2,other,0,22.65398889,0,22.65398889,0,100,0,100,100,2
ZC3H7A,other,0,49.07126667,33.75826667,82.82953333,0,59.24368361,40.75631639,100,59.24368361,2
ZFAND1,other,100.4586667,180.1215444,58.59341933,339.1736304,29.61865477,53.1059989,17.27534633,100,53.1059989,2
ZFR,other,13.99518333,156.9129333,87.96004,258.8681567,5.406297752,60.61500007,33.97870218,100,60.61500007,2
ZMPSTE24,other,87.40483333,150.4266556,0,237.8314889,36.75074051,63.24925949,0,100,63.24925949,2
ZMYM4,other,0,94.92813333,40.24598667,135.17412,0,70.22655915,29.77344085,100,70.22655915,2
ZNF277,other,0,58.60588889,31.98166667,90.58755556,0,64.69529786,35.30470214,100,64.69529786,2
ZNF281,other,39.69761667,48.99895556,42.75916,131.4557322,30.19846757,37.27411101,32.52742142,100,37.27411101,2
ZNF384,other,0,23.2175,14.57466667,37.79216667,0,61.43468885,38.56531115,100,61.43468885,2
ZNF593,other,0,56.57714444,24.99096,81.56810444,0,69.36184778,30.63815222,100,69.36184778,2
ZNF598,other,0,48.842,9.407826667,58.24982667,0,83.84917655,16.15082345,100,83.84917655,2
ZNF622,other,0,351.4848889,268.7205333,620.2054222,0,56.67233408,43.32766592,100,56.67233408,2
ZNF687,other,0,96.63855556,81.6986,178.3371556,0,54.18868281,45.81131719,100,54.18868281,2
ZNFX1,other,0,95.02338889,52.46302,147.4864089,0,64.42857318,35.57142682,100,64.42857318,2
ZW10,other,111.3143667,130.8373333,118.5653467,360.7170467,30.85919218,36.27145835,32.86934947,100,36.27145835,2
ZWILCH,other,22.37083333,82.962,72.28458667,177.61742,12.59495456,46.70825643,40.69678901,100,46.70825643,2
ZYG11B,other,63.63483333,130.1452222,85.99019333,279.7702489,22.74538969,46.51860687,30.73600344,100,46.51860687,2
RPL10,60S,0,1036.168556,873.6210667,1909.789622,0,54.25563861,45.74436139,100,54.25563861,2
RPL13A,60S,0,935.105,660.4721333,1595.577133,0,58.60606676,41.39393324,100,58.60606676,2
RPL17,60S,0,925.9157778,923.7467333,1849.662511,0,50.05863352,49.94136648,100,50.05863352,2
RPL18,60S,0,673.9126667,453.1052,1127.017867,0,59.79609433,40.20390567,100,59.79609433,2
RPL19,60S,0,534.0433333,396.1385333,930.1818667,0,57.41278695,42.58721305,100,57.41278695,2
RPL22,60S,0,324.2926667,286.6936667,610.9863333,0,53.07691007,46.92308993,100,53.07691007,2
RPL22L1,60S,0,421.1815556,403.9600667,825.1416222,0,51.04354746,48.95645254,100,51.04354746,2
RPL23,60S,131.7781667,1391.340667,923.9514,2447.070233,5.385140356,56.85740637,37.75745328,100,56.85740637,2
RPL23A,60S,0,1455.887111,798.0702667,2253.957378,0,64.59248633,35.40751367,100,64.59248633,2
RPL24,60S,0,718.2393444,694.9847333,1413.224078,0,50.82275032,49.17724968,100,50.82275032,2
RPL27,60S,0,545.8088778,411.341,957.1498778,0,57.02438985,42.97561015,100,57.02438985,2
RPL28,60S,0,1205.165111,1025.8356,2231.000711,0,54.01903752,45.98096248,100,54.01903752,2
RPL29,60S,0,1052.03,501.4758667,1553.505867,0,67.71973139,32.28026861,100,67.71973139,2
RPL3,60S,7.01015,1465.400889,1140.779,2613.190039,0.268260245,56.07708843,43.65465133,100,56.07708843,2
RPL31,60S,0,1611.553333,1163.606067,2775.1594,0,58.07065833,41.92934167,100,58.07065833,2
RPL32,60S,0,858.4588889,856.8359333,1715.294822,0,50.04730836,49.95269164,100,50.04730836,2
RPL34,60S,0,518.3420667,395.3704667,913.7125333,0,56.72922804,43.27077196,100,56.72922804,2
RPL35A,60S,0,726.2150667,575.0496,1301.264667,0,55.80840587,44.19159413,100,55.80840587,2
RPL36,60S,0,720.7851111,398.6184333,1119.403544,0,64.39010442,35.60989558,100,64.39010442,2
RPL36A,60S,0,2009.377778,1660.898667,3670.276444,0,54.74731422,45.25268578,100,54.74731422,2
RPL38,60S,0,559.7305556,467.5166667,1027.247222,0,54.48839806,45.51160194,100,54.48839806,2
RPL39,60S,0,114.3043333,103.7888733,218.0932067,0,52.41077202,47.58922798,100,52.41077202,2
RPL4,60S,0,839.0956667,653.0941333,1492.1898,0,56.23250251,43.76749749,100,56.23250251,2
RPL6,60S,0,1086.182889,933.3138,2019.496689,0,53.78483138,46.21516862,100,53.78483138,2
RPL7,60S,0,580.9544444,527.6418,1108.596244,0,52.40451132,47.59548868,100,52.40451132,2
RPL7A,60S,0,1022.486111,648.0036,1670.489711,0,61.20876437,38.79123563,100,61.20876437,2
RPL9,60S,0,810.188,692.9079333,1503.095933,0,53.90128348,46.09871652,100,53.90128348,2
RPLP0,60S,243.03825,1993.758444,1589.778,3826.574694,6.351326432,52.10295378,41.54571979,100,52.10295378,2
RPLP1,60S,78.56983333,507.8703333,394.4591333,980.8993,8.00997955,51.775991,40.21402945,100,51.775991,2
RPLP2,60S,113.1427333,383.4525556,313.3132667,809.9085556,13.9698158,47.34516668,38.68501753,100,47.34516668,2
RPS10,40S,33.46143333,1627.891333,1068.123133,2729.4759,1.22592888,59.64116896,39.13290216,100,59.64116896,2
RPS11,40S,12.67525,1005.690556,753.7196,1772.085406,0.715273088,56.75181074,42.53291617,100,56.75181074,2
RPS12,40S,62.32686667,689.8195556,641.2942667,1393.440689,4.472875463,49.50476623,46.02235831,100,49.50476623,2
RPS13,40S,0,474.3853333,372.3706,846.7559333,0,56.02385701,43.97614299,100,56.02385701,2
RPS14,40S,37.48016667,563.8751111,225.80194,827.1572178,4.531202275,68.17024611,27.29855161,100,68.17024611,2
RPS15A,40S,0,712.7748889,463.7364667,1176.511356,0,60.58376619,39.41623381,100,60.58376619,2
RPS16,40S,0,901.4927778,867.4052,1768.897978,0,50.96352583,49.03647417,100,50.96352583,2
RPS17,40S,21.26333333,1386.119333,805.2484,2212.631067,0.960997685,62.64575031,36.393252,100,62.64575031,2
RPS18,40S,0,1008.850444,671.3346,1680.185044,0,60.04400812,39.95599188,100,60.04400812,2
RPS19,40S,11.06286667,810.5264444,553.8462667,1375.435578,0.804317326,58.92871011,40.26697256,100,58.92871011,2
RPS2,40S,272.6151667,1318.122111,949.3832667,2540.120544,10.73237124,51.89210858,37.37552018,100,51.89210858,2
RPS20,40S,0,1293.677778,674.9623333,1968.640111,0,65.71428523,34.28571477,100,65.71428523,2
RPS23,40S,0,1338.315556,1313.567067,2651.882622,0,50.46662112,49.53337888,100,50.46662112,2
RPS24,40S,0,1912.558667,1334.832067,3247.390733,0,58.8952431,41.1047569,100,58.8952431,2
RPS25,40S,11.52475,1125.729778,1011.910533,2149.165061,0.53624313,52.37986594,47.08389093,100,52.37986594,2
RPS26,40S,0,574.0674444,552.0236667,1126.091111,0,50.97877417,49.02122583,100,50.97877417,2
RPS27A,40S,0,369.0446667,335.2729333,704.3176,0,52.39747902,47.60252098,100,52.39747902,2
RPS29,40S,0,60.515,46.66645333,107.1814533,0,56.4603279,43.5396721,100,56.4603279,2
RPS3,40S,65.00133333,1189.350556,1001.592,2255.943889,2.88133644,52.72075079,44.39791277,100,52.72075079,2
RPS3A,40S,98.47933333,842.4576667,419.35,1360.287,7.239599683,61.93234712,30.8280532,100,61.93234712,2
RPS4X,40S,137.081,1041.732222,725.1546667,1903.967889,7.199753777,54.71374955,38.08649667,100,54.71374955,2
RPS4Y1,40S,0,250.9549444,195.29918,446.2541244,0,56.23588236,43.76411764,100,56.23588236,2
RPS5,40S,17.1171,508.6516667,324.6656,850.4343667,2.012747917,59.81080805,38.17644403,100,59.81080805,2
RPS7,40S,228.5965,1528.740556,1000.9912,2758.328256,8.287501661,55.42272036,36.28977798,100,55.42272036,2
RPS8,40S,114.3338333,647.427,569.9085333,1331.669367,8.585752304,48.61769867,42.79654902,100,48.61769867,2
RPS9,40S,0,530.8875556,199.17102,730.0585756,0,72.71848771,27.28151229,100,72.71848771,2
RPSA,40S,128.9556667,1076.056778,720.9322667,1925.944711,6.695709691,55.87163388,37.43265643,100,55.87163388,2
AAAS,other,76.06226667,200.8093333,319.8089333,596.6805333,12.74756967,33.65441339,53.59801694,100,53.59801694,3
ABCF2,other,282.1761667,442.8433333,444.9417333,1169.961233,24.11842022,37.8511117,38.03046808,100,38.03046808,3
ABRAXAS2,other,7.244466667,4.368155556,25.32542,36.93804222,19.61248142,11.82562825,68.56189033,100,68.56189033,3
ACACA,other,138.434,200.2651111,242.5028667,581.2019778,23.81857001,34.45705947,41.72437052,100,41.72437052,3
ACAD10,other,0,0,7.614486667,7.614486667,0,0,100,100,100,3
ACAD11,other,0,5.000455556,7.155766667,12.15622222,0,41.1349469,58.8650531,100,58.8650531,3
ACAD9,other,185.631,119.8171556,196.9134533,502.3616089,36.95166922,23.85077869,39.19755209,100,39.19755209,3
ACAT1,other,192.50935,270.7967667,419.5625333,882.86865,21.80498198,30.67237314,47.52264488,100,47.52264488,3
ACLY,other,213.7768333,381.0297778,385.7564667,980.5630778,21.80143615,38.85826281,39.34030104,100,39.34030104,3
ACOT7,other,260.1977167,235.5266667,269.0626,764.7869833,34.02224702,30.79637491,35.18137807,100,35.18137807,3
ACSL3,other,68.66048333,250.3674444,315.7417333,634.7696611,10.81659814,39.44225123,49.74115064,100,49.74115064,3
ACTN4,other,341.1286667,371.4246667,584.2492,1296.802533,26.30536708,28.64157473,45.05305819,100,45.05305819,3
ADAR,other,196.1477667,373.9748889,389.6351333,959.7577889,20.4372154,38.96554873,40.59723587,100,40.59723587,3
ADNP,other,67.70166667,134.7177111,222.5057867,424.9251644,15.93260939,31.7038675,52.36352311,100,52.36352311,3
ADSL,other,76.80116667,32.17897778,126.60474,235.5848844,32.60020983,13.65918609,53.74060407,100,53.74060407,3
AFG3L2,other,96.24778333,101.6401111,125.86138,323.7492744,29.72911167,31.39469927,38.87618906,100,38.87618906,3
AGK,other,0,245.9525556,336.3884,582.3409556,0,42.23514647,57.76485353,100,57.76485353,3
AGO1,other,0,0,18.29472,18.29472,0,0,100,100,100,3
AGO2,other,79.4165,179.9809333,504.7090133,764.1064467,10.39338175,23.55443199,66.05218625,100,66.05218625,3
AHCTF1,other,0,46.88388889,90.07286667,136.9567556,0,34.23262233,65.76737767,100,65.76737767,3
AIFM1,other,115.5140667,177.9981111,488.9552667,782.4674444,14.76279524,22.74830888,62.48889588,100,62.48889588,3
AIMP2,other,243.4815,160.1973333,244.7377333,648.4165667,37.55016644,24.7059285,37.74390506,100,37.74390506,3
AKAP12,other,193.8698667,208.6423,225.2584667,627.7706333,30.88227712,33.23543487,35.88228801,100,35.88228801,3
AKAP17A,other,0,0,13.74607333,13.74607333,0,0,100,100,100,3
AKAP8,other,0,99.96376667,258.72972,358.6934867,0,27.86885471,72.13114529,100,72.13114529,3
AKAP8L,other,43.29858333,124.8064,249.8692667,417.97425,10.35915091,29.85982988,59.78101921,100,59.78101921,3
ALDH3A2,other,121.2108833,280.3328889,283.7402667,685.2840389,17.68768517,40.9075468,41.40476803,100,41.40476803,3
ALG1,other,0,88.76757778,91.76560667,180.5331844,0,49.16967374,50.83032626,100,50.83032626,3
ALG2,other,0,0,2.723126667,2.723126667,0,0,100,100,100,3
AMFR,other,0,6.014444444,13.13066667,19.14511111,0,31.41504068,68.58495932,100,68.58495932,3
ANKHD1,other,14.72468333,0,27.51278,42.23746333,34.86166586,0,65.13833414,100,65.13833414,3
ANKRD17,other,143.3385333,212.8962222,246.0011333,602.2358889,23.80106134,35.35096897,40.84796969,100,40.84796969,3
ANKRD28,other,0,126.2655,175.77336,302.03886,0,41.80438901,58.19561099,100,58.19561099,3
ANLN,other,155.9401667,172.6428889,177.3678,505.9508556,30.82120822,34.12246209,35.05632969,100,35.05632969,3
AP1B1,other,152.7183333,351.0312222,493.4359333,997.1854889,15.31493739,35.2021992,49.4828634,100,49.4828634,3
AP1G2,other,0,5.867711111,6.312853333,12.18056444,0,48.17273566,51.82726434,100,51.82726434,3
AP1M1,other,38.63956667,139.4200111,187.074,365.1335778,10.58230988,38.18328951,51.23440061,100,51.23440061,3
AP1M2,other,94.67216667,236.0506333,312.6076667,643.3304667,14.7159464,36.69197179,48.59208181,100,48.59208181,3
AP1S3,other,0,8.021444444,39.92299333,47.94443778,0,16.73070916,83.26929084,100,83.26929084,3
AP2A1,other,89.02303333,188.2854444,438.4626,715.7710778,12.43736106,26.3052602,61.25737874,100,61.25737874,3
AP2A2,other,28.77108333,135.9273,184.2512667,348.94965,8.245052928,38.95327019,52.80167688,100,52.80167688,3
AP2B1,other,24.71451667,100.0392444,178.41588,303.1696411,8.152042063,32.99777777,58.85018017,100,58.85018017,3
AP2M1,other,101.1428333,469.3034444,499.9002667,1070.346544,9.449540792,43.84593447,46.70452474,100,46.70452474,3
AP2S1,other,0,134.6791556,195.88742,330.5665756,0,40.7419157,59.2580843,100,59.2580843,3
AP3B2,other,0,0,80.0942,80.0942,0,0,100,100,100,3
AP3D1,other,101.9622,194.5005556,357.3687333,653.8314889,15.59456859,29.747811,54.65762041,100,54.65762041,3
AP5B1,other,0,0,7.118106667,7.118106667,0,0,100,100,100,3
APC,other,0,0,33.6124,33.6124,0,0,100,100,100,3
APOBEC3B,other,0,0,68.46233333,68.46233333,0,0,100,100,100,3
APP,other,0,0,6.276093333,6.276093333,0,0,100,100,100,3
APTX,other,0,0,12.31866667,12.31866667,0,0,100,100,100,3
ARAP3,other,0,0,12.03700667,12.03700667,0,0,100,100,100,3
ARCN1,other,148.6571667,159.5160111,331.5154267,639.6886044,23.23898935,24.93650973,51.82450092,100,51.82450092,3
ARHGAP21,other,0,14.05571111,27.59852667,41.65423778,0,33.74377221,66.25622779,100,66.25622779,3
ARHGAP4,other,13.42115,74.69348889,132.41776,220.5323989,6.085795134,33.86962155,60.04458332,100,60.04458332,3
ARID2,other,11.10093333,13.73971111,43.21036667,68.05101111,16.3126648,20.19031148,63.49702372,100,63.49702372,3
ARIH1,other,172.0026667,165.5853444,272.5772,610.1652111,28.18952368,27.13778849,44.67268783,100,44.67268783,3
ARL6IP4,other,0,0,6.889293333,6.889293333,0,0,100,100,100,3
ARMC5,other,0,0,23.4564,23.4564,0,0,100,100,100,3
ARPC1B,other,80.4727,50.28257778,89.39960667,220.1548844,36.55276611,22.83963761,40.60759628,100,40.60759628,3
ARVCF,other,9.6389,0,16.81674667,26.45564667,36.43418784,0,63.56581216,100,63.56581216,3
ASMTL,other,8.527783333,92.63833333,196.52716,297.6932767,2.864620736,31.11871869,66.01666057,100,66.01666057,3
ASPH,other,177.3755,281.2346,298.1079467,756.7180467,23.44010438,37.16504466,39.39485096,100,39.39485096,3
ATAD1,other,31.0199,0,82.20841333,113.2283133,27.39588632,0,72.60411368,100,72.60411368,3
ATAD2,other,0,80.27485556,93.65594667,173.9308022,0,46.1533291,53.8466709,100,53.8466709,3
ATAD3A,other,40.92885,74.91657778,338.8718867,454.7173144,9.000943817,16.47541789,74.52363829,100,74.52363829,3
ATAD3B,other,58.73895,254.1590889,390.9312,703.8292389,8.345625154,36.11090231,55.54347254,100,55.54347254,3
ATG14,other,0,0,28.9794,28.9794,0,0,100,100,100,3
ATG4B,other,121.8674167,97.26776667,124.83654,343.9717233,35.4294869,28.27783799,36.2926751,100,36.2926751,3
ATP2A2,other,304.3023333,330.4325556,535.3082667,1170.043156,26.00778714,28.24105709,45.75115577,100,45.75115577,3
ATP5MC3,other,224.2478333,398.8561111,492.9190667,1116.023011,20.09347756,35.73905799,44.16746445,100,44.16746445,3
ATP5MD,other,18.6217,15.69438889,28.58242667,62.89851556,29.60594513,24.95192255,45.44213232,100,45.44213232,3
ATP5MF,other,155.9236667,140.6134444,232.7550667,529.2921778,29.45890251,26.56631825,43.97477923,100,43.97477923,3
ATP5MG,other,150.002,195.4175111,198.15476,543.5742711,27.59549301,35.95047108,36.45403591,100,36.45403591,3
ATP6AP1,other,40.05051667,16.36264444,77.12169133,133.5348524,29.99255695,12.25346353,57.75397952,100,57.75397952,3
ATP6V0A1,other,8.39095,87.25918889,171.9234467,267.5735856,3.135941084,32.61128661,64.2527723,100,64.2527723,3
ATP6V0A2,other,0,0,140.2970733,140.2970733,0,0,100,100,100,3
ATP6V0C,other,0,18.09764444,42.78171333,60.87935778,0,29.72706202,70.27293798,100,70.27293798,3
ATP6V0D1,other,67.22966667,91.61328889,445.77958,604.6225356,11.11927901,15.15214593,73.72857507,100,73.72857507,3
ATP6V1A,other,27.40133333,61.09826667,169.1384667,257.6380667,10.63559189,23.71476679,65.64964132,100,65.64964132,3
ATP6V1G1,other,46.14595,46.09414444,60.76757333,153.0076678,30.15924017,30.12538202,39.71537781,100,39.71537781,3
ATR,other,0,84.00455556,181.0847333,265.0892889,0,31.68915497,68.31084503,100,68.31084503,3
ATRX,other,35.49688333,74.99237778,177.0856,287.5748611,12.34352794,26.07751508,61.57895698,100,61.57895698,3
AURKB,other,0,0,48.84566667,48.84566667,0,0,100,100,100,3
BAP1,other,0,0,2.901166667,2.901166667,0,0,100,100,100,3
BAZ1A,other,0,117.2359556,233.9898,351.2257556,0,33.37908844,66.62091156,100,66.62091156,3
BAZ1B,other,0,7.887633333,131.2005867,139.08822,0,5.670957133,94.32904287,100,94.32904287,3
BAZ2A,other,0,84.73417778,178.0176,262.7517778,0,32.24875527,67.75124473,100,67.75124473,3
BBX,other,0,0,54.86097333,54.86097333,0,0,100,100,100,3
BCAS2,other,0,162.743,245.9088667,408.6518667,0,39.82436232,60.17563768,100,60.17563768,3
BCHE,other,0,0,41.20418,41.20418,0,0,100,100,100,3
BCLAF1,other,0,0,42.01745333,42.01745333,0,0,100,100,100,3
BEND3,other,0,41.6481,295.6193333,337.2674333,0,12.34868709,87.65131291,100,87.65131291,3
BLM,other,0,0,130.3000533,130.3000533,0,0,100,100,100,3
BLVRA,other,6.086258333,33.53788889,51.4191,91.04324722,6.685018954,36.83731623,56.47766481,100,56.47766481,3
BPHL,other,0,0,20.17166,20.17166,0,0,100,100,100,3
BRD1,other,0,0,9.43998,9.43998,0,0,100,100,100,3
BRD2,other,0,0,5.61288,5.61288,0,0,100,100,100,3
BRD7,other,0,38.85863333,56.55609333,95.41472667,0,40.72603328,59.27396672,100,59.27396672,3
BRIX1,other,0,271.0086778,439.4338667,710.4425444,0,38.14645954,61.85354046,100,61.85354046,3
BRPF3,other,0,0,19.75155333,19.75155333,0,0,100,100,100,3
BSG,other,259.7543333,276.0952222,279.5246667,815.3742222,31.85706958,33.86116641,34.28176401,100,34.28176401,3
BTBD10,other,0,0,12.13377333,12.13377333,0,0,100,100,100,3
BTRC,other,22.36556667,68.32917778,71.24023333,161.9349778,13.81144888,42.19544086,43.99311027,100,43.99311027,3
BUB3,other,76.05766667,137.0435111,219.0002,432.1013778,17.60181073,31.71559226,50.68259702,100,50.68259702,3
C10orf88,other,0,6.669277778,119.4891333,126.1584111,0,5.286431336,94.71356866,100,94.71356866,3
C11orf98,other,0,108.523,125.1094933,233.6324933,0,46.45030255,53.54969745,100,53.54969745,3
C19orf25,other,0,29.96162222,36.54995333,66.51157556,0,45.04722971,54.95277029,100,54.95277029,3
C19orf53,other,0,97.72622222,108.2292,205.9554222,0,47.45018178,52.54981822,100,52.54981822,3
C1QBP,other,87.8123,208.7211111,232.3573267,528.8907378,16.60310793,39.46393767,43.9329544,100,43.9329544,3
C2orf42,other,0,0,16.91339333,16.91339333,0,0,100,100,100,3
C4B,other,40.16391667,45.43233333,140.0634667,225.6597167,17.79844328,20.13311636,62.06844036,100,62.06844036,3
C6orf120,other,0,0,56.91138667,56.91138667,0,0,100,100,100,3
C7orf43,other,0,0,24.47033333,24.47033333,0,0,100,100,100,3
C7orf50,other,0,64.57611111,184.92466,249.5007711,0,25.88212887,74.11787113,100,74.11787113,3
C8orf33,other,0,43.73766667,107.21922,150.9568867,0,28.97361467,71.02638533,100,71.02638533,3
CAD,other,204.5311667,290.2907778,442.0793333,936.9012778,21.83059961,30.98413725,47.18526315,100,47.18526315,3
CALML3,other,43.92941667,18.8786,44.44686667,107.2548833,40.95796415,17.6016228,41.44041305,100,41.44041305,3
CAMK2D,other,26.7214,239.56,295.1365333,561.4179333,4.759627082,42.67052863,52.56984428,100,52.56984428,3
CAPN1,other,62.09771667,207.4195556,449.9285333,719.4458056,8.631326528,28.83046283,62.53821064,100,62.53821064,3
CAPN2,other,186.126,364.5423333,499.5024,1050.170733,17.72340383,34.71267307,47.5639231,100,47.5639231,3
CAPN7,other,0,17.3043,104.9115333,122.2158333,0,14.15880376,85.84119624,100,85.84119624,3
CAPNS1,other,76.23975,413.8037778,519.7612667,1009.804794,7.549949299,40.97859112,51.47145959,100,51.47145959,3
CAPRIN1,other,81.44586667,342.5392,530.4118,954.3968667,8.533752521,35.89064591,55.57560157,100,55.57560157,3
CASC3,other,0,13.68452222,152.2146667,165.8991889,0,8.248697485,91.75130251,100,91.75130251,3
CASP7,other,56.72133333,59.88714444,114.34692,230.9553978,24.55943177,25.93017744,49.51039079,100,49.51039079,3
CASP8,other,57.7615,101.6602667,132.5107333,291.9325,19.78590941,34.8232097,45.39088088,100,45.39088088,3
CAV1,other,262.8623,406.912,1015.779533,1685.553833,15.59501066,24.1411453,60.26384404,100,60.26384404,3
CAV2,other,34.94668333,73.76815556,122.7644133,231.4792522,15.09711259,31.8681501,53.03473731,100,53.03473731,3
CAVIN1,other,70.02883333,277.6822222,641.9498,989.6608556,7.07604357,28.05832126,64.86563517,100,64.86563517,3
CAVIN3,other,0,328.6553333,653.4464867,982.10182,0,33.46448674,66.53551326,100,66.53551326,3
CBFB,other,27.85876667,45.88552222,85.29819333,159.0424822,17.51655676,28.85111046,53.63233278,100,53.63233278,3
CBX5,other,75.82045,47.91242222,110.19524,233.9281122,32.41185904,20.48168635,47.10645461,100,47.10645461,3
CBX8,other,0,31.9937,82.24205333,114.2357533,0,28.00673088,71.99326912,100,71.99326912,3
CCDC137,other,0,0,9.44878,9.44878,0,0,100,100,100,3
CCDC15,other,0,0,8.170773333,8.170773333,0,0,100,100,100,3
CCDC158,other,0,0,54.53013333,54.53013333,0,0,100,100,100,3
CCDC47,other,310.963,450.9771111,480.0610667,1242.001178,25.03725484,36.31052202,38.65222314,100,38.65222314,3
CCDC59,other,0,28.78887778,34.52351333,63.31239111,0,45.4711586,54.5288414,100,54.5288414,3
CCM2,other,0,0,21.8668,21.8668,0,0,100,100,100,3
CCT2,other,513.0831667,682.3012222,766.4171333,1961.801522,26.15367359,34.77931965,39.06700676,100,39.06700676,3
CCT3,other,230.1845,837.978,895.8218,1963.9843,11.72028208,42.66724535,45.61247256,100,45.61247256,3
CCT4,other,282.2613667,455.7363333,477.1192667,1215.116967,23.22915196,37.50555262,39.26529542,100,39.26529542,3
CCT7,other,452.3769833,670.0465556,1015.6512,2138.074739,21.1581464,31.33878079,47.50307281,100,47.50307281,3
CD2BP2,other,19.35341667,158.2551889,270.91138,448.5199856,4.314950791,35.2838656,60.40118361,100,60.40118361,3
CD3EAP,other,48.78195,187.6667778,286.4976667,522.9463944,9.328288811,35.88642732,54.78528387,100,54.78528387,3
CDC27,other,29.37636667,178.4334667,239.0293333,446.8391667,6.574259568,39.9323694,53.49337103,100,53.49337103,3
CDC45,other,0,170.1935556,176.7438,346.9373556,0,49.05599032,50.94400968,100,50.94400968,3
CDC5L,other,76.42116667,129.3229333,248.8148667,454.5589667,16.8121569,28.4501996,54.7376435,100,54.7376435,3
CDC6,other,0,0,8.538486667,8.538486667,0,0,100,100,100,3
CDC73,other,192.3076667,90.97774444,195.1709533,478.4563644,40.19335533,19.01484675,40.79179792,100,40.79179792,3
CDCA8,other,0,6.097133333,91.88678667,97.98392,0,6.222585638,93.77741436,100,93.77741436,3
CDH3,other,14.4898,0,21.79816667,36.28796667,39.93004109,0,60.06995891,100,60.06995891,3
CDIPT,other,0,0,18.68324667,18.68324667,0,0,100,100,100,3
CDK12,other,0,0,180.8487667,180.8487667,0,0,100,100,100,3
CDK13,other,36.32478333,85.21177778,96.34089533,217.8774564,16.67211649,39.1099562,44.21792732,100,44.21792732,3
CDK5RAP1,other,0,30.23478889,43.68401333,73.91880222,0,40.90270402,59.09729598,100,59.09729598,3
CDKAL1,other,16.00886667,30.81022222,61.5816,108.4006889,14.76823333,28.4225336,56.80923307,100,56.80923307,3
CDS2,other,0,12.97301111,35.78749333,48.76050444,0,26.60557199,73.39442801,100,73.39442801,3
CEBPZ,other,0,37.94974444,133.5325867,171.4823311,0,22.13041087,77.86958913,100,77.86958913,3
CENPO,other,0,0,6.70918,6.70918,0,0,100,100,100,3
CEP131,other,0,0,169.6597667,169.6597667,0,0,100,100,100,3
CEP55,other,21.95331667,17.27467778,47.92118667,87.14918111,25.19050252,19.82196225,54.98753523,100,54.98753523,3
CERK,other,0,0,25.48153333,25.48153333,0,0,100,100,100,3
CETN2,other,0,137.4882889,209.8454667,347.3337556,0,39.58391221,60.41608779,100,60.41608779,3
CETN3,other,0,0,10.60657333,10.60657333,0,0,100,100,100,3
CHD1,other,0,58.94953333,110.9039333,169.8534667,0,34.70611139,65.29388861,100,65.29388861,3
CHD2,other,0,6.885233333,28.7708,35.65603333,0,19.31014947,80.68985053,100,80.68985053,3
CHD7,other,0,0,30.09802,30.09802,0,0,100,100,100,3
CHEK2,other,5.461333333,0,6.615066667,12.0764,45.22319013,0,54.77680987,100,54.77680987,3
CHUK,other,85.174,537.3639444,660.3476667,1282.885611,6.63925133,41.8871285,51.47362017,100,51.47362017,3
CIT,other,0,0,22.39766667,22.39766667,0,0,100,100,100,3
CKAP4,other,64.2584,85.22765556,117.8417667,267.3278222,24.03730351,31.8813264,44.08137009,100,44.08137009,3
CKMT1A,other,23.73526667,0,176.6761067,200.4113733,11.8432733,0,88.1567267,100,88.1567267,3
CLK3,other,0,51.43781111,153.1896667,204.6274778,0,25.1372942,74.8627058,100,74.8627058,3
CLPX,other,49.38451667,178.9975667,185.8628667,414.24495,11.92157362,43.21056097,44.86786542,100,44.86786542,3
CLTA,other,134.3693667,295.2418889,459.0991333,888.7103889,15.11958995,33.22138377,51.65902628,100,51.65902628,3
CLTB,other,28.11935,133.3496333,262.30546,423.7744433,6.635452053,31.46712489,61.89742306,100,61.89742306,3
CLTC,other,507.2693333,696.5913333,966.8342,2170.694867,23.36898387,32.09070718,44.54030895,100,44.54030895,3
CMAS,other,179.3455,116.3547778,359.0863333,654.7866111,27.38991558,17.76987736,54.84020706,100,54.84020706,3
CMSS1,other,53.92216667,61.03711111,121.2492,236.2084778,22.82820971,25.84035581,51.33143448,100,51.33143448,3
CNIH4,other,0,30.12624444,40.88496667,71.01121111,0,42.42463123,57.57536877,100,57.57536877,3
CNN3,other,26.09393333,54.24467778,66.58298,146.9215911,17.76044837,36.92083469,45.31871694,100,45.31871694,3
COIL,other,20.91788333,91.873,156.49666,269.2875433,7.767861474,34.1170627,58.11507583,100,58.11507583,3
COPA,other,317.9753333,353.5204444,767.5175333,1439.013311,22.09676108,24.56686409,53.33637482,100,53.33637482,3
COPB1,other,140.55655,317.0525556,572.1425333,1029.751639,13.64955827,30.78922563,55.5612161,100,55.5612161,3
COPE,other,57.64141667,94.14993333,305.5366533,457.3280033,12.6039552,20.58696005,66.80908475,100,66.80908475,3
COPG1,other,98.83,330.7243556,355.2734667,784.8278222,12.59257091,42.13973386,45.26769523,100,45.26769523,3
CPNE3,other,144.65,229.3164333,474.4512667,848.4177,17.04938499,27.02871868,55.92189633,100,55.92189633,3
CPSF1,other,61.52116667,95.66923333,100.9399867,258.1303867,23.83336866,37.06236781,39.10426354,100,39.10426354,3
CPSF2,other,90.00033333,112.3959889,221.5141333,423.9104556,21.23097748,26.51408745,52.25493508,100,52.25493508,3
CPSF3,other,190.0603333,334.2722222,345.0642667,869.3968222,21.86117185,38.44875133,39.69007683,100,39.69007683,3
CREBBP,other,75.69183333,80.37025556,188.2318267,344.2939156,21.98465611,23.34350156,54.67184233,100,54.67184233,3
CRNKL1,other,155.2326667,95.74575556,189.96738,440.9458022,35.20447771,21.71372424,43.08179804,100,43.08179804,3
CSDE1,other,271.6795,341.372,359.2172667,972.2687667,27.9428394,35.11086766,36.94629294,100,36.94629294,3
CSE1L,other,92.72851667,185.7893333,257.9414,536.45925,17.28528619,34.63251558,48.08219823,100,48.08219823,3
CSTF1,other,45.51603333,26.97637778,58.3591,130.8515111,34.78449194,20.61602312,44.59948495,100,44.59948495,3
CTCF,other,0,9.348566667,10.08637333,19.43494,0,48.10185504,51.89814496,100,51.89814496,3
CTNNA2,other,26.8048,19.34251111,45.93529333,92.08260444,29.10951549,21.0056082,49.88487631,100,49.88487631,3
CTNNB1,other,75.22366667,163.0244222,341.3733333,579.6214222,12.97806875,28.12601743,58.89591382,100,58.89591382,3
CTNND1,other,135.9813167,238.6255556,325.7803333,700.3872056,19.41516287,34.07051894,46.51431819,100,46.51431819,3
CTR9,other,21.01018333,127.6546111,182.5566667,331.2214611,6.343243358,38.54056156,55.11619508,100,55.11619508,3
CTU1,other,58.485,0,131.3605867,189.8455867,30.80661554,0,69.19338446,100,69.19338446,3
CTU2,other,98.8439,136.6236111,157.6098533,393.0773644,25.14616942,34.75743542,40.09639516,100,40.09639516,3
CUL9,other,0,0,4.371826667,4.371826667,0,0,100,100,100,3
CWC22,other,0,0,4.594593333,4.594593333,0,0,100,100,100,3
CYFIP1,other,64.321,38.15168889,115.5092,217.9818889,29.50749731,17.50222878,52.99027391,100,52.99027391,3
CYFIP2,other,155.2077167,192.1392667,280.6062,627.9531833,24.71644715,30.59770565,44.6858472,100,44.6858472,3
CYR61,other,0,10.07267778,64.80727333,74.87995111,0,13.45176864,86.54823136,100,86.54823136,3
DBN1,other,0,264.4943333,296.2692,560.7635333,0,47.16682124,52.83317876,100,52.83317876,3
DCAF13,other,0,65.66672222,203.45446,269.1211822,0,24.40042871,75.59957129,100,75.59957129,3
DCAF7,other,62.64116667,92.49814444,103.2463933,258.3857044,24.24327878,35.79847602,39.9582452,100,39.9582452,3
DDB1,other,77.27885,128.0865333,307.71616,513.0815433,15.0617092,24.964167,59.9741238,100,59.9741238,3
DDX1,other,165.8612333,106.9216556,287.1474667,559.9303556,29.62176129,19.09552759,51.28271111,100,51.28271111,3
DDX10,other,0,0,79.03316667,79.03316667,0,0,100,100,100,3
DDX17,other,234.6204,700.2913333,1123.3386,2058.250333,11.3990216,34.02362298,54.57735543,100,54.57735543,3
DDX18,other,0,92.02773333,209.3974667,301.4252,0,30.53086913,69.46913087,100,69.46913087,3
DDX19B,other,225.3784333,362.4267778,395.8268,983.6320111,22.91288112,36.84576891,40.24134997,100,40.24134997,3
DDX20,other,0,169.1518222,269.5843333,438.7361556,0,38.55433843,61.44566157,100,61.44566157,3
DDX21,other,90.509,256.4085556,499.803,846.7205556,10.68935901,30.28254763,59.02809336,100,59.02809336,3
DDX23,other,151.6893333,259.6196667,330.4428667,741.7518667,20.45014514,35.0008781,44.54897676,100,44.54897676,3
DDX24,other,0,186.402,207.7123667,394.1143667,0,47.29642352,52.70357648,100,52.70357648,3
DDX27,other,0,0,7.812113333,7.812113333,0,0,100,100,100,3
DDX31,other,0,0,90.59528667,90.59528667,0,0,100,100,100,3
DDX39B,other,281.9956667,423.7397778,538.9752667,1244.710711,22.6555186,34.04323382,43.30124758,100,43.30124758,3
DDX3X,other,106.55005,127.1853222,268.66852,502.4038922,21.20804628,25.31535368,53.47660003,100,53.47660003,3
DDX46,other,74.3005,82.09593333,185.82168,342.2181133,21.71144574,23.98935946,54.2991948,100,54.2991948,3
DDX47,other,11.74336667,501.6871111,781.5210667,1294.951544,0.906857613,38.74176708,60.35137531,100,60.35137531,3
DDX49,other,82.21931667,118.2715222,343.2114,543.7022389,15.12212214,21.75299525,63.1248826,100,63.1248826,3
DDX5,other,229.3515,243.1473556,474.5674,947.0662556,24.21704909,25.6737429,50.10920801,100,50.10920801,3
DDX50,other,0,37.87555556,48.10180467,85.97736022,0,44.05294075,55.94705925,100,55.94705925,3
DDX52,other,0,49.44044444,194.1264,243.5668444,0,20.29851171,79.70148829,100,79.70148829,3
DDX54,other,13.87436667,158.3954444,160.4003867,332.6701978,4.170607033,47.61335566,48.21603731,100,48.21603731,3
DDX56,other,0,63.59925556,462.6764,526.2756556,0,12.08478007,87.91521993,100,87.91521993,3
DDX6,other,193.8163333,283.8367778,347.5816667,825.2347778,23.48620521,34.39466991,42.11912489,100,42.11912489,3
DECR1,other,61.9535,69.8626,226.2897333,358.1058333,17.30033254,19.50892543,63.19074203,100,63.19074203,3
DEF6,other,0,10.46603333,82.6018,93.06783333,0,11.24559685,88.75440315,100,88.75440315,3
DGKA,other,33.94305,0,80.98259333,114.9256433,29.53479225,0,70.46520775,100,70.46520775,3
DHCR24,other,68.59366667,346.341,399.7966667,814.7313333,8.419176219,42.50984169,49.07098209,100,49.07098209,3
DHCR7,other,157.8283333,177.6002222,180.1336,515.5621556,30.61286241,34.44787797,34.93925961,100,34.93925961,3
DHRS1,other,0,0,8.550393333,8.550393333,0,0,100,100,100,3
DHX33,other,0,0,15.88482,15.88482,0,0,100,100,100,3
DHX36,other,0,53.17507778,79.62558667,132.8006644,0,40.04127389,59.95872611,100,59.95872611,3
DHX37,other,0,26.70048889,262.55692,289.2574089,0,9.230701814,90.76929819,100,90.76929819,3
DHX40,other,121.6666667,223.3611111,421.6026933,766.6304711,15.87031448,29.1354335,54.99425202,100,54.99425202,3
DHX9,other,177.2741667,369.4572222,765.9248,1312.656189,13.50499607,28.14577232,58.34923162,100,58.34923162,3
DIAPH3,other,41.6943,112.7197111,134.4021133,288.8161244,14.43627847,39.02819184,46.53552969,100,46.53552969,3
DICER1,other,0,4.653344444,93.05536,97.70870444,0,4.762466631,95.23753337,100,95.23753337,3
DMXL1,other,0,0,11.17972,11.17972,0,0,100,100,100,3
DNAJA1,other,676.3365,616.1398889,1094.474533,2386.950922,28.3347468,25.81284278,45.85241042,100,45.85241042,3
DNAJA2,other,192.5471667,639.1228889,797.4505333,1629.120589,11.8190862,39.23115902,48.94975478,100,48.94975478,3
DNAJC16,other,84.47266667,17.81794444,202.32286,304.6134711,27.73110012,5.84936194,66.41953794,100,66.41953794,3
DNMT1,other,106.7222667,292.1533,312.2946667,711.1702333,15.00657109,41.08064234,43.91278656,100,43.91278656,3
DPH2,other,0,20.28208889,29.1288,49.41088889,0,41.04781222,58.95218778,100,58.95218778,3
DPM1,other,173.3506333,210.3678889,248.4851867,632.2037089,27.42005953,33.27533292,39.30460755,100,39.30460755,3
DPY30,other,89.982,146.2934778,148.30204,384.5775178,23.39762358,38.04004941,38.56232701,100,38.56232701,3
DST,other,0,0,83.25086667,83.25086667,0,0,100,100,100,3
DTL,other,0,0,12.16294,12.16294,0,0,100,100,100,3
DTX2,other,0,0,4.590166667,4.590166667,0,0,100,100,100,3
DUS1L,other,0,41.54588889,60.38586667,101.9317556,0,40.75853365,59.24146635,100,59.24146635,3
DUS2,other,0,50.75123333,135.0715667,185.8228,0,27.31162878,72.68837122,100,72.68837122,3
DUSP4,other,0,0,10.75763333,10.75763333,0,0,100,100,100,3
DUSP9,other,87.073,114.1810111,169.70476,370.9587711,23.47241979,30.77997341,45.7476068,100,45.7476068,3
EARS2,other,37.36258333,70.98078889,132.3222667,240.6656389,15.52468541,29.49352854,54.98178605,100,54.98178605,3
EBNA1BP2,other,0,203.5106667,359.9547333,563.4654,0,36.11768649,63.88231351,100,63.88231351,3
ECSIT,other,0,9.7273,21.83453333,31.56183333,0,30.8198193,69.1801807,100,69.1801807,3
ECT2,other,21.362,325.904,371.0123333,718.2783333,2.974056018,45.37294039,51.65300359,100,51.65300359,3
EDF1,other,36.00298333,0,123.51936,159.5223433,22.56924176,0,77.43075824,100,77.43075824,3
EEF1A1,other,621.3953333,900.9966667,1124.738467,2647.130467,23.47429948,34.03673064,42.48896988,100,42.48896988,3
EEF1B2,other,346.7371667,464.6498889,643.6372667,1455.024322,23.83033475,31.93416645,44.2354988,100,44.2354988,3
EEF1D,other,513.7924333,553.8137778,678.9341333,1746.540344,29.41772487,31.70918894,38.87308618,100,38.87308618,3
EEF1E1,other,100.96,85.00541111,102.3667733,288.3321844,35.01516842,29.48176294,35.50306863,100,35.50306863,3
EEF2,other,336.4895,1018.617556,1304.857,2659.964056,12.65015214,38.29441054,49.05543732,100,49.05543732,3
EFTUD2,other,320.9158333,428.7613333,477.2354,1226.912567,26.15637349,34.94636415,38.89726236,100,38.89726236,3
EIF2AK2,other,197.6725,304.894,477.9556667,980.5221667,20.15992159,31.09506448,48.74501392,100,48.74501392,3
EIF2B4,other,0,29.64752222,47.96966667,77.61718889,0,38.19710897,61.80289103,100,61.80289103,3
EIF2S1,other,307.2701667,848.7146667,857.1896667,2013.1745,15.26296735,42.15802786,42.57900478,100,42.57900478,3
EIF2S2,other,140.6700333,420.4467778,597.7464,1158.863211,12.13862275,36.28096688,51.58041038,100,51.58041038,3
EIF3D,other,193.6191667,130.5881556,259.0454667,583.2527889,33.19644078,22.38963243,44.41392679,100,44.41392679,3
EIF4A3,other,164.5068333,185.1492222,287.4468,637.1028556,25.82107927,29.0611195,45.11780123,100,45.11780123,3
EIF4G2,other,216.4495,271.1433333,294.6361333,782.2289667,27.67086227,34.66291136,37.66622637,100,37.66622637,3
EIF4H,other,186.5488333,146.5341333,279.0194,612.1023667,30.4767378,23.93948158,45.58378062,100,45.58378062,3
EIF6,other,43.5947,190.0225111,284.1561333,517.7733444,8.419649344,36.69994084,54.88040981,100,54.88040981,3
ELAC2,other,53.18795,105.7488444,196.3109867,355.2477811,14.972071,29.76762983,55.26029918,100,55.26029918,3
ELAVL1,other,305.9,261.7313333,419.665,987.2963333,30.9836054,26.50990635,42.50648826,100,42.50648826,3
ELOA,other,0,0,59.73203333,59.73203333,0,0,100,100,100,3
ELP1,other,241.6605,158.1148111,309.2650733,709.0403844,34.08275541,22.29983152,43.61741307,100,43.61741307,3
EMD,other,207.4523333,346.3127111,357.944,911.7090444,22.75422566,37.98500335,39.26077099,100,39.26077099,3
ENDOD1,other,57.439,110.9065111,192.4348333,360.7803444,15.92076755,30.74072987,53.33850258,100,53.33850258,3
ENGASE,other,0,0,18.34091333,18.34091333,0,0,100,100,100,3
EPB41L4B,other,0,19.87974444,29.994,49.87374444,0,39.86014017,60.13985983,100,60.13985983,3
EPHA2,other,86.09076667,155.2012222,155.6961,396.9880889,21.68598229,39.09467981,39.2193379,100,39.2193379,3
EPPK1,other,0,219.5492667,432.0228,651.5720667,0,33.69531597,66.30468403,100,66.30468403,3
ERCC2,other,0,14.53671111,46.13666,60.67337111,0,23.95896395,76.04103605,100,76.04103605,3
ERH,other,29.4307,75.767,110.5759533,215.7736533,13.63961705,35.11411094,51.24627202,100,51.24627202,3
ERLIN1,other,0,252.0273333,653.7537333,905.7810667,0,27.82431016,72.17568984,100,72.17568984,3
ERLIN2,other,0,128.5985889,238.2622667,366.8608556,0,35.05377773,64.94622227,100,64.94622227,3
ESCO2,other,0,0,29.56126667,29.56126667,0,0,100,100,100,3
ESPL1,other,0,5.768644444,25.42844,31.19708444,0,18.49097295,81.50902705,100,81.50902705,3
ESYT2,other,93.35038333,124.1641444,186.9922733,404.5068011,23.07758067,30.69519328,46.22722605,100,46.22722605,3
EVC2,other,45.53373333,124.9281111,128.74218,299.2040244,15.21828906,41.75348622,43.02822472,100,43.02822472,3
EXO1,other,0,0,62.22194667,62.22194667,0,0,100,100,100,3
EXOC2,other,0,78.78326667,134.8180933,213.60136,0,36.88331697,63.11668303,100,63.11668303,3
EXOC3,other,19.29278333,87.63728889,101.388,208.3180722,9.261214415,42.06898036,48.66980523,100,48.66980523,3
EXOC4,other,48.49286667,193.1520333,239.9436667,481.5885667,10.06935588,40.10727137,49.82337274,100,49.82337274,3
FAM111A,other,0,41.83677778,66.98782667,108.8246044,0,38.44422683,61.55577317,100,61.55577317,3
FAM120B,other,0,21.34301111,26.1692,47.51221111,0,44.92110683,55.07889317,100,55.07889317,3
FAM126A,other,0,15.02458889,15.39806,30.42264889,0,49.38619561,50.61380439,100,50.61380439,3
FAM210A,other,0,0,13.83604667,13.83604667,0,0,100,100,100,3
FAM89A,other,0,16.15923333,20.99068,37.14991333,0,43.49736482,56.50263518,100,56.50263518,3
FAM98A,other,0,116.9624111,216.031,332.9934111,0,35.12454217,64.87545783,100,64.87545783,3
FAM98B,other,151.5203333,107.0928556,157.3683667,415.9815556,36.42477204,25.74461635,37.83061161,100,37.83061161,3
FANCD2,other,0,64.8782,136.2582067,201.1364067,0,32.25582135,67.74417865,100,67.74417865,3
FANCI,other,97.42435,98.78268889,141.1448533,337.3518922,28.87914734,29.28179482,41.83905785,100,41.83905785,3
FASN,other,250.3756667,389.8745556,708.0329333,1348.283156,18.56996178,28.91637072,52.5136675,100,52.5136675,3
FASTKD2,other,51.21011667,165.1673222,211.25186,427.6292989,11.97535267,38.62394898,49.40069835,100,49.40069835,3
FASTKD5,other,0,5.922522222,11.7431,17.66562222,0,33.52569271,66.47430729,100,66.47430729,3
FBL,other,236.0063333,679.5205556,1000.250533,1915.777422,12.3190894,35.46970267,52.21120793,100,52.21120793,3
FBXL6,other,0,176.5053,241.5684667,418.0737667,0,42.21869777,57.78130223,100,57.78130223,3
FBXO11,other,0,38.41866667,161.3014667,199.7201333,0,19.23625126,80.76374874,100,80.76374874,3
FBXO2,other,194.8361667,74.91857778,225.9106,495.6653444,39.30800667,15.11475003,45.5772433,100,45.5772433,3
FBXO9,other,0,0,10.56372667,10.56372667,0,0,100,100,100,3
FEN1,other,275.3768333,351.993,377.1035333,1004.473367,27.41504578,35.04254186,37.54241236,100,37.54241236,3
FHL2,other,0,0,10.77511333,10.77511333,0,0,100,100,100,3
FHOD1,other,29.8431,13.51816667,46.33701333,89.69828,33.27053763,15.0707089,51.65875347,100,51.65875347,3
FIGNL1,other,70.67411667,70.881,83.99081333,225.54593,31.33468942,31.42641501,37.23889557,100,37.23889557,3
FKBP4,other,256.795,209.3017778,322.5326,788.6293778,32.56219046,26.53994179,40.89786775,100,40.89786775,3
FKBP5,other,104.4411167,238.1893333,247.2746,589.90505,17.70473344,40.3775715,41.91769506,100,41.91769506,3
FKBP8,other,45.41416667,19.73185556,59.39858667,124.5446089,36.46417703,15.84320328,47.69261969,100,47.69261969,3
FLOT1,other,0,0,104.55222,104.55222,0,0,100,100,100,3
FLOT2,other,0,48.38222222,159.9381067,208.3203289,0,23.2249164,76.7750836,100,76.7750836,3
FMNL2,other,0,0,35.6142,35.6142,0,0,100,100,100,3
FNDC3B,other,0,106.2250556,147.2969333,253.5219889,0,41.89974054,58.10025946,100,58.10025946,3
FOXRED1,other,43.52578333,132.0757778,140.0727,315.6742611,13.7881952,41.83926092,44.37254387,100,44.37254387,3
FSCN1,other,324.2218333,293.9042222,364.4265333,982.5525889,32.99791146,29.91231467,37.08977387,100,37.08977387,3
FTH1,other,11.64696667,0,14.21991333,25.86688,45.02656164,0,54.97343836,100,54.97343836,3
FTSJ3,other,0,189.1192778,325.0817333,514.2010111,0,36.77925047,63.22074953,100,63.22074953,3
FUBP3,other,128.6615,130.1207778,202.67764,461.4599178,27.88140314,28.19763381,43.92096305,100,43.92096305,3
FXR1,other,52.5543,210.4761111,321.5125333,584.5429444,8.990665356,36.00695434,55.0023803,100,55.0023803,3
G3BP1,other,385.3785,439.3851111,895.6874,1720.451011,22.39985315,25.53894928,52.06119757,100,52.06119757,3
GADD45GIP1,other,0,85.60467667,101.1013133,186.70599,0,45.84998942,54.15001058,100,54.15001058,3
GAK,other,39.47731667,76.94838889,144.5377733,260.9634789,15.12752544,29.48626728,55.38620728,100,55.38620728,3
GAN,other,0,0,33.01264667,33.01264667,0,0,100,100,100,3
GAR1,other,0,165.7142,221.71228,387.42648,0,42.77307013,57.22692987,100,57.22692987,3
GATD1,other,0,0,37.19673333,37.19673333,0,0,100,100,100,3
GEMIN4,other,23.42328333,176.8273333,248.4141267,448.6647433,5.220665025,39.41190743,55.36742754,100,55.36742754,3
GEMIN6,other,0,62.34555556,124.2712467,186.6168022,0,33.40832916,66.59167084,100,66.59167084,3
GEMIN8,other,0,0,129.4156267,129.4156267,0,0,100,100,100,3
GLB1L2,other,0,0,20.55925333,20.55925333,0,0,100,100,100,3
GLE1,other,0,0,201.5066667,201.5066667,0,0,100,100,100,3
GLYR1,other,0,0,11.3838,11.3838,0,0,100,100,100,3
GMPS,other,284.0971667,523.0251111,541.9280667,1349.050344,21.05904853,38.76987343,40.17107804,100,40.17107804,3
GNAS,other,90.65866667,136.4643778,173.1884467,400.3114911,22.64703079,34.08954797,43.26342124,100,43.26342124,3
GNB1,other,176.3926667,275.9758889,330.262,782.6305556,22.53843342,35.26260084,42.19896574,100,42.19896574,3
GNB2,other,0,0,40.78773333,40.78773333,0,0,100,100,100,3
GNE,other,43.51563333,39.40533333,46.62326667,129.5442333,33.59133187,30.4184388,35.99022933,100,35.99022933,3
GNL2,other,0,148.8521889,193.71758,342.5697689,0,43.4516418,56.5483582,100,56.5483582,3
GNL3,other,0,200.95,583.6172,784.5672,0,25.61284744,74.38715256,100,74.38715256,3
GNL3L,other,27.12691667,178.2743889,383.32828,588.7295856,4.607704001,30.28120096,65.11109504,100,65.11109504,3
GOLGA4,other,0,37.72141111,40.04771333,77.76912444,0,48.5043536,51.4956464,100,51.4956464,3
GOLGA5,other,0,0,16.35203333,16.35203333,0,0,100,100,100,3
GPATCH4,other,0,25.50567778,162.7446467,188.2503244,0,13.54880947,86.45119053,100,86.45119053,3
GPATCH8,other,0,0,89.18544,89.18544,0,0,100,100,100,3
GPR108,other,0,0,15.04485333,15.04485333,0,0,100,100,100,3
GPRC5A,other,0,32.60112222,171.70932,204.3104422,0,15.95665981,84.04334019,100,84.04334019,3
GRB7,other,0,15.19636667,44.11216667,59.30853333,0,25.62256359,74.37743641,100,74.37743641,3
GRIN2B,other,0,0,42.20706667,42.20706667,0,0,100,100,100,3
GRSF1,other,152.4428833,185.7511111,320.2264667,658.4204611,23.15281683,28.21162495,48.63555822,100,48.63555822,3
GRWD1,other,171.6813667,95.12414444,291.2748,558.0803111,30.76284242,17.0448845,52.19227308,100,52.19227308,3
GSPT1,other,59.3285,91.72404444,97.56077333,248.6133178,23.86376584,36.89426024,39.24197392,100,39.24197392,3
GSTCD,other,0,52.02541111,55.91405333,107.9394644,0,48.19869302,51.80130698,100,51.80130698,3
GSTO1,other,639.9003333,567.4018889,923.4991333,2130.801356,30.03097082,26.62856805,43.34046113,100,43.34046113,3
GTF2B,other,0,49.88278889,166.2199867,216.1027756,0,23.08290061,76.91709939,100,76.91709939,3
GTF2H1,other,0,212.8607778,375.9777333,588.8385111,0,36.14926228,63.85073772,100,63.85073772,3
GTF2H2,other,0,58.0738,72.4934,130.5672,0,44.47809251,55.52190749,100,55.52190749,3
GTF3C1,other,115.3108333,259.0192222,277.25122,651.5812756,17.69707597,39.75240418,42.55051985,100,42.55051985,3
GTF3C3,other,73.1795,299.5686667,321.0111333,693.7593,10.54825499,43.18049022,46.27125479,100,46.27125479,3
GTF3C4,other,101.7744167,52.54712222,102.3621,256.6836389,39.64974827,20.47155107,39.87870066,100,39.87870066,3
GTPBP4,other,0,212.0233222,341.3324667,553.3557889,0,38.31591292,61.68408708,100,61.68408708,3
GUF1,other,34.98401667,26.64386667,56.46282,118.0907033,29.62470006,22.56220508,47.81309486,100,47.81309486,3
GULP1,other,39.2475,14.1521,62.21133333,115.6109333,33.94791381,12.24114328,53.81094291,100,53.81094291,3
GYS1,other,169.2891667,217.9376667,423.6228,810.8496333,20.87799756,26.87769196,52.24431048,100,52.24431048,3
H1F0,other,0,63.34172222,145.24018,208.5819022,0,30.36779392,69.63220608,100,69.63220608,3
H1FX,other,0,71.90243333,86.02736667,157.9298,0,45.5280975,54.4719025,100,54.4719025,3
H2AFY,other,0,5.725388889,61.36691333,67.09230222,0,8.533600278,91.46639972,100,91.46639972,3
HACD3,other,287.4261667,196.363,345.4204667,829.2096333,34.66266612,23.68074273,41.65659114,100,41.65659114,3
HASPIN,other,0,0,12.7327,12.7327,0,0,100,100,100,3
HAUS4,other,0,0,3.800666667,3.800666667,0,0,100,100,100,3
HAX1,other,0,0,8.46336,8.46336,0,0,100,100,100,3
HDGFL2,other,24.61706667,39.98511111,63.43313333,128.0353111,19.22677928,31.22975276,49.54346796,100,49.54346796,3
HEATR1,other,75.56583333,263.5823778,296.122,635.2702111,11.89506953,41.49138007,46.61355039,100,46.61355039,3
HEATR6,other,89.95916667,278.2918889,295.8879333,664.1389889,13.54523197,41.90265796,44.55211007,100,44.55211007,3
HELZ,other,0,11.69015556,51.69491333,63.38506889,0,18.44307462,81.55692538,100,81.55692538,3
HELZ2,other,0,0,20.30094667,20.30094667,0,0,100,100,100,3
HERC5,other,0,0,18.0782,18.0782,0,0,100,100,100,3
HGH1,other,19.07495,42.61702222,81.29096667,142.9829389,13.34071753,29.80566951,56.85361295,100,56.85361295,3
HIST1H1C,other,0,195.2234444,260.11292,455.3363644,0,42.87455597,57.12544403,100,57.12544403,3
HIST1H1E,other,0,943.034,970.5724667,1913.606467,0,49.28045638,50.71954362,100,50.71954362,3
HIST2H2AA3,other,8.554483333,41.43178889,56.55786667,106.5441389,8.029051079,38.88697147,53.08397745,100,53.08397745,3
HIST2H2BC,other,23.70936667,76.12304444,101.6260533,201.4584644,11.76886101,37.78597472,50.44516427,100,50.44516427,3
HIST2H3A,other,218.5165,213.0207556,444.5968,876.1340556,24.94098918,24.31371709,50.74529373,100,50.74529373,3
HJURP,other,0,8.257044444,29.4426,37.69964444,0,21.90218122,78.09781878,100,78.09781878,3
HK2,other,186.0978333,241.0730667,276.1172667,703.2881667,26.46110686,34.27799273,39.2609004,100,39.2609004,3
HMBS,other,26.18581667,42.33955556,58.36513333,126.8905056,20.6365453,33.36700045,45.99645425,100,45.99645425,3
HMCES,other,0,53.84538889,112.06718,165.9125689,0,32.45407461,67.54592539,100,67.54592539,3
HNRNPC,other,283.1951667,255.9394444,363.8330667,902.9676778,31.3627136,28.34425315,40.29303325,100,40.29303325,3
HNRNPD,other,320.6815,577.9514444,853.6337333,1752.266678,18.30095294,32.98307568,48.71597138,100,48.71597138,3
HNRNPF,other,166.47995,509.7094444,535.1617333,1211.351128,13.74332728,42.07776199,44.17891073,100,44.17891073,3
HNRNPH1,other,251.955,775.9664444,949.7706667,1977.692111,12.73984957,39.23595792,48.02419251,100,48.02419251,3
HNRNPK,other,211.115,435.387,573.8489333,1220.350933,17.29953198,35.67719646,47.02327156,100,47.02327156,3
HNRNPL,other,446.0408333,347.9019111,586.6084667,1380.551211,32.30889443,25.20021773,42.49088784,100,42.49088784,3
HNRNPM,other,215.0021667,268.9615556,376.5189333,860.4826556,24.98622898,31.25705717,43.75671385,100,43.75671385,3
HNRNPUL1,other,138.4079783,134.3501444,260.984,533.7421228,25.93161986,25.17135874,48.8970214,100,48.8970214,3
HOOK2,other,0,4.258677778,13.85468,18.11335778,0,23.51125523,76.48874477,100,76.48874477,3
HPS6,other,11.80648333,90.23273333,105.08674,207.1259567,5.700146676,43.56418422,50.7356691,100,50.7356691,3
HSD17B12,other,170.02875,227.1431111,260.6202667,657.7921278,25.84840147,34.53113856,39.62045997,100,39.62045997,3
HSP90AA1,other,279.2296667,395.9236667,500.1166,1175.269933,23.75876884,33.68789207,42.55333909,100,42.55333909,3
HSP90AB1,other,441.7225,408.2301111,497.4738733,1347.426484,32.78267906,30.29702294,36.920298,100,36.920298,3
HSPA5,other,457.325,566.876,719.962,1744.163,26.22031312,32.50132012,41.27836676,100,41.27836676,3
HSPB11,other,109.42085,40.20308889,292.9121333,442.5360722,24.72586008,9.084703239,66.18943669,100,66.18943669,3
HSPD1,other,971.211,845.1735556,1059.3172,2875.701756,33.77300856,29.39016725,36.83682419,100,36.83682419,3
HUWE1,other,37.16596667,48.11175556,159.0041533,244.2818756,15.21437748,19.69518019,65.09044233,100,65.09044233,3
IARS,other,351.9083333,567.6948889,627.4936667,1547.096889,22.74636682,36.69420403,40.55942916,100,40.55942916,3
IBTK,other,0,0,21.79538,21.79538,0,0,100,100,100,3
ICMT,other,51.54476667,137.6209,212.4836667,401.6493333,12.83327579,34.26394334,52.90278087,100,52.90278087,3
IDH3B,other,232.05725,195.2976111,247.2277333,674.5825944,34.40012415,28.95088203,36.64899382,100,36.64899382,3
IFT172,other,0,0,16.35707333,16.35707333,0,0,100,100,100,3
IGF2BP2,other,24.20791667,153.1965,217.7792667,395.1836833,6.125737901,38.76589709,55.10836501,100,55.10836501,3
IGHG3,other,104.6220167,158.9781,294.9350667,558.5351833,18.73149979,28.4633994,52.80510082,100,52.80510082,3
IGHMBP2,other,0,0,82.45831333,82.45831333,0,0,100,100,100,3
IK,other,0,347.3174444,398.6322,745.9496444,0,46.56044105,53.43955895,100,53.43955895,3
ILF3,other,172.8412,589.3572222,804.9767333,1567.175156,11.02883742,37.60634031,51.36482227,100,51.36482227,3
ILK,other,167.139,259.5229889,316.4812,743.1431889,22.49082041,34.9223397,42.58683989,100,42.58683989,3
ILVBL,other,198.6332,234.0743333,246.4032667,679.1108,29.24901209,34.46776775,36.28322016,100,36.28322016,3
IMMT,other,41.39015,169.7197111,199.60836,410.7182211,10.07750518,41.32266415,48.59983067,100,48.59983067,3
IMPDH2,other,328.8255,400.5638889,442.81,1172.199389,28.05201087,34.17199264,37.77599649,100,37.77599649,3
INCENP,other,0,0,2.946714,2.946714,0,0,100,100,100,3
INF2,other,118.6715,161.5117333,190.96612,471.1493533,25.18766059,34.28036825,40.53197116,100,40.53197116,3
INO80,other,0,0,10.91460667,10.91460667,0,0,100,100,100,3
INO80E,other,0,0,4.564573333,4.564573333,0,0,100,100,100,3
INTS7,other,108.1843,121.3992222,149.7598,379.3433222,28.51883602,32.00246719,39.4786968,100,39.4786968,3
IPO4,other,127.0463833,172.1433,174.4421933,473.6318767,26.82386672,36.34537887,36.83075442,100,36.83075442,3
IQGAP1,other,77.0152,101.4192111,153.9747333,332.4091444,23.16879703,30.51035533,46.32084764,100,46.32084764,3
IQGAP3,other,0,88.3504,94.87625333,183.2266533,0,48.21918558,51.78081442,100,51.78081442,3
IQSEC1,other,0,37.94082222,42.3018,80.24262222,0,47.28263007,52.71736993,100,52.71736993,3
IRF2BP1,other,0,0,8.564026667,8.564026667,0,0,100,100,100,3
ISOC1,other,87.5088,89.79318889,184.2350267,361.5370156,24.20465851,24.83651328,50.95882821,100,50.95882821,3
ITCH,other,172.7509333,207.033,533.2665333,913.0504667,18.9201955,22.6748693,58.40493519,100,58.40493519,3
ITGAV,other,0,8.345244444,18.59347333,26.93871778,0,30.97862531,69.02137469,100,69.02137469,3
ITPA,other,313.8051667,349.9051111,502.0186,1165.728878,26.9192239,30.01599409,43.06478201,100,43.06478201,3
ITPRID2,other,39.19793333,154.7715444,285.8990667,479.8685444,8.168473176,32.25290472,59.5786221,100,59.5786221,3
KAT6B,other,0,0,68.942,68.942,0,0,100,100,100,3
KAT7,other,7.1054,58.22984444,93.18174,158.5169844,4.482421884,36.73413587,58.78344225,100,58.78344225,3
KATNB1,other,0,57.75922222,83.85385333,141.6130756,0,40.78664487,59.21335513,100,59.21335513,3
KDM2A,other,0,96.41935556,177.3560533,273.7754089,0,35.2184135,64.7815865,100,64.7815865,3
KDM2B,other,0,43.64345556,65.84920667,109.4926622,0,39.8597081,60.1402919,100,60.1402919,3
KDM4C,other,0,13.06176667,21.72982667,34.79159333,0,37.54288153,62.45711847,100,62.45711847,3
KEAP1,other,0,73.69861111,266.5589333,340.2575444,0,21.65965526,78.34034474,100,78.34034474,3
KIAA0391,other,72.31483333,161.3432556,176.8549467,410.5130356,17.61572157,39.30283367,43.08144477,100,43.08144477,3
KIF18A,other,0,140.263,361.4206667,501.6836667,0,27.95845456,72.04154544,100,72.04154544,3
KIF20B,other,0,0,72.76441333,72.76441333,0,0,100,100,100,3
KIF21A,other,63.23416667,49.02433333,89.47717333,201.7356733,31.34505941,24.30127132,44.35366926,100,44.35366926,3
KIF5A,other,174.8651667,332.4632222,467.9022,975.2305889,17.93064827,34.09072952,47.97862222,100,47.97862222,3
KIF5B,other,88.77448333,262.4362,278.3274667,629.53815,14.10152559,41.6871003,44.21137411,100,44.21137411,3
KIFAP3,other,0,0,19.01474667,19.01474667,0,0,100,100,100,3
KIN,other,0,6.184544444,20.10034667,26.28489111,0,23.52889505,76.47110495,100,76.47110495,3
KLHL36,other,0,0,43.1182,43.1182,0,0,100,100,100,3
KMT2A,other,0,124.1034444,234.76564,358.8690844,0,34.58181544,65.41818456,100,65.41818456,3
KPNA1,other,264.706,153.2208111,306.2064667,724.1332778,36.55487299,21.15920036,42.28592665,100,42.28592665,3
KPNA2,other,176.0448333,239.1253333,334.2516667,749.4218333,23.49075321,31.90797528,44.60127151,100,44.60127151,3
KPNA3,other,220.8981667,178.7567222,242.5830667,642.2379556,34.39506568,27.83340983,37.77152449,100,37.77152449,3
KPNA4,other,196.1300333,180.2556667,280.2674,656.6531,29.86813484,27.45066865,42.68119651,100,42.68119651,3
KPNB1,other,247.8713333,199.191,260.0728667,707.1352,35.05289135,28.16872926,36.77837939,100,36.77837939,3
L2HGDH,other,0,35.51707778,110.3330667,145.8501444,0,24.35176044,75.64823956,100,75.64823956,3
LARP4,other,112.6271667,118.8555778,127.07096,358.5537044,31.41151947,33.14861241,35.43986812,100,35.43986812,3
LARP4B,other,0,111.9425667,193.3663333,305.3089,0,36.66534669,63.33465331,100,63.33465331,3
LAS1L,other,11.56366667,0,59.2324,70.79606667,16.33376996,0,83.66623004,100,83.66623004,3
LENG8,other,0,50.50546667,55.29812667,105.8035933,0,47.73511473,52.26488527,100,52.26488527,3
LIMD1,other,49.6859,68.19244444,92.05986,209.9382044,23.66691672,32.48215094,43.85093235,100,43.85093235,3
LIMS2,other,0,26.20975556,36.62044,62.83019556,0,41.71522199,58.28477801,100,58.28477801,3
LLPH,other,0,173.5265556,259.2825333,432.8090889,0,40.09309416,59.90690584,100,59.90690584,3
LRRC14,other,0,0,56.1648,56.1648,0,0,100,100,100,3
LRRC27,other,0,0,3.502926667,3.502926667,0,0,100,100,100,3
LRRC37A,other,0,0,5.604746667,5.604746667,0,0,100,100,100,3
LRRC41,other,11.69315,46.90911111,54.21468,112.8169411,10.36471108,41.57984665,48.05544226,100,48.05544226,3
LRSAM1,other,15.56733333,38.52847778,165.8912,219.9870111,7.076478404,17.51397848,75.40954312,100,75.40954312,3
LSG1,other,0,142.2485556,292.3591333,434.6076889,0,32.7303357,67.2696643,100,67.2696643,3
LSM12,other,21.7041,17.64163333,102.9865267,142.33226,15.24889719,12.39468363,72.35641917,100,72.35641917,3
LSM14B,other,21.58423333,170.5549778,239.2216467,431.3608578,5.003753341,39.53881645,55.45743021,100,55.45743021,3
LYAR,other,0,548.028,568.4953333,1116.523333,0,49.08343459,50.91656541,100,50.91656541,3
LYPLA1,other,75.34833333,60.57131111,92.77695333,228.6965978,32.94685363,26.48544478,40.56770159,100,40.56770159,3
MACROD1,other,28.7417,73.07192222,75.71438,177.5280022,16.18995293,41.16078664,42.64926043,100,42.64926043,3
MAD2L1BP,other,0,0,28.5176,28.5176,0,0,100,100,100,3
MAGED1,other,50.40601667,65.67446667,138.4649933,254.5454767,19.80236197,25.80068109,54.39695694,100,54.39695694,3
MAGOHB,other,320.8741667,200.1832889,398.5530667,919.6105222,34.89239835,21.76826864,43.33933301,100,43.33933301,3
MAGT1,other,28.25751667,4.030455556,35.91566667,68.20363889,41.43109829,5.909443574,52.65945813,100,52.65945813,3
MAK16,other,0,0,7.779006667,7.779006667,0,0,100,100,100,3
MAL2,other,0,5.440611111,15.54018667,20.98079778,0,25.9313834,74.0686166,100,74.0686166,3
MALT1,other,105.885,73.10514444,184.43614,363.4262844,29.13520693,20.11553582,50.74925725,100,50.74925725,3
MAN1A2,other,0,38.112,82.58213333,120.6941333,0,31.57734262,68.42265738,100,68.42265738,3
MAN2A1,other,0,0,34.24666667,34.24666667,0,0,100,100,100,3
MAP3K20,other,0,0,201.8275267,201.8275267,0,0,100,100,100,3
MAP3K4,other,0,74.72655556,89.86033333,164.5868889,0,45.40249595,54.59750405,100,54.59750405,3
MAP4K3,other,0,0,2.62624,2.62624,0,0,100,100,100,3
MAP7D1,other,0,96.17406667,186.9730667,283.1471333,0,33.96610996,66.03389004,100,66.03389004,3
MAP7D3,other,0,0,3.60396,3.60396,0,0,100,100,100,3
MAPK8IP1,other,0,0,9.058133333,9.058133333,0,0,100,100,100,3
MARK2,other,10.7596,0,81.09548,91.85508,11.71366897,0,88.28633103,100,88.28633103,3
MATR3,other,124.9528333,202.2854444,325.3108,652.5490778,19.14841927,30.99926907,49.85231166,100,49.85231166,3
MCAT,other,36.50091667,25.73704444,93.58422,155.8221811,23.42472452,16.51693248,60.058343,100,60.058343,3
MCCC1,other,0,0,5.106713333,5.106713333,0,0,100,100,100,3
MCM3,other,139.7648333,139.0367,217.4809067,496.28244,28.16235717,28.01563964,43.82200319,100,43.82200319,3
MCM3AP,other,0,28.59316667,37.31934,65.91250667,0,43.38048743,56.61951257,100,56.61951257,3
MCM4,other,225.2813333,233.9135556,310.0109533,769.2058422,29.2875224,30.40974765,40.30272995,100,40.30272995,3
MCM5,other,116.5792833,164.4361778,262.5047333,543.5201944,21.44893318,30.25392239,48.29714443,100,48.29714443,3
MCM7,other,139.1408667,186.1711111,251.89972,577.2116978,24.10569072,32.25352359,43.64078569,100,43.64078569,3
MDN1,other,98.54183333,143.3905333,197.1957333,439.1281,22.44033878,32.65346338,44.90619783,100,44.90619783,3
MED12,other,242.8988333,141.0072778,260.3717667,644.2778778,37.70094267,21.88609646,40.41296087,100,40.41296087,3
MED17,other,0,0,7.387153333,7.387153333,0,0,100,100,100,3
MED4,other,0,0,12.20608,12.20608,0,0,100,100,100,3
MELK,other,0,19.13502222,28.08686667,47.22188889,0,40.52150956,59.47849044,100,59.47849044,3
MEMO1,other,189.2176333,343.5772222,523.9886,1056.783456,17.90505258,32.51160116,49.58334626,100,49.58334626,3
METTL11B,other,0,0,24.36253333,24.36253333,0,0,100,100,100,3
METTL13,other,50.97001667,39.10588889,191.0312267,281.1071322,18.13188312,13.91138267,67.9567342,100,67.9567342,3
METTL6,other,0,0,3.839313333,3.839313333,0,0,100,100,100,3
MFAP1,other,0,0,3.743533333,3.743533333,0,0,100,100,100,3
MFN2,other,0,10.69932222,107.8349067,118.5342289,0,9.026356625,90.97364337,100,90.97364337,3
MIB1,other,0,0,17.5421,17.5421,0,0,100,100,100,3
MIC13,other,0,0,12.28124667,12.28124667,0,0,100,100,100,3
MKRN2,other,41.7501,170.7585667,238.1928333,450.7015,9.263359452,37.88728608,52.84935447,100,52.84935447,3
MLF2,other,33.58,50.29246667,58.22109333,142.09356,23.63231662,35.39390995,40.97377343,100,40.97377343,3
MLST8,other,0,0,21.73896667,21.73896667,0,0,100,100,100,3
MMGT1,other,33.1196,41.72945556,56.47357333,131.3226289,25.22002512,31.77628708,43.0036878,100,43.0036878,3
MMS19,other,176.5016667,91.98745556,180.3835333,448.8726556,39.3211002,20.49299605,40.18590375,100,40.18590375,3
MOV10,other,68.17166667,201.3849,348.6636667,618.2202333,11.02708436,32.57494484,56.3979708,100,56.3979708,3
MPHOSPH10,other,0,0,37.26332,37.26332,0,0,100,100,100,3
MRI1,other,20.47435,169.7214333,193.5654667,383.76125,5.335179099,44.22578708,50.43903382,100,50.43903382,3
MRPL38,other,0,173.3206667,255.23262,428.5532867,0,40.44320089,59.55679911,100,59.55679911,3
MRPL45,other,0,427.1201111,459.4397333,886.5598444,0,48.17724531,51.82275469,100,51.82275469,3
MRPL48,other,0,16.3265,59.7006,76.0271,0,21.47457946,78.52542054,100,78.52542054,3
MRPL58,other,0,53.2078,98.08334,151.29114,0,35.16914474,64.83085526,100,64.83085526,3
MRPS23,other,206.4256667,252.0591111,327.5446,786.0293778,26.26182589,32.06739064,41.67078347,100,41.67078347,3
MRPS25,other,119.9168333,272.2162333,288.67516,680.8082267,17.61389311,39.98427496,42.40183192,100,42.40183192,3
MRPS27,other,23.8535,173.432,269.3542667,466.6397667,5.111758942,37.16614236,57.7220987,100,57.7220987,3
MRPS7,other,210.397,281.6632222,287.7410667,779.8012889,26.98084794,36.11987134,36.89928072,100,36.89928072,3
MRTO4,other,143.8936667,387.2173333,399.3617333,930.4727333,15.46457639,41.6151188,42.92030481,100,42.92030481,3
MSH6,other,102.6400167,110.7382111,146.99842,360.3766478,28.48131734,30.72846473,40.79021793,100,40.79021793,3
MSI2,other,89.1415,186.3887556,408.1196667,683.6499222,13.03905656,27.26377192,59.69717152,100,59.69717152,3
MSL1,other,0,0,20.33455333,20.33455333,0,0,100,100,100,3
MSL2,other,0,0,5.13298,5.13298,0,0,100,100,100,3
MSL3,other,0,0,15.80654,15.80654,0,0,100,100,100,3
MTA2,other,86.89235,143.8922222,146.95502,377.7395922,23.00324133,38.09296806,38.90379061,100,38.90379061,3
MTDH,other,145.5352833,384.4556667,448.4496667,978.4406167,14.87420707,39.29269289,45.83310004,100,45.83310004,3
MTHFD1L,other,142.8246667,308.1348444,323.8580933,774.8176044,18.43332751,39.76869429,41.79797819,100,41.79797819,3
MTIF2,other,0,4.6989,50.60510667,55.30400667,0,8.496491092,91.50350891,100,91.50350891,3
MTMR10,other,0,0,3.203533333,3.203533333,0,0,100,100,100,3
MTMR14,other,0,0,53.79287333,53.79287333,0,0,100,100,100,3
MTREX,other,232.7716667,216.8395111,281.9963067,731.6074844,31.81646875,29.63877704,38.54475421,100,38.54475421,3
MUC19,other,0,0,4.730686667,4.730686667,0,0,100,100,100,3
MVP,other,0,117.3889111,345.2642,462.6531111,0,25.37298643,74.62701357,100,74.62701357,3
MYCBP2,other,0,0,97.9777,97.9777,0,0,100,100,100,3
MYH3,other,0,0,34.52266667,34.52266667,0,0,100,100,100,3
MYL12B,other,114.8404167,106.9291333,130.0022687,351.7718187,32.64628108,30.39729952,36.95641941,100,36.95641941,3
MYL6B,other,68.3275,83.0641,88.79559333,240.1871933,28.44760333,34.58306783,36.96932884,100,36.96932884,3
MYO18A,other,0,17.68376667,43.72650667,61.41027333,0,28.7961048,71.2038952,100,71.2038952,3
MYO1B,other,41.1564,270.2965556,368.5192,679.9721556,6.052659607,39.75112118,54.19621921,100,54.19621921,3
MYO1C,other,77.18516667,778.3857778,808.3070667,1663.878011,4.638871729,46.78142103,48.57970724,100,48.57970724,3
MYO5A,other,0,68.79332222,69.89132,138.6846422,0,49.60413866,50.39586134,100,50.39586134,3
MYO5B,other,32.57426667,0,96.32608,128.9003467,25.27089144,0,74.72910856,100,74.72910856,3
NAA15,other,136.7878333,319.9508889,566.8875333,1023.626256,13.36306416,31.25661218,55.38032365,100,55.38032365,3
NAMPT,other,131.9612667,322.4767778,383.1232667,837.5613111,15.75541574,38.50187127,45.74271299,100,45.74271299,3
NANS,other,67.7635,5.330155556,85.81075333,158.9044089,42.64419123,3.354315713,54.00149306,100,54.00149306,3
NARS,other,231.4163,730.4222222,823.6852,1785.523722,12.96069591,40.90800997,46.13129413,100,46.13129413,3
NAT10,other,63.1125,161.205,325.3929333,549.7104333,11.4810446,29.3254394,59.193516,100,59.193516,3
NCAPD2,other,215.8739667,177.8305556,263.77222,657.4767422,32.83370389,27.04742908,40.11886704,100,40.11886704,3
NCAPD3,other,86.53283333,66.52401111,230.4328333,383.4896778,22.56457953,17.34701479,60.08840568,100,60.08840568,3
NCAPG2,other,32.85118333,194.1104444,247.0993867,474.0610144,6.929737382,40.94629985,52.12396277,100,52.12396277,3
NCBP3,other,0,0,4.8065,4.8065,0,0,100,100,100,3
NCKIPSD,other,0,0,19.61846,19.61846,0,0,100,100,100,3
NCLN,other,108.4627833,86.48447778,122.1533667,317.1006278,34.20453125,27.273512,38.52195674,100,38.52195674,3
NCOR1,other,0,21.02122222,23.29342,44.31464222,0,47.43629006,52.56370994,100,52.56370994,3
NDFIP1,other,0,0,4.609446667,4.609446667,0,0,100,100,100,3
NDUFA2,other,0,17.20535556,66.07989333,83.28524889,0,20.65834681,79.34165319,100,79.34165319,3
NDUFA4,other,105.5231667,295.0508889,452.7001333,853.2741889,12.36685324,34.57867269,53.05447408,100,53.05447408,3
NDUFA5,other,239.1326667,166.1908889,254.2027,659.5262556,36.2582482,25.19852508,38.54322673,100,38.54322673,3
NDUFA9,other,240.2221667,255.1836667,322.151,817.5568333,29.38293179,31.21295747,39.40411074,100,39.40411074,3
NDUFAF6,other,0,62.20082222,84.23644,146.4372622,0,42.47608927,57.52391073,100,57.52391073,3
NDUFB10,other,59.498,70.55932222,98.56,228.6173222,26.02514955,30.86350655,43.1113439,100,43.1113439,3
NDUFB7,other,0,5.124033333,6.679626667,11.80366,0,43.41054667,56.58945333,100,56.58945333,3
NDUFS3,other,63.94455,170.6130667,181.84602,416.4036367,15.35638606,40.97300111,43.67061284,100,43.67061284,3
NDUFS7,other,18.43753333,23.95217778,40.9209,83.31061111,22.13107441,28.75045262,49.11847297,100,49.11847297,3
NEIL3,other,0,0,6.167433333,6.167433333,0,0,100,100,100,3
NEURL4,other,0,0,20.01669333,20.01669333,0,0,100,100,100,3
NF2,other,13.06781667,0,32.00843333,45.07625,28.99046985,0,71.00953015,100,71.00953015,3
NFRKB,other,0,0,12.79727333,12.79727333,0,0,100,100,100,3
NFXL1,other,0,143.0338778,187.5708867,330.6047644,0,43.2643123,56.7356877,100,56.7356877,3
NIFK,other,0,248.331,333.6276667,581.9586667,0,42.67158721,57.32841279,100,57.32841279,3
NKRF,other,0,0,62.5265,62.5265,0,0,100,100,100,3
NLRX1,other,0,0,9.835126667,9.835126667,0,0,100,100,100,3
NMD3,other,96.51533333,461.7205556,498.9252,1057.161089,9.129671376,43.67551553,47.19481309,100,47.19481309,3
NMNAT1,other,0,0,43.18442667,43.18442667,0,0,100,100,100,3
NOC2L,other,77.41466667,191.4290333,251.6906,520.5343,14.87215476,36.77548883,48.35235642,100,48.35235642,3
NOCT,other,0,21.09201111,27.74886667,48.84087778,0,43.18515979,56.81484021,100,56.81484021,3
NOL11,other,61.268,67.43468889,219.7392467,348.4419356,17.58341742,19.35320695,63.06337563,100,63.06337563,3
NOL12,other,0,0,7.59848,7.59848,0,0,100,100,100,3
NOL6,other,0,0,5.618026667,5.618026667,0,0,100,100,100,3
NOL9,other,13.97413333,69.66335556,122.5273133,206.1648022,6.778137288,33.79013042,59.43173229,100,59.43173229,3
NOP10,other,0,0,5.775926667,5.775926667,0,0,100,100,100,3
NOP2,other,0,0,108.19046,108.19046,0,0,100,100,100,3
NOP53,other,0,231.8211111,246.1046667,477.9257778,0,48.5056722,51.4943278,100,51.4943278,3
NOP58,other,8.1399,159.3277333,485.8483333,653.3159667,1.24593618,24.38754622,74.3665176,100,74.3665176,3
NOP9,other,0,20.34416667,21.34472,41.68888667,0,48.79997595,51.20002405,100,51.20002405,3
NOSIP,other,221.1545,277.5108889,460.7571333,959.4225222,23.05079304,28.92478365,48.0244233,100,48.0244233,3
NR2F2,other,0,30.63818889,39.52744,70.16562889,0,43.6655231,56.3344769,100,56.3344769,3
NRDE2,other,0,0,24.6732,24.6732,0,0,100,100,100,3
NRIP1,other,0,0,11.395,11.395,0,0,100,100,100,3
NSD3,other,0,0,8.96488,8.96488,0,0,100,100,100,3
NSUN2,other,104.1502333,134.0056111,185.9629533,424.1187978,24.55685385,31.59624422,43.84690193,100,43.84690193,3
NSUN3,other,0,0,17.9003,17.9003,0,0,100,100,100,3
NSUN4,other,0,0,5.7727,5.7727,0,0,100,100,100,3
NSUN5,other,76.434,228.33,240.0548,544.8188,14.02925156,41.90934674,44.0614017,100,44.0614017,3
NUBP1,other,0,0,43.48094667,43.48094667,0,0,100,100,100,3
NUFIP1,other,0,49.688,58.73472,108.42272,0,45.82803309,54.17196691,100,54.17196691,3
NUFIP2,other,113.50455,60.95941111,293.9563933,468.4203544,24.23134454,13.01382626,62.75482919,100,62.75482919,3
NUP107,other,158.1685,228.2506111,370.9482,757.3673111,20.88398822,30.13737294,48.97863884,100,48.97863884,3
NUP133,other,25.83571667,159.2065556,255.61762,440.6598922,5.862960783,36.12912325,58.00791597,100,58.00791597,3
NUP155,other,209.928,240.6801111,301.1838667,751.7919778,27.92368184,32.01418986,40.0621283,100,40.0621283,3
NUP160,other,104.2344833,205.7258889,292.68242,602.6427922,17.29622999,34.13728523,48.56648479,100,48.56648479,3
NUP188,other,61.4985,104.7134889,359.2062933,525.4182822,11.70467456,19.92954803,68.36577742,100,68.36577742,3
NUP210,other,70.76266667,104.1547556,136.9154467,311.8328689,22.69249772,33.40082652,43.90667576,100,43.90667576,3
NUP37,other,208.4116667,267.3551111,324.1996,799.9663778,26.05255326,33.42079349,40.52665325,100,40.52665325,3
NUP88,other,0,6.001366667,38.01301333,44.01438,0,13.63501353,86.36498647,100,86.36498647,3
NUP93,other,296.6592667,219.1867778,411.9831333,927.8291778,31.97347893,23.62361338,44.40290769,100,44.40290769,3
NUPL2,other,0,0,62.50187333,62.50187333,0,0,100,100,100,3
NUSAP1,other,0,0,81.91998,81.91998,0,0,100,100,100,3
NVL,other,0,17.30621111,47.95832667,65.26453778,0,26.51702088,73.48297912,100,73.48297912,3
NXF1,other,16.61286667,131.3644,149.01232,296.9895867,5.593753927,44.23198856,50.17425751,100,50.17425751,3
OFD1,other,0,0,21.22521333,21.22521333,0,0,100,100,100,3
ORC1,other,0,55.12455556,140.1639333,195.2884889,0,28.22724261,71.77275739,100,71.77275739,3
OSBPL3,other,10.74771667,10.18745556,12.26287333,33.19804556,32.37454641,30.6869136,36.93853999,100,36.93853999,3
OSBPL8,other,104.1968333,87.84014444,283.3474,475.3843778,21.91843868,18.47770952,59.6038518,100,59.6038518,3
OTUB1,other,156.8693167,402.5221556,463.7763333,1023.167806,15.33172915,39.3407761,45.32749475,100,45.32749475,3
PA2G4,other,208.8696667,407.638,437.3851333,1053.8928,19.81887215,38.67926605,41.5018618,100,41.5018618,3
PABPC1,other,342.6261667,393.0806667,505.0746,1240.781433,27.61374062,31.68008935,40.70617003,100,40.70617003,3
PABPC4,other,226.545095,500.2925222,651.7492667,1378.586884,16.43313872,36.29024243,47.27661885,100,47.27661885,3
PAF1,other,61.9315,147.2184333,183.686,392.8359333,15.76523295,37.47580627,46.75896078,100,46.75896078,3
PAK1IP1,other,0,0,66.8483,66.8483,0,0,100,100,100,3
PAN3,other,0,0,16.87782,16.87782,0,0,100,100,100,3
PARP1,other,240.3933667,280.4642778,365.3536,886.2112444,27.12596666,31.64756479,41.22646855,100,41.22646855,3
PARP14,other,0,7.057622222,85.20526667,92.26288889,0,7.649470234,92.35052977,100,92.35052977,3
PARP2,other,9.542916667,89.74016667,108.6578333,207.9409167,4.589244301,43.15656971,52.25418598,100,52.25418598,3
PAXBP1,other,0,0,38.60873333,38.60873333,0,0,100,100,100,3
PBRM1,other,0,70.21732222,244.3811,314.5984222,0,22.31966763,77.68033237,100,77.68033237,3
PCBP1,other,197.8362,224.2111111,350.4921333,772.5394444,25.60855649,29.02261014,45.36883338,100,45.36883338,3
PCDHGA5,other,0,0,13.35284,13.35284,0,0,100,100,100,3
PCID2,other,120.8023333,88.22044444,174.8893067,383.9120844,31.46614504,22.97933512,45.55451984,100,45.55451984,3
PCK2,other,68.47295,136.6094,172.0172333,377.0995833,18.15778989,36.22634605,45.61586407,100,45.61586407,3
PCM1,other,0,103.3583333,166.68084,270.0391733,0,38.27531097,61.72468903,100,61.72468903,3
PCNA,other,679.9408333,578.8255556,767.2284667,2025.994856,33.56083711,28.56994202,37.86922087,100,37.86922087,3
PDIA6,other,106.178,95.20818889,111.3545267,312.7407156,33.95080804,30.44317038,35.60602158,100,35.60602158,3
PDLIM7,other,186.6235,202.6852667,308.7921333,698.1009,26.7330267,29.03380681,44.23316649,100,44.23316649,3
PES1,other,192.8621667,189.4316667,230.5390667,612.8329,31.47059609,30.9108187,37.61858521,100,37.61858521,3
PET100,other,0,0,10.09444,10.09444,0,0,100,100,100,3
PEX1,other,0,28.00544444,31.87724,59.88268444,0,46.76718271,53.23281729,100,53.23281729,3
PEX14,other,90.79366667,0,182.9674667,273.7611333,33.1652874,0,66.8347126,100,66.8347126,3
PEX3,other,0,0,7.698946667,7.698946667,0,0,100,100,100,3
PEX5,other,0,0,5.241393333,5.241393333,0,0,100,100,100,3
PFKL,other,59.79325,110.1396333,139.0706067,309.00349,19.35034779,35.64349171,45.0061605,100,45.0061605,3
PFKM,other,287.0141667,354.3235556,421.7734667,1063.111189,26.99756805,33.32892733,39.67350462,100,39.67350462,3
PFKP,other,532.2141667,571.5132222,672.4982,1776.225589,29.96320794,32.17571156,37.8610805,100,37.8610805,3
PFN1,other,345.8816667,598.6086667,896.4195333,1840.909867,18.78862583,32.51700029,48.69437388,100,48.69437388,3
PGAM5,other,0,57.62577778,380.649,438.2747778,0,13.14832171,86.85167829,100,86.85167829,3
PGK1,other,693.0968333,560.4302222,712.3633333,1965.890389,35.25612808,28.50770447,36.23616746,100,36.23616746,3
PHB2,other,93.64466667,345.3805556,521.3703333,960.3955556,9.750635155,35.96232339,54.28704145,100,54.28704145,3
PHC2,other,0,0,36.01533333,36.01533333,0,0,100,100,100,3
PHF20,other,0,0,8.147273333,8.147273333,0,0,100,100,100,3
PHF3,other,0,0,4.746066667,4.746066667,0,0,100,100,100,3
PHF5A,other,61.8405,53.12044444,63.33712667,178.2980711,34.68377398,29.79305615,35.52316986,100,35.52316986,3
PHF6,other,211.935,480.8754333,540.9960667,1233.8065,17.17732886,38.97494731,43.84772383,100,43.84772383,3
PHGDH,other,229.9998333,164.2175667,360.0816,754.299,30.49186507,21.77088484,47.73725008,100,47.73725008,3
PI4KA,other,81.3565,77.81398889,117.5553733,276.7258622,29.39967351,28.1195217,42.48080479,100,42.48080479,3
PIAS1,other,0,22.58506667,45.31261333,67.89768,0,33.26338494,66.73661506,100,66.73661506,3
PIAS2,other,0,8.093522222,31.88373333,39.97725556,0,20.24531727,79.75468273,100,79.75468273,3
PIBF1,other,0,0,42.94596,42.94596,0,0,100,100,100,3
PIGS,other,0,0,9.030753333,9.030753333,0,0,100,100,100,3
PIK3C2A,other,13.48251667,62.75147778,95.69628667,171.9302811,7.841851115,36.49821158,55.6599373,100,55.6599373,3
PIK3R2,other,18.48813333,22.77816667,90.52502667,131.7913267,14.02833844,17.28350965,68.68815191,100,68.68815191,3
PIK3R4,other,30.71015,92.34947778,145.2463467,268.3059744,11.44594341,34.41946381,54.13459278,100,54.13459278,3
PIKFYVE,other,0,0,19.57377333,19.57377333,0,0,100,100,100,3
PIN1,other,49.40543333,115.9498889,155.5458667,320.9011889,15.39583992,36.13258315,48.47157694,100,48.47157694,3
PINX1,other,0,0,184.3301667,184.3301667,0,0,100,100,100,3
PKM,other,1174.092667,1221.963556,1490.004667,3886.060889,30.21292512,31.44478665,38.34228823,100,38.34228823,3
PKN1,other,0,70.35275556,131.85736,202.2101156,0,34.7919071,65.2080929,100,65.2080929,3
PKN3,other,0,46.0148,87.41636,133.43116,0,34.48579777,65.51420223,100,65.51420223,3
PLAA,other,55.41133333,75.51048889,217.4004,348.3222222,15.90806724,21.67834381,62.41358895,100,62.41358895,3
PLCG2,other,13.58018333,102.8954444,119.5958667,236.0714944,5.752572273,43.58656037,50.66086736,100,50.66086736,3
PLEK2,other,0,51.03188889,109.6032,160.6350889,0,31.76883036,68.23116964,100,68.23116964,3
PLK1,other,69.18283333,94.86944444,249.9519667,414.0042444,16.71065799,22.91508981,60.3742522,100,60.3742522,3
PLRG1,other,0,67.79052222,193.5648933,261.3554156,0,25.93805913,74.06194087,100,74.06194087,3
PLSCR1,other,0,45.03933333,66.62436667,111.6637,0,40.33480292,59.66519708,100,59.66519708,3
PMM2,other,61.03023333,67.5267,120.60786,249.1647933,24.49392329,27.10122048,48.40485623,100,48.40485623,3
PMPCB,other,159.9041,159.5683111,237.2860667,556.7584778,28.72055054,28.66023913,42.61921033,100,42.61921033,3
PNKD,other,11.17543333,7.410755556,15.55137333,34.13756222,32.73647152,21.70850838,45.5550201,100,45.5550201,3
PNN,other,0,98.75237778,171.71776,270.4701378,0,36.51137926,63.48862074,100,63.48862074,3
PNPLA6,other,17.67138333,141.5182222,221.61842,380.8080256,4.640496562,37.16261547,58.19688797,100,58.19688797,3
POGZ,other,0,7.105344444,24.18472,31.29006444,0,22.70798917,77.29201083,100,77.29201083,3
POLD1,other,67.20333333,121.9636111,168.04854,357.2154844,18.81310757,34.14286794,47.04402449,100,47.04402449,3
POLD2,other,57.82366667,102.9071222,144.55428,305.2850689,18.94087611,33.70853432,47.35058957,100,47.35058957,3
POLDIP3,other,0,83.98286667,173.5623667,257.5452333,0,32.6089773,67.3910227,100,67.3910227,3
POLE,other,35.47885,71.14747778,85.37731333,192.0036411,18.47821729,37.05527529,44.46650743,100,44.46650743,3
POLQ,other,0,0,21.7463,21.7463,0,0,100,100,100,3
POLR1A,other,21.04221667,93.91725,180.52012,295.4795867,7.121377454,31.78468302,61.09393953,100,61.09393953,3
POLR1E,other,101.40975,112.1354778,448.8686533,662.4138811,15.30912212,16.92831038,67.7625675,100,67.7625675,3
POLR2A,other,119.1668333,327.3545889,352.9960467,799.5174689,14.90484423,40.94401957,44.1511362,100,44.1511362,3
POLR2B,other,55.99998333,189.0776667,225.8940667,470.9717167,11.89030707,40.14628904,47.96340389,100,47.96340389,3
POLR2C,other,78.7475,104.0161667,129.7440333,312.5077,25.19857911,33.28435321,41.51706769,100,41.51706769,3
POLR3A,other,54.62483333,300.8227778,302.5535133,658.0011244,8.301632217,45.71766926,45.98069853,100,45.98069853,3
POLR3D,other,0,0,9.759126667,9.759126667,0,0,100,100,100,3
POLR3E,other,8.818233333,0,52.51193333,61.33016667,14.37829671,0,85.62170329,100,85.62170329,3
POP1,other,72.036,261.574,285.9312,619.5412,11.62731389,42.22059808,46.15208803,100,46.15208803,3
POU4F1,other,0,0,17.62980667,17.62980667,0,0,100,100,100,3
PPAN,other,0,0,25.25573333,25.25573333,0,0,100,100,100,3
PPHLN1,other,0,0,16.69960667,16.69960667,0,0,100,100,100,3
PPIH,other,310.9155333,380.3933333,455.4834,1146.792267,27.11175706,33.17020391,39.71803902,100,39.71803902,3
PPM1E,other,0,0,12.21608667,12.21608667,0,0,100,100,100,3
PPP1R7,other,18.35053333,0,50.71591333,69.06644667,26.56938965,0,73.43061035,100,73.43061035,3
PPP1R8,other,206.9941333,220.278,276.715,703.9871333,29.40311314,31.29006051,39.30682635,100,39.30682635,3
PPP2R1A,other,459.4276667,342.8128889,508.8308667,1311.071422,35.04215399,26.14753728,38.81030873,100,38.81030873,3
PPP6C,other,114.2025,177.1248556,218.1048667,509.4322222,22.41760435,34.76907189,42.81332377,100,42.81332377,3
PPP6R1,other,40.7534,105.1379889,140.9765533,286.8679422,14.20632772,36.65030957,49.14336271,100,49.14336271,3
PPP6R2,other,0,25.02423333,44.49383333,69.51806667,0,35.9967337,64.0032663,100,64.0032663,3
PRAMEF9,other,0,0,12.88057333,12.88057333,0,0,100,100,100,3
PREB,other,28.6176,5.328533333,211.7968,245.7429333,11.64533995,2.168336343,86.1863237,100,86.1863237,3
PRKCA,other,0,5.502133333,15.07654,20.57867333,0,26.73706533,73.26293467,100,73.26293467,3
PRKCD,other,11.56201667,42.99407778,44.01092,98.56701444,11.73010741,43.61913366,44.65075893,100,44.65075893,3
PRKCI,other,0,11.2464,27.80293333,39.04933333,0,28.80049169,71.19950831,100,71.19950831,3
PRKCZ,other,0,0,21.7797,21.7797,0,0,100,100,100,3
PRKDC,other,154.9381667,530.7291111,747.2367333,1432.904011,10.81287829,37.0387065,52.14841521,100,52.14841521,3
PRKRA,other,8.057033333,153.3466889,330.8185333,492.2222556,1.636868964,31.15395274,67.20917829,100,67.20917829,3
PRMT3,other,182.6158333,324.4152222,467.7682,974.7992556,18.73368617,33.28020825,47.98610558,100,47.98610558,3
PRPF19,other,169.4386667,198.5697444,534.7831333,902.7915444,18.76830457,21.99508244,59.23661299,100,59.23661299,3
PRPF3,other,210.2419167,52.29677778,285.3562667,547.8949611,38.37266841,9.545037186,52.0822944,100,52.0822944,3
PRPF31,other,81.92531667,125.7756111,144.3341333,352.0350611,23.27191968,35.72814898,40.99993134,100,40.99993134,3
PRPF6,other,12.15451667,263.5198889,292.4014,568.0758056,2.139594144,46.38815565,51.47225021,100,51.47225021,3
PRPF8,other,430.1496667,353.587,528.3971333,1312.1338,32.78245455,26.94748051,40.27006494,100,40.27006494,3
PRPS1,other,189.2731667,377.3018889,385.903,952.4780556,19.87165642,39.61265949,40.51568409,100,40.51568409,3
PRPS2,other,458.6875,472.9153333,514.707,1446.309833,31.71433184,32.69806527,35.58760289,100,35.58760289,3
PRR14,other,0,0,9.7067,9.7067,0,0,100,100,100,3
PRRC2A,other,0,14.19497778,103.97606,118.1710378,0,12.01223078,87.98776922,100,87.98776922,3
PRRC2C,other,68.60863333,246.6363556,268.7465533,583.9915422,11.7482238,42.2328643,46.0189119,100,46.0189119,3
PSMA1,other,186.9876667,426.6675556,633.9302667,1247.585489,14.98796422,34.19946443,50.81257135,100,50.81257135,3
PSMB5,other,288.6638333,285.7405556,347.9634667,922.3678556,31.29595547,30.97902359,37.72502094,100,37.72502094,3
PSMC1,other,319.2383333,466.9877778,497.8613333,1284.087444,24.86110543,36.3672879,38.77160668,100,38.77160668,3
PSMD1,other,192.8241667,288.9762222,310.5830667,792.3834556,24.33470377,36.46923976,39.19605647,100,39.19605647,3
PTBP1,other,117.2604667,143.9981111,243.851,505.1095778,23.2148571,28.50829156,48.27685135,100,48.27685135,3
PTDSS1,other,0,42.71298889,83.91100667,126.6239956,0,33.73214429,66.26785571,100,66.26785571,3
PTGES3,other,154.4922667,301.2263333,352.0424667,807.7610667,19.12598577,37.29151426,43.58249997,100,43.58249997,3
PTPN2,other,0,35.929,52.7877,88.7167,0,40.4985758,59.5014242,100,59.5014242,3
PTPRB,other,0,0,63.79766667,63.79766667,0,0,100,100,100,3
PTRH1,other,0,0,24.09533333,24.09533333,0,0,100,100,100,3
PTRH2,other,174.27,147.0900222,183.55858,504.9186022,34.51447406,29.13143259,36.35409335,100,36.35409335,3
PURA,other,17.28291667,161.9763889,237.5214467,416.7807522,4.146764594,38.86369225,56.98954316,100,56.98954316,3
PWP2,other,0,145.6515556,148.7276467,294.3792022,0,49.47752914,50.52247086,100,50.52247086,3
PYCR2,other,155.8338333,349.0485556,486.2858667,991.1682556,15.72223812,35.21587315,49.06188873,100,49.06188873,3
PYCR3,other,0,0,39.3648,39.3648,0,0,100,100,100,3
QRICH1,other,40.65028333,73.16734444,83.97152667,197.7891544,20.55233182,36.99259681,42.45507136,100,42.45507136,3
RABEPK,other,0,0,8.206666667,8.206666667,0,0,100,100,100,3
RABL3,other,0,0,25.72708,25.72708,0,0,100,100,100,3
RACGAP1,other,10.9213,0,186.8824733,197.8037733,5.521279911,0,94.47872009,100,94.47872009,3
RACK1,other,21.35073333,509.4731111,594.9538,1125.777644,1.896532005,45.25521657,52.84825142,100,52.84825142,3
RAD50,other,7.20825,106.1266333,132.2998,245.6346833,2.934540799,43.20506856,53.86039064,100,53.86039064,3
RAD54B,other,0,124.2656667,181.5046733,305.77034,0,40.64019639,59.35980361,100,59.35980361,3
RAE1,other,17.23311667,0,55.23685333,72.46997,23.77966579,0,76.22033421,100,76.22033421,3
RANBP2,other,53.23521667,231.4602222,234.803,519.4984389,10.24742572,44.55455587,45.1980184,100,45.1980184,3
RANBP6,other,7.5665,35.38281111,132.7417,175.6910111,4.306708665,20.13922675,75.55406458,100,75.55406458,3
RARS,other,102.4453333,341.0323333,509.6652667,953.1429333,10.74816061,35.77976832,53.47207107,100,53.47207107,3
RARS2,other,75.837,137.4657778,175.0979133,388.4006911,19.52545444,35.39277373,45.08177182,100,45.08177182,3
RASA2,other,0,0,10.09848667,10.09848667,0,0,100,100,100,3
RAVER1,other,14.00631667,68.74448889,115.64826,198.3990656,7.059668667,34.64960316,58.29072817,100,58.29072817,3
RB1,other,133.6256667,132.4068333,195.69988,461.73238,28.94006842,28.67609877,42.38383282,100,42.38383282,3
RBBP5,other,10.57116667,54.04146667,73.96053333,138.5731667,7.628581291,38.99850741,53.3729113,100,53.3729113,3
RBFA,other,0,24.22303333,43.67427333,67.89730667,0,35.67598558,64.32401442,100,64.32401442,3
RBM14,other,36.03066667,147.5859556,513.4207333,697.0373556,5.169115598,21.17332082,73.65756358,100,73.65756358,3
RBM15,other,21.75176667,63.09957778,107.3174667,192.1688111,11.31909311,32.83549365,55.84541323,100,55.84541323,3
RBM17,other,211.7717,300.2022222,340.31162,852.2855422,24.84750585,35.22319778,39.92929636,100,39.92929636,3
RBM28,other,0,50.98238889,127.2817333,178.2641222,0,28.59935485,71.40064515,100,71.40064515,3
RBM34,other,0,38.75388889,73.45096,112.2048489,0,34.53851529,65.46148471,100,65.46148471,3
RBM39,other,197.57405,336.2208667,452.1089333,985.90385,20.0398903,34.10280492,45.85730478,100,45.85730478,3
RBM4,other,35.08005,231.7526556,486.4204667,753.2531722,4.657139365,30.76690071,64.57595993,100,64.57595993,3
RBM45,other,0,0,12.88447333,12.88447333,0,0,100,100,100,3
RBM4B,other,0,14.18255556,72.63426,86.81681556,0,16.33618495,83.66381505,100,83.66381505,3
RBM8A,other,92.30346667,199.4612222,260.8690667,552.6337556,16.70246628,36.09284091,47.20469281,100,47.20469281,3
RBMX,other,0,148.2477778,268.8052067,417.0529844,0,35.54650927,64.45349073,100,64.45349073,3
RBMXL3,other,0,21.07191111,35.54621333,56.61812444,0,37.21760711,62.78239289,100,62.78239289,3
RBP7,other,0,4.575011111,75.33542933,79.91044044,0,5.725173188,94.27482681,100,94.27482681,3
RCC1,other,299.532,331.3842889,464.5146,1095.430889,27.34376062,30.25150124,42.40473815,100,42.40473815,3
RCC1L,other,13.83476667,60.75795556,87.20689333,161.7996156,8.550555957,37.55135965,53.89808439,100,53.89808439,3
RCE1,other,0,0,6.645193333,6.645193333,0,0,100,100,100,3
RCL1,other,0,0,168.5284667,168.5284667,0,0,100,100,100,3
RDH11,other,52.83583333,72.52986667,180.2387467,305.6044467,17.28896091,23.73324978,58.97778931,100,58.97778931,3
RECQL4,other,0,254.302,312.3816333,566.6836333,0,44.8754799,55.1245201,100,55.1245201,3
RER1,other,253.1223333,293.2806667,371.794,918.197,27.56732306,31.94093061,40.49174632,100,40.49174632,3
REV1,other,0,0,66.89420667,66.89420667,0,0,100,100,100,3
RFC1,other,0,89.10133333,170.2144267,259.31576,0,34.36016898,65.63983102,100,65.63983102,3
RFC2,other,88.12428333,122.0544444,223.2661333,433.4448611,20.33114041,28.15916288,51.5096967,100,51.5096967,3
RFC3,other,135.1035,320.6913333,375.44436,831.2391933,16.25326393,38.57991008,45.16682599,100,45.16682599,3
RFC4,other,156.4711667,229.6712222,234.4420667,620.5844556,25.21351691,37.00885837,37.77762472,100,37.77762472,3
RFC5,other,189.0173167,495.1597778,518.9254,1203.102494,15.7108241,41.15690725,43.13226865,100,43.13226865,3
RGPD8,other,0,65.83094444,80.11686,145.9478044,0,45.10581348,54.89418652,100,54.89418652,3
RGS4,other,0,0,3.133806667,3.133806667,0,0,100,100,100,3
RING1,other,0,30.06551111,40.21226667,70.27777778,0,42.78096443,57.21903557,100,57.21903557,3
RLF,other,0,14.03357778,63.8148,77.84837778,0,18.02680824,81.97319176,100,81.97319176,3
RMI1,other,0,4.757766667,49.8685,54.62626667,0,8.709668365,91.29033164,100,91.29033164,3
RMND5A,other,0,28.21373333,39.26624,67.47997333,0,41.81052828,58.18947172,100,58.18947172,3
RNF10,other,0,0,33.379,33.379,0,0,100,100,100,3
RNF213,other,0,68.86148889,250.19828,319.0597689,0,21.58262984,78.41737016,100,78.41737016,3
RNF31,other,0,66.94544444,68.80953333,135.7549778,0,49.31343627,50.68656373,100,50.68656373,3
RNPS1,other,0,106.2983667,148.5587133,254.85708,0,41.70901066,58.29098934,100,58.29098934,3
RPA1,other,74.70633333,134.1171556,243.7588667,452.5823556,16.50668269,29.63375702,53.85956029,100,53.85956029,3
RPA2,other,66.13551667,114.4584556,159.3256667,339.9196389,19.45622115,33.67221027,46.87156858,100,46.87156858,3
RPF1,other,0,75.58312222,110.75388,186.3370022,0,40.56259429,59.43740571,100,59.43740571,3
RPF2,other,0,0,49.53319333,49.53319333,0,0,100,100,100,3
RPL10A,other,0,440.2872444,850.4843333,1290.771578,0,34.11039196,65.88960804,100,65.88960804,3
RPL11,other,0,360.9322,668.6719333,1029.604133,0,35.05543425,64.94456575,100,64.94456575,3
RPL12,other,0,1062.273133,1126.631267,2188.9044,0,48.52990077,51.47009923,100,51.47009923,3
RPL13,other,0,602.7012222,625.5622,1228.263422,0,49.06937806,50.93062194,100,50.93062194,3
RPL14,other,0,587.7879556,820.6712,1408.459156,0,41.73269443,58.26730557,100,58.26730557,3
RPL15,other,0,525.5228889,710.6660667,1236.188956,0,42.51153406,57.48846594,100,57.48846594,3
RPL18A,other,0,1537.748889,1805.8836,3343.632489,0,45.99036808,54.00963192,100,54.00963192,3
RPL21,other,0,192.9056889,210.6122,403.5178889,0,47.80598189,52.19401811,100,52.19401811,3
RPL26,other,0,175.0289333,192.0742667,367.1032,0,47.67840033,52.32159967,100,52.32159967,3
RPL27A,other,0,554.2562222,1043.5406,1597.796822,0,34.68877986,65.31122014,100,65.31122014,3
RPL30,other,0,319.5692222,365.8638667,685.4330889,0,46.62296399,53.37703601,100,53.37703601,3
RPL35,other,0,39.32044444,197.2530067,236.5734511,0,16.62081872,83.37918128,100,83.37918128,3
RPL36AL,other,0,68.45618889,200.5067533,268.9629422,0,25.45190364,74.54809636,100,74.54809636,3
RPL37,other,0,235.654,253.4618667,489.1158667,0,48.17958608,51.82041392,100,51.82041392,3
RPL37A,other,0,368.5137778,418.0254733,786.5392511,0,46.85256041,53.14743959,100,53.14743959,3
RPL5,other,0,737.0111111,757.7307333,1494.741844,0,49.30691636,50.69308364,100,50.69308364,3
RPL7L1,other,0,102.7751111,202.3202467,305.0953578,0,33.6862258,66.3137742,100,66.3137742,3
RPL8,other,0,704.8156667,773.0236667,1477.839333,0,47.69230665,52.30769335,100,52.30769335,3
RPP25L,other,57.28428333,0,88.46992667,145.75421,39.30197511,0,60.69802489,100,60.69802489,3
RPS15,other,0,406.7513333,517.6708,924.4221333,0,44.00060521,55.99939479,100,55.99939479,3
RPS19BP1,other,0,0,18.04492,18.04492,0,0,100,100,100,3
RPS21,other,0,453.2247778,652.6397333,1105.864511,0,40.98375282,59.01624718,100,59.01624718,3
RPS27,other,0,22.20243333,120.2684,142.4708333,0,15.58384465,84.41615535,100,84.41615535,3
RPS28,other,18.17635,215.8661111,280.8549333,514.8973944,3.530091664,41.92410244,54.5458059,100,54.5458059,3
RPS6,other,81.12866667,990.4794444,1027.449267,2099.057378,3.865004717,47.18686849,48.94812679,100,48.94812679,3
RPTOR,other,0,180.7067667,213.8358467,394.5426133,0,45.80158405,54.19841595,100,54.19841595,3
RRBP1,other,46.37061667,214.4022333,368.6221333,629.3949833,7.367490669,34.06481447,58.56769486,100,58.56769486,3
RRP1,other,26.89813333,0,98.56757333,125.4657067,21.43863375,0,78.56136625,100,78.56136625,3
RRP12,other,21.44208333,284.9862222,349.9476667,656.3759722,3.266738004,43.41813751,53.31512448,100,53.31512448,3
RRP15,other,0,12.08133333,260.4406067,272.52194,0,4.433159889,95.56684011,100,95.56684011,3
RRP1B,other,0,114.5973889,230.4893333,345.0867222,0,33.20828693,66.79171307,100,66.79171307,3
RRS1,other,0,124.5264111,136.3232267,260.8496378,0,47.73877095,52.26122905,100,52.26122905,3
RSBN1L,other,0,0,36.68788,36.68788,0,0,100,100,100,3
RSF1,other,0,0,36.67840667,36.67840667,0,0,100,100,100,3
RTCA,other,44.00913333,138.2651778,231.6532267,413.9275378,10.63208637,33.40323249,55.96468114,100,55.96468114,3
RTEL1,other,0,0,26.71073333,26.71073333,0,0,100,100,100,3
RTF1,other,0,0,6.775613333,6.775613333,0,0,100,100,100,3
RTKN,other,29.83903333,186.6681556,228.2110667,444.7182556,6.709648853,41.97447557,51.31587557,100,51.31587557,3
SACS,other,0,183.3379556,303.9258267,487.2637822,0,37.62601741,62.37398259,100,62.37398259,3
SAE1,other,247.0005,279.6934444,342.2225333,868.9164778,28.42626493,32.18876055,39.38497452,100,39.38497452,3
SAFB,other,97.4485,325.3747778,483.2027333,906.0260111,10.75559629,35.91229984,53.33210387,100,53.33210387,3
SAMD1,other,0,4.798133333,25.76226667,30.5604,0,15.70049258,84.29950742,100,84.29950742,3
SAMD9,other,0,0,10.7238,10.7238,0,0,100,100,100,3
SAMM50,other,0,219.036,260.2919467,479.3279467,0,45.69648015,54.30351985,100,54.30351985,3
SAP18,other,0,37.41411111,38.85971333,76.27382444,0,49.05236021,50.94763979,100,50.94763979,3
SAV1,other,0,21.2923,23.13665333,44.42895333,0,47.92437904,52.07562096,100,52.07562096,3
SBDS,other,155.4745,206.8193333,442.5064,804.8002333,19.31839649,25.69821985,54.98338366,100,54.98338366,3
SBF1,other,0,80.35015556,178.9710867,259.3212422,0,30.9847951,69.0152049,100,69.0152049,3
SCAF1,other,0,0,7.490726667,7.490726667,0,0,100,100,100,3
SCAP,other,0,0,2.799833333,2.799833333,0,0,100,100,100,3
SCD,other,131.2871167,55.02343333,242.4449067,428.7554567,30.62051214,12.83329051,56.54619735,100,56.54619735,3
SCD5,other,0,0,14.16396,14.16396,0,0,100,100,100,3
SCFD1,other,140.97985,159.9983333,267.1426,568.1207833,24.81511927,28.16273194,47.02214878,100,47.02214878,3
SCO2,other,0,0,24.81598667,24.81598667,0,0,100,100,100,3
SCYL1,other,79.40293333,22.36783333,132.57422,234.3449867,33.88292383,9.54483117,56.572245,100,56.572245,3
SDC1,other,0,61.74326667,165.8377133,227.58098,0,27.13024026,72.86975974,100,72.86975974,3
SDC4,other,13.80471667,81.29117778,236.6597333,331.7556278,4.161110019,24.50333046,71.33555953,100,71.33555953,3
SEC16A,other,44.53241667,142.5728,145.3767733,332.48199,13.39393351,42.88136028,43.72470621,100,43.72470621,3
SEC23B,other,53.81098333,84.27077778,118.0227733,256.1045344,21.01133564,32.90483629,46.08382807,100,46.08382807,3
SEC61A1,other,260.2667,348.902,455.8244667,1064.993167,24.4383446,32.76096138,42.80069403,100,42.80069403,3
SEC61B,other,90.82683333,35.50443333,104.50944,230.8407067,39.34610782,15.38049066,45.27340152,100,45.27340152,3
SECISBP2,other,0,40.65384444,107.0277333,147.6815778,0,27.52804043,72.47195957,100,72.47195957,3
SELENOO,other,15.26363333,117.5713667,118.5771267,251.4121267,6.071160344,46.76439765,47.164442,100,47.164442,3
9-Sep,other,160.0451667,182.9996667,191.44308,534.4879133,29.94364562,34.23831711,35.81803727,100,35.81803727,3
SERBP1,other,241.9901667,620.8462444,769.1418,1631.978211,14.82802681,38.0425572,47.12941599,100,47.12941599,3
SERINC5,other,0,0,1.809418,1.809418,0,0,100,100,100,3
SERPINB5,other,99.90783333,209.3097778,287.8356,597.0532111,16.73348899,35.05713961,48.2093714,100,48.2093714,3
SETD1A,other,0,47.10594444,48.76926667,95.87521111,0,49.13255877,50.86744123,100,50.86744123,3
SF3B1,other,198.4096667,149.9288889,332.6482667,680.9868222,29.13561029,22.01641559,48.84797412,100,48.84797412,3
SF3B2,other,306.3696667,262.0555556,404.37766,972.8028822,31.49349907,26.93819687,41.56830406,100,41.56830406,3
SFXN1,other,105.3589,160.4923111,290.3510667,556.2022778,18.94255098,28.85502586,52.20242316,100,52.20242316,3
SGF29,other,141.0250833,63.50633333,146.604,351.1354167,40.16259159,18.08599484,41.75141357,100,41.75141357,3
SGPL1,other,107.9823333,140.8075111,184.3137333,433.1035778,24.93221919,32.51127867,42.55650214,100,42.55650214,3
SH3GL1,other,54.11883333,78.51111111,133.8312333,266.4611778,20.31021321,29.46437142,50.22541537,100,50.22541537,3
SHC1,other,0,0,13.15053333,13.15053333,0,0,100,100,100,3
SHKBP1,other,0,0,11.11838667,11.11838667,0,0,100,100,100,3
SINHCAF,other,0,71.91755556,93.84,165.7575556,0,43.38719603,56.61280397,100,56.61280397,3
SKI,other,0,0,39.99348667,39.99348667,0,0,100,100,100,3
SLC16A1,other,191.829,327.4549,359.3088667,878.5927667,21.83366484,37.27038424,40.89595092,100,40.89595092,3
SLC25A1,other,128.8958333,210.6211,281.2447,620.7616333,20.76414302,33.92946482,45.30639216,100,45.30639216,3
SLC25A10,other,130.2316667,131.3395333,149.0476667,410.6188667,31.71594811,31.98575224,36.29829966,100,36.29829966,3
SLC25A11,other,77.19866667,77.71666667,124.8873067,279.80264,27.59039967,27.77553016,44.63407017,100,44.63407017,3
SLC25A12,other,84.10483333,135.0275556,195.2184133,414.3508022,20.29797768,32.58773842,47.11428391,100,47.11428391,3
SLC25A19,other,0,15.15016667,26.44370667,41.59387333,0,36.42403424,63.57596576,100,63.57596576,3
SLC25A22,other,74.8143,163.7785778,230.2866,468.8794778,15.95597665,34.92978165,49.1142417,100,49.1142417,3
SLC25A3,other,220.2047333,459.5346667,528.3500667,1208.089467,18.22751869,38.03813205,43.73434926,100,43.73434926,3
SLC25A4,other,31.46315,17.63925556,92.15173333,141.2541389,22.27414379,12.48760262,65.23825359,100,65.23825359,3
SLC25A5,other,632.1923333,998.1957778,1277.6864,2908.074511,21.73920685,34.32497255,43.9358206,100,43.9358206,3
SLC25A6,other,42.99306667,48.05222222,91.47133333,182.5166222,23.55569928,26.32758685,50.11671387,100,50.11671387,3
SLC38A2,other,195.186,149.5924778,237.1899267,581.9684044,33.53893416,25.70457032,40.75649552,100,40.75649552,3
SLC39A7,other,22.3331,26.36573333,55.73526,104.4340933,21.3848747,25.2462893,53.368836,100,53.368836,3
SLFN5,other,0,20.72852222,61.56832,82.29684222,0,25.18750618,74.81249382,100,74.81249382,3
SLITRK6,other,0,0,10.21919333,10.21919333,0,0,100,100,100,3
SLU7,other,0,12.09258889,23.31506667,35.40765556,0,34.15246985,65.84753015,100,65.84753015,3
SMAD1,other,0,0,15.88972,15.88972,0,0,100,100,100,3
SMAD3,other,0,0,15.93659333,15.93659333,0,0,100,100,100,3
SMARCA1,other,110.42625,376.859,483.0390667,970.3243167,11.3803445,38.83845777,49.78119773,100,49.78119773,3
SMARCA5,other,153.8096667,432.9584444,439.0145333,1025.782644,14.9943721,42.20762038,42.79800752,100,42.79800752,3
SMARCAD1,other,73.6575,248.7702,287.8763,610.304,12.06898529,40.76168598,47.16932873,100,47.16932873,3
SMARCC1,other,117.7116667,100.2208889,289.2898667,507.2224222,23.20711024,19.75876548,57.03412428,100,57.03412428,3
SMARCC2,other,61.54765,42.06485556,79.85745333,183.4699589,33.54644563,22.92738049,43.52617389,100,43.52617389,3
SMC3,other,75.6741,70.55948889,175.1645733,321.3981622,23.54528087,21.95391797,54.50080116,100,54.50080116,3
SMG6,other,0,0,42.25552,42.25552,0,0,100,100,100,3
SMN1,other,0,177.3739111,490.0462,667.4201111,0,26.5760513,73.4239487,100,73.4239487,3
SMURF2,other,17.0845,85.23988889,206.9724,309.2967889,5.523659027,27.5592544,66.91708658,100,66.91708658,3
SMYD4,other,0,0,9.09974,9.09974,0,0,100,100,100,3
SNAP47,other,0,0,20.82877333,20.82877333,0,0,100,100,100,3
SNRNP200,other,228.7538333,398.725,672.7296667,1300.2085,17.59362697,30.66623545,51.74013758,100,51.74013758,3
SNRNP40,other,55.925,471.8236667,492.6402,1020.388867,5.480753645,46.23959375,48.2796526,100,48.2796526,3
SNRPA1,other,69.73633333,194.9456667,287.2195333,551.9015333,12.63564769,35.32254485,52.04180746,100,52.04180746,3
SNRPD1,other,95.73356667,84.64627778,221.8803533,402.2601978,23.79891602,21.04266797,55.15841601,100,55.15841601,3
SNRPE,other,116.0162167,137.653,202.08258,455.7517967,25.45600862,30.20350134,44.34049004,100,44.34049004,3
SNRPGP15,other,243.5452167,432.3273333,503.0345333,1178.907083,20.65855911,36.67187512,42.66956577,100,42.66956577,3
SNU13,other,0,0,10.79945333,10.79945333,0,0,100,100,100,3
SNX17,other,27.5874,0,64.14894667,91.73634667,30.07248599,0,69.92751401,100,69.92751401,3
SNX18,other,0,26.30504444,40.93906667,67.24411111,0,39.11873324,60.88126676,100,60.88126676,3
SNX27,other,23.52296667,144.4015667,217.89472,385.8192533,6.096887717,37.42725782,56.47585446,100,56.47585446,3
SNX9,other,26.10308333,129.6356556,322.7436,478.4823389,5.455391184,27.09309101,67.4515178,100,67.4515178,3
SOAT1,other,0,17.14508889,35.52179333,52.66688222,0,32.55383301,67.44616699,100,67.44616699,3
SOGA1,other,0,0,12.57592,12.57592,0,0,100,100,100,3
SON,other,0,15.20348889,79.81564667,95.01913556,0,16.00044959,83.99955041,100,83.99955041,3
SP1,other,8.136783333,15.72383333,16.08982667,39.95044333,20.36719159,39.35834504,40.27446337,100,40.27446337,3
SPAG1,other,0,0,13.99554667,13.99554667,0,0,100,100,100,3
SPAG5,other,20.46353333,52.1387,173.3682267,245.97046,8.319508502,21.19713888,70.48335262,100,70.48335262,3
SPATA5L1,other,36.73206667,179.6796667,187.3410467,403.75278,9.097662849,44.5023974,46.39993975,100,46.39993975,3
SPATS2L,other,0,178.052,407.2014,585.2534,0,30.42306119,69.57693881,100,69.57693881,3
SPG21,other,22.69336667,26.56391111,39.39358667,88.65086444,25.59858475,29.96463856,44.43677669,100,44.43677669,3
SPOUT1,other,0,92.96974444,193.42986,286.3996044,0,32.46154778,67.53845222,100,67.53845222,3
SPTAN1,other,63.45215,60.68498889,71.78566667,195.9228056,32.38630124,30.97392808,36.63977068,100,36.63977068,3
SPTBN4,other,116.7511667,0,120.89806,237.6492267,49.12751802,0,50.87248198,100,50.87248198,3
SPTY2D1,other,0,0,22.16162,22.16162,0,0,100,100,100,3
SRD5A3,other,0,0,8.627526667,8.627526667,0,0,100,100,100,3
SRP54,other,57.14786667,189.8117778,235.9886,482.9482444,11.83312442,39.30271617,48.8641594,100,48.8641594,3
SRP72,other,143.4453,270.1528889,504.2996667,917.8978556,15.62758853,29.43169409,54.94071738,100,54.94071738,3
SRPK1,other,189.4472833,150.2833889,195.4991667,535.2298389,35.39550107,28.07829048,36.52620846,100,36.52620846,3
SRRM1,other,0,0,56.06094,56.06094,0,0,100,100,100,3
SRRM2,other,0,26.97672222,128.36264,155.3393622,0,17.36631452,82.63368548,100,82.63368548,3
SRSF10,other,0,125.1532222,145.4086733,270.5618956,0,46.25678053,53.74321947,100,53.74321947,3
SRSF2,other,69.02416667,24.00436667,69.93622,162.9647533,42.35527331,14.72979045,42.91493625,100,42.91493625,3
SSBP1,other,199.5263333,225.8544444,233.6867333,659.0675111,30.27403566,34.26878744,35.4571769,100,35.4571769,3
SSR1,other,202.3323333,158.4487889,275.394,636.1751222,31.80450261,24.9064736,43.28902379,100,43.28902379,3
SSR3,other,9.97215,44.77424444,102.5181733,157.2645678,6.341002389,28.47064986,65.18834775,100,65.18834775,3
SSRP1,other,234.83,324.4204444,708.1794667,1267.429911,18.52804624,25.59671676,55.875237,100,55.875237,3
SSX2IP,other,0,0,14.86196,14.86196,0,0,100,100,100,3
STARD3,other,0,0,3.482886667,3.482886667,0,0,100,100,100,3
STAU1,other,0,126.9585667,455.1419333,582.1005,0,21.81042048,78.18957952,100,78.18957952,3
STAU2,other,37.75968333,49.77774444,204.6366133,292.1740411,12.92369548,17.03701816,70.03928636,100,70.03928636,3
STIL,other,0,0,6.829406667,6.829406667,0,0,100,100,100,3
STK39,other,247.6123333,324.7543333,444.3298667,1016.696533,24.35459601,31.94211082,43.70329318,100,43.70329318,3
STK4,other,0,59.98655556,83.78358667,143.7701422,0,41.72393143,58.27606857,100,58.27606857,3
STOML2,other,155.9908,212.6578889,240.0578,608.7064889,25.62660377,34.9360312,39.43736503,100,39.43736503,3
STRAP,other,105.3236,120.7252222,192.7380533,418.7868756,25.14968977,28.82736525,46.02294498,100,46.02294498,3
STUB1,other,145.042,154.4778778,155.00058,454.5204578,31.91099488,33.98700215,34.10200297,100,34.10200297,3
STX17,other,0,0,41.27022,41.27022,0,0,100,100,100,3
STX5,other,8.959883333,0,10.38012,19.34000333,46.32824089,0,53.67175911,100,53.67175911,3
SUB1,other,131.6656833,151.9889222,261.38646,545.0410656,24.15702076,27.88577445,47.95720479,100,47.95720479,3
SUCLA2,other,193.6601667,139.6362778,285.7325333,619.0289778,31.28450745,22.55730875,46.1581838,100,46.1581838,3
SUGT1,other,230.0652333,398.0545556,421.4098667,1049.529656,21.92079396,37.92694694,40.1522591,100,40.1522591,3
SUMO2,other,200.1085333,208.6417667,246.8602667,655.6105667,30.52246921,31.82403965,37.65349115,100,37.65349115,3
SUPT16H,other,110.3637167,132.3944333,207.99998,450.75813,24.48402132,29.37150204,46.14447664,100,46.14447664,3
SUPT20H,other,0,18.06116667,65.78802667,83.84919333,0,21.54006013,78.45993987,100,78.45993987,3
SURF4,other,37.17685,53.07288889,87.34966667,177.5994056,20.9329811,29.88348341,49.18353549,100,49.18353549,3
TACO1,other,0,5.294555556,14.08033333,19.37488889,0,27.32689506,72.67310494,100,72.67310494,3
TAF1C,other,0,0,23.07704667,23.07704667,0,0,100,100,100,3
TAF6L,other,0,10.54974444,50.28747333,60.83721778,0,17.34093838,82.65906162,100,82.65906162,3
TANC1,other,0,0,51.279,51.279,0,0,100,100,100,3
TARDBP,other,161.06835,400.4951111,455.4486,1017.012061,15.83740805,39.37958323,44.78300872,100,44.78300872,3
TBCD,other,204.28625,206.9051444,208.6381267,619.8295211,32.95845761,33.38097612,33.66056626,100,33.66056626,3
TBL1XR1,other,280.3305,318.2124444,357.75046,956.2934044,29.31427726,33.27560798,37.41011476,100,37.41011476,3
TBL2,other,36.80728333,97.37462222,254.661,388.8429056,9.465849269,25.04214963,65.4920011,100,65.4920011,3
TBL3,other,20.7226,30.53971111,90.52874,141.7910511,14.61488566,21.53853214,63.8465822,100,63.8465822,3
TCAF1,other,67.71618333,191.5824222,244.7245933,504.0231989,13.43513225,38.01063575,48.554232,100,48.554232,3
TCF20,other,0,0,102.9204,102.9204,0,0,100,100,100,3
TCF25,other,28.74361667,271.5570778,297.8303333,598.1310278,4.805571912,45.40093477,49.79349332,100,49.79349332,3
TCF7L2,other,10.43628333,41.76148889,63.86221333,116.0599856,8.992145987,35.98267628,55.02517774,100,55.02517774,3
TDRD3,other,0,0,20.37715333,20.37715333,0,0,100,100,100,3
TECR,other,235.99925,344.3038889,490.9088667,1071.212006,22.03104976,32.14152634,45.8274239,100,45.8274239,3
TENT2,other,0,0,19.0878,19.0878,0,0,100,100,100,3
TENT4B,other,0,0,15.5067,15.5067,0,0,100,100,100,3
TES,other,141.4110833,180.9328889,418.5481333,740.8921056,19.08659605,24.42094976,56.49245419,100,56.49245419,3
TEX10,other,0,162.6194111,271.8915933,434.5110044,0,37.4258441,62.5741559,100,62.5741559,3
TFB1M,other,0,41.81765556,64.04614,105.8637956,0,39.50137565,60.49862435,100,60.49862435,3
TFB2M,other,6.678383333,104.7409667,329.4890667,440.9084167,1.514687196,23.75571949,74.72959332,100,74.72959332,3
TFCP2,other,55.96833333,48.74822222,110.34228,215.0588356,26.0246612,22.66738872,51.30795008,100,51.30795008,3
THAP12,other,0,0,22.86006667,22.86006667,0,0,100,100,100,3
THAP4,other,0,23.42314444,48.84118,72.26432444,0,32.41315078,67.58684922,100,67.58684922,3
THEM6,other,0,25.99401111,30.7748,56.76881111,0,45.78924695,54.21075305,100,54.21075305,3
THOC2,other,7.4717,43.90488889,104.79632,156.1729089,4.784248467,28.11299937,67.10275216,100,67.10275216,3
THOC3,other,99.02735,147.1027444,251.1782667,497.3083611,19.91266541,29.57978509,50.5075495,100,50.5075495,3
THOC6,other,80.18033333,183.8415556,308.0976667,572.1195556,14.01461155,32.13341578,53.85197266,100,53.85197266,3
THRAP3,other,16.3956,0,85.57047333,101.9660733,16.07946591,0,83.92053409,100,83.92053409,3
TIA1,other,41.28406667,34.27867778,164.2425267,239.8052711,17.21566272,14.29438044,68.48995683,100,68.48995683,3
TLE3,other,0,37.89555556,47.573,85.46855556,0,44.33859366,55.66140634,100,55.66140634,3
TMCO1,other,54.18133333,54.43735556,78.47759333,187.0962822,28.95906465,29.09590448,41.94503087,100,41.94503087,3
TMED10,other,71.81771667,170.6829333,197.2574667,439.7581167,16.33118616,38.81291257,44.85590128,100,44.85590128,3
TMEM102,other,0,0,3.74504,3.74504,0,0,100,100,100,3
TMEM11,other,0,0,10.03600667,10.03600667,0,0,100,100,100,3
TMEM161A,other,126.2906667,155.1694333,155.3052267,436.7653267,28.91499369,35.52695781,35.5580485,100,35.5580485,3
TMEM97,other,0,18.67387778,77.33204,96.00591778,0,19.45075701,80.54924299,100,80.54924299,3
TMPO,other,98.319,66.02907778,122.6331533,286.9812311,34.25973177,23.00815197,42.73211626,100,42.73211626,3
TMUB1,other,0,23.85517778,50.4839,74.33907778,0,32.08968754,67.91031246,100,67.91031246,3
TNRC6A,other,0,0,114.3856667,114.3856667,0,0,100,100,100,3
TNRC6B,other,0,26.89562222,29.11034667,56.00596889,0,48.02277821,51.97722179,100,51.97722179,3
TNS4,other,0,0,7.738246667,7.738246667,0,0,100,100,100,3
TOMM34,other,137.0333833,104.8442667,228.7955333,470.6731833,29.1143384,22.27538563,48.61027597,100,48.61027597,3
TONSL,other,0,20.99754444,112.2995867,133.2971311,0,15.75243538,84.24756462,100,84.24756462,3
TOP1,other,0,295.6458889,439.381,735.0268889,0,40.22245898,59.77754102,100,59.77754102,3
TOP2A,other,14.67575,174.805,287.6294667,477.1102167,3.075966409,36.6382848,60.28574879,100,60.28574879,3
TOP2B,other,111.23,250.8349111,257.2926,619.3575111,17.95893293,40.49921194,41.54185513,100,41.54185513,3
TOP3A,other,0,53.10455556,99.92143333,153.0259889,0,34.70296512,65.29703488,100,65.29703488,3
TOP3B,other,0,40.2582,137.1541133,177.4123133,0,22.69188606,77.30811394,100,77.30811394,3
TOR4A,other,0,0,9.339106667,9.339106667,0,0,100,100,100,3
TPST1,other,0,0,10.88105333,10.88105333,0,0,100,100,100,3
TRA2A,other,0,6.047555556,36.52309333,42.57064889,0,14.20592759,85.79407241,100,85.79407241,3
TRAF7,other,0,0,28.16144,28.16144,0,0,100,100,100,3
TRAM1,other,34.28005,126.4985667,128.63966,289.4182767,11.84446622,43.70787088,44.44766291,100,44.44766291,3
TRAM2,other,0,0,22.90668667,22.90668667,0,0,100,100,100,3
TRIM25,other,271.4046667,374.5864444,569.8979333,1215.889044,22.32149947,30.80761737,46.87088316,100,46.87088316,3
TRIM5,other,0,0,98.48318,98.48318,0,0,100,100,100,3
TRIM56,other,0,25.19106667,220.74932,245.9403867,0,10.24275314,89.75724686,100,89.75724686,3
TRIO,other,23.07873333,32.3946,54.86816667,110.3415,20.91573282,29.35849159,49.72577558,100,49.72577558,3
TRIP12,other,204.05105,100.763,325.77,630.58405,32.35905666,15.97931315,51.6616302,100,51.6616302,3
TRIP4,other,0,8.0698,86.63628,94.70608,0,8.52088905,91.47911095,100,91.47911095,3
TRIP6,other,166.0476667,292.8496667,302.9534667,761.8508,21.7952999,38.43924121,39.76545889,100,39.76545889,3
TRMT112,other,141.0423167,70.81168889,193.6029333,405.4569389,34.78601625,17.46466322,47.74932052,100,47.74932052,3
TRMT1L,other,115.0041667,133.5021,170.3759933,418.88226,27.45501007,31.87103221,40.67395772,100,40.67395772,3
TRMT2A,other,0,27.81083333,29.36826667,57.1791,0,48.63810961,51.36189039,100,51.36189039,3
TRMT6,other,0,0,20.73428667,20.73428667,0,0,100,100,100,3
TRRAP,other,76.86266667,160.1487111,172.5248667,409.5362444,18.76822081,39.10489323,42.12688596,100,42.12688596,3
TRUB2,other,0,43.00622222,46.81626667,89.82248889,0,47.87912554,52.12087446,100,52.12087446,3
TSFM,other,281.3708,402.5132222,436.1037333,1119.987756,25.12266751,35.93907346,38.93825903,100,38.93825903,3
TSPO,other,0,6.701388889,15.19541333,21.89680222,0,30.60441804,69.39558196,100,69.39558196,3
TSPYL1,other,43.48383333,24.23486667,69.00568,136.72438,31.80400842,17.72534399,50.47064759,100,50.47064759,3
TSR3,other,0,0,57.3072,57.3072,0,0,100,100,100,3
TSSC4,other,24.55465,23.01531111,33.13192667,80.70188778,30.42636384,28.51892532,41.05471084,100,41.05471084,3
TTC12,other,0,0,90.52933333,90.52933333,0,0,100,100,100,3
TTC17,other,19.9022,0,73.14215333,93.04435333,21.39001378,0,78.60998622,100,78.60998622,3
TTC37,other,0,8.152244444,12.20102,20.35326444,0,40.05374404,59.94625596,100,59.94625596,3
TTC38,other,0,0,4.414513333,4.414513333,0,0,100,100,100,3
TTI2,other,0,0,21.7253,21.7253,0,0,100,100,100,3
TTLL12,other,268.1048333,336.0732222,452.5428,1056.720856,25.37139604,31.80340583,42.82519812,100,42.82519812,3
TUBA1A,other,840.6225,848.8613333,965.6251333,2655.108967,31.66056499,31.97086613,36.36856888,100,36.36856888,3
TUBA1C,other,77.633,51.84781111,191.9973533,321.4781644,24.14876299,16.12794175,59.72329526,100,59.72329526,3
TUBA4A,other,124.0105,187.1632222,257.116,568.2897222,21.82170382,32.93447249,45.2438237,100,45.2438237,3
TUBB,other,408.08,286.8219667,460.6514,1155.553367,35.31468228,24.82117875,39.86413897,100,39.86413897,3
TUBB1,other,187.8128333,445.6587778,453.8004667,1087.272078,17.27376589,40.98870806,41.73752605,100,41.73752605,3
TUBB2A,other,142.9505,500.5826667,564.8151333,1208.3483,11.83023968,41.42701791,46.74274241,100,46.74274241,3
TUBB4A,other,66.4795,115.0852111,145.54922,327.1139311,20.32304151,35.18199629,44.4949622,100,44.4949622,3
TUBB4B,other,189.122,320.1061111,449.9768,959.2049111,19.71653792,33.37202587,46.91143621,100,46.91143621,3
TUBB6,other,199.6903333,162.1037889,276.2624,638.0565222,31.29665263,25.4058666,43.29748077,100,43.29748077,3
TUBG1,other,250.6372833,487.219,599.0555333,1336.911817,18.74748059,36.44361535,44.80890406,100,44.80890406,3
TUBGCP2,other,50.89881667,70.09291111,74.49016667,195.4818944,26.03761172,35.85647219,38.10591609,100,38.10591609,3
TUBGCP3,other,21.09335,188.1036778,209.9900733,419.1871011,5.031965426,44.87344131,50.09459327,100,50.09459327,3
TUBGCP4,other,14.04836667,39.51187778,152.0678067,205.6280511,6.831931048,19.21521775,73.9528512,100,73.9528512,3
TUBGCP6,other,0,0,41.77066667,41.77066667,0,0,100,100,100,3
TUFM,other,340.6871667,395.8206667,414.6464,1151.154233,29.5952668,34.38467715,36.02005604,100,36.02005604,3
TWNK,other,0,0,59.33679333,59.33679333,0,0,100,100,100,3
TYW3,other,0,0,24.86413333,24.86413333,0,0,100,100,100,3
U2AF1L5,other,118.7160167,99.14883333,208.79054,426.65539,27.82480181,23.238622,48.93657619,100,48.93657619,3
UACA,other,11.75903333,6.587177778,100.42302,118.7692311,9.900740472,5.54619889,84.55306064,100,84.55306064,3
UBAC2,other,0,141.2322111,184.5930067,325.8252178,0,43.34600375,56.65399625,100,56.65399625,3
UBAP2L,other,111.5896667,98.46275556,163.7841,373.8365222,29.84985683,26.33845269,43.81169048,100,43.81169048,3
UBE2E1,other,10.34288333,64.50655556,150.5388733,225.3883122,4.588917336,28.62018661,66.79089605,100,66.79089605,3
UBE2I,other,97.0895,270.9058889,307.6208667,675.6162556,14.37050977,40.09759781,45.53189242,100,45.53189242,3
UBE2M,other,288.407,317.0649444,426.3490667,1031.821011,27.95126256,30.72867688,41.32006056,100,41.32006056,3
UBE3A,other,77.76933333,162.0862222,170.42164,410.2771956,18.95531464,39.5065151,41.53817025,100,41.53817025,3
UBE3C,other,54.1045,142.4264222,240.3403333,436.8712556,12.38454105,32.60146334,55.01399561,100,55.01399561,3
UBTF,other,0,138.4319667,341.3611267,479.7930933,0,28.85243006,71.14756994,100,71.14756994,3
UCK2,other,106.40935,196.7344444,202.1040933,505.2478878,21.06082036,38.93820226,40.00097739,100,40.00097739,3
UGDH,other,220.5826667,299.6073333,325.0714667,845.2614667,26.09638264,35.44552131,38.45809604,100,38.45809604,3
UMPS,other,205.1198167,155.9421111,317.4792,678.5411278,30.22953337,22.98196892,46.78849771,100,46.78849771,3
UNC45A,other,14.88531667,114.2014556,151.2959867,280.3827589,5.308927241,40.73055562,53.96051714,100,53.96051714,3
UPF1,other,49.31988333,85.19227778,204.7096,339.2217611,14.5391272,25.11403676,60.34683604,100,60.34683604,3
UPF2,other,81.147,121.6146667,224.0352,426.7968667,19.01302618,28.49474215,52.49223167,100,52.49223167,3
UQCRQ,other,0,0,14.33807133,14.33807133,0,0,100,100,100,3
URB1,other,123.1088333,89.23118889,248.1216467,460.4616689,26.7359569,19.3786356,53.8854075,100,53.8854075,3
URB2,other,0,67.26713333,190.67064,257.9377733,0,26.07882222,73.92117778,100,73.92117778,3
UROD,other,105.1483333,81.62746667,203.12856,389.90436,26.96772443,20.93525363,52.09702195,100,52.09702195,3
USF2,other,0,0,29.2416,29.2416,0,0,100,100,100,3
USF3,other,0,0,31.51918667,31.51918667,0,0,100,100,100,3
USP14,other,42.06065,126.9131778,136.7897933,305.7636211,13.75593664,41.50695799,44.73710536,100,44.73710536,3
USP16,other,0,0,152.79508,152.79508,0,0,100,100,100,3
USP22,other,0,37.12136667,65.64801333,102.76938,0,36.12103787,63.87896213,100,63.87896213,3
USP3,other,111.5285,137.2136778,227.4818,476.2239778,23.41933737,28.81284525,47.76781737,100,47.76781737,3
USP36,other,0,0,38.60683333,38.60683333,0,0,100,100,100,3
USP39,other,111.1102667,173.0387778,251.5794,535.7284444,20.74003496,32.29971818,46.96024686,100,46.96024686,3
USP40,other,0,0,87.73641333,87.73641333,0,0,100,100,100,3
UTP11,other,0,0,58.09928,58.09928,0,0,100,100,100,3
UTP14A,other,0,130.8383333,318.8888667,449.7272,0,29.0928219,70.9071781,100,70.9071781,3
UTP15,other,0,46.03118889,135.9171,181.9482889,0,25.29905017,74.70094983,100,74.70094983,3
UTP18,other,0,52.993,114.19762,167.19062,0,31.69615616,68.30384384,100,68.30384384,3
UTP20,other,112.9516667,38.59084444,117.2916667,268.8341778,42.01536709,14.35488775,43.62974516,100,43.62974516,3
UTP3,other,26.8522,72.27771111,260.83776,359.9676711,7.459614336,20.07894511,72.46144055,100,72.46144055,3
UTP4,other,35.3571,6.984466667,64.41048,106.7520467,33.12077014,6.542700477,60.33652938,100,60.33652938,3
UTRN,other,0,20.67486667,116.7563333,137.4312,0,15.04379403,84.95620597,100,84.95620597,3
VARS2,other,0,0,9.58906,9.58906,0,0,100,100,100,3
VCAN,other,0,0,26.88807333,26.88807333,0,0,100,100,100,3
VDAC2,other,109.0641167,98.80276667,323.4691333,531.3360167,20.52639257,18.59515703,60.87845039,100,60.87845039,3
VEZF1,other,0,0,21.11038667,21.11038667,0,0,100,100,100,3
VIRMA,other,126.0553167,101.8062222,196.26722,424.1287589,29.72100194,24.00361213,46.27538593,100,46.27538593,3
VPS16,other,0,127.6005444,131.1342533,258.7347978,0,49.31711758,50.68288242,100,50.68288242,3
VPS18,other,67.57133333,101.8966111,190.3187333,359.7866778,18.78094368,28.32139637,52.89765994,100,52.89765994,3
VPS26B,other,0,0,5.670166667,5.670166667,0,0,100,100,100,3
VPS35,other,137.5789667,124.0714778,366.1538667,627.8043111,21.91430741,19.76276295,58.32292964,100,58.32292964,3
VPS41,other,0,0,271.7583333,271.7583333,0,0,100,100,100,3
VRK2,other,49.24078333,57.7605,71.81973333,178.8210167,27.53635129,32.30073348,40.16291523,100,40.16291523,3
WAPL,other,283.0326667,356.8818889,361.9685333,1001.883089,28.25006928,35.62111117,36.12881955,100,36.12881955,3
WDFY3,other,0,0,13.80219333,13.80219333,0,0,100,100,100,3
WDHD1,other,36.41961667,154.5349222,158.8840267,349.8385656,10.41040647,44.17320943,45.4163841,100,45.4163841,3
WDR11,other,34.70723333,122.8882556,138.3421067,295.9375956,11.72788921,41.52505711,46.74705368,100,46.74705368,3
WDR3,other,104.8241667,161.2634667,205.1641667,471.2518,22.24377003,34.22023357,43.5359964,100,43.5359964,3
WDR33,other,62.05933333,161.4434444,218.3678133,441.8705911,14.04468516,36.53636329,49.41895155,100,49.41895155,3
WDR36,other,37.2614,42.649,174.1031467,254.0135467,14.66906017,16.79004941,68.54089042,100,68.54089042,3
WDR46,other,0,0,51.30842667,51.30842667,0,0,100,100,100,3
WDR61,other,31.58823333,120.4043556,233.2748267,385.2674156,8.199040993,31.25215128,60.54880772,100,60.54880772,3
WDR7,other,0,57.39011111,182.6849333,240.0750444,0,23.90507153,76.09492847,100,76.09492847,3
WDR70,other,0,59.5881,83.40005333,142.9881533,0,41.67345239,58.32654761,100,58.32654761,3
WDR74,other,0,22.94398889,112.9458133,135.8898022,0,16.88426101,83.11573899,100,83.11573899,3
WDR75,other,124.0388333,136.4540444,228.50844,489.0013178,25.36574623,27.90463737,46.7296164,100,46.7296164,3
XPC,other,0,22.21206667,39.59714667,61.80921333,0,35.93649792,64.06350208,100,64.06350208,3
XPR1,other,0,0,5.584173333,5.584173333,0,0,100,100,100,3
XRCC3,other,0,0,26.07286667,26.07286667,0,0,100,100,100,3
XRCC5,other,285.7258333,394.0536667,712.0234667,1391.802967,20.52918697,28.31246061,51.15835242,100,51.15835242,3
XRCC6,other,435.21,438.7106667,443.242,1317.162667,33.04147703,33.30725033,33.65127263,100,33.65127263,3
XRN1,other,0,97.39051111,164.7801333,262.1706444,0,37.14775593,62.85224407,100,62.85224407,3
XRN2,other,168.95465,112.4463333,177.8861,459.2870833,36.78628381,24.48279898,38.73091721,100,38.73091721,3
YARS2,other,111.4638333,71.35934444,232.8954,415.7185778,26.81232913,17.16530082,56.02237005,100,56.02237005,3
YBX3,other,106.562,123.4063667,249.1984,479.1667667,22.23902145,25.7543668,52.00661176,100,52.00661176,3
YIPF3,other,0,4.9326,6.967986667,11.90058667,0,41.44837677,58.55162323,100,58.55162323,3
YME1L1,other,0,55.68543333,120.4737733,176.1592067,0,31.6108561,68.3891439,100,68.3891439,3
YTHDC2,other,0,41.678,130.20738,171.88538,0,24.24755381,75.75244619,100,75.75244619,3
YTHDF2,other,194.29135,184.5106667,463.5168667,842.3188833,23.06624651,21.90508492,55.02866858,100,55.02866858,3
YTHDF3,other,106.3114667,0,137.6170667,243.9285333,43.58303853,0,56.41696147,100,56.41696147,3
YWHAE,other,352.0965,345.2978889,361.51448,1058.908869,33.25087837,32.60883906,34.14028257,100,34.14028257,3
ZBTB10,other,0,6.942244444,14.95082,21.89306444,0,31.70978856,68.29021144,100,68.29021144,3
ZBTB11,other,0,0,18.902,18.902,0,0,100,100,100,3
ZC2HC1A,other,0,0,18.03113333,18.03113333,0,0,100,100,100,3
ZC3H12C,other,0,0,2.257733333,2.257733333,0,0,100,100,100,3
ZC3H13,other,0,8.1647,194.24576,202.41046,0,4.033734225,95.96626578,100,95.96626578,3
ZC3H18,other,0,11.14644444,162.90994,174.0563844,0,6.403927371,93.59607263,100,93.59607263,3
ZC3H3,other,0,0,17.22016,17.22016,0,0,100,100,100,3
ZC3H4,other,57.95883333,91.20174444,148.8739533,298.0345311,19.44701948,30.60106629,49.95191422,100,49.95191422,3
ZC3H7B,other,0,150.5896667,201.7043333,352.294,0,42.74545313,57.25454687,100,57.25454687,3
ZC3H8,other,0,0,15.55688,15.55688,0,0,100,100,100,3
ZC3HAV1,other,48.39875,170.8731111,423.0078,642.2796611,7.535463589,26.60416038,65.86037603,100,65.86037603,3
ZCCHC3,other,0,0,160.5195133,160.5195133,0,0,100,100,100,3
ZFC3H1,other,0,61.72411111,132.1186467,193.8427578,0,31.84236121,68.15763879,100,68.15763879,3
ZGPAT,other,0,0,39.41417333,39.41417333,0,0,100,100,100,3
ZMYM1,other,0,47.6993,209.3681533,257.0674533,0,18.55516884,81.44483116,100,81.44483116,3
ZMYM3,other,22.67308333,182.6657333,215.82764,421.1664567,5.383401972,43.37138688,51.24521115,100,51.24521115,3
ZMYND8,other,0,0,3.229806667,3.229806667,0,0,100,100,100,3
ZNF121,other,0,0,18.18222667,18.18222667,0,0,100,100,100,3
ZNF280C,other,0,13.14931111,21.79532,34.94463111,0,37.62898818,62.37101182,100,62.37101182,3
ZNF318,other,0,0,60.75746667,60.75746667,0,0,100,100,100,3
ZNF451,other,0,0,19.72134,19.72134,0,0,100,100,100,3
ZNF574,other,0,0,56.04373333,56.04373333,0,0,100,100,100,3
ZNF592,other,0,0,104.1998667,104.1998667,0,0,100,100,100,3
ZNF629,other,0,0,14.55678667,14.55678667,0,0,100,100,100,3
ZNF644,other,0,0,10.9263,10.9263,0,0,100,100,100,3
ZNF7,other,0,0,12.95056,12.95056,0,0,100,100,100,3
ZNHIT2,other,0,12.28984444,17.11684,29.40668444,0,41.79268992,58.20731008,100,58.20731008,3
ZNHIT6,other,0,5.273533333,6.3605,11.63403333,0,45.32850459,54.67149541,100,54.67149541,3
ZRANB2,other,0,139.6475444,218.2561733,357.9037178,0,39.01818772,60.98181228,100,60.98181228,3
ZZEF1,other,0,0,7.6763,7.6763,0,0,100,100,100,3
RPL10A,60S,0,440.2872444,850.4843333,1290.771578,0,34.11039196,65.88960804,100,65.88960804,3
RPL11,60S,0,360.9322,668.6719333,1029.604133,0,35.05543425,64.94456575,100,64.94456575,3
RPL12,60S,0,1062.273133,1126.631267,2188.9044,0,48.52990077,51.47009923,100,51.47009923,3
RPL13,60S,0,602.7012222,625.5622,1228.263422,0,49.06937806,50.93062194,100,50.93062194,3
RPL14,60S,0,587.7879556,820.6712,1408.459156,0,41.73269443,58.26730557,100,58.26730557,3
RPL15,60S,0,525.5228889,710.6660667,1236.188956,0,42.51153406,57.48846594,100,57.48846594,3
RPL18A,60S,0,1537.748889,1805.8836,3343.632489,0,45.99036808,54.00963192,100,54.00963192,3
RPL21,60S,0,192.9056889,210.6122,403.5178889,0,47.80598189,52.19401811,100,52.19401811,3
RPL26,60S,0,175.0289333,192.0742667,367.1032,0,47.67840033,52.32159967,100,52.32159967,3
RPL27A,60S,0,554.2562222,1043.5406,1597.796822,0,34.68877986,65.31122014,100,65.31122014,3
RPL30,60S,0,319.5692222,365.8638667,685.4330889,0,46.62296399,53.37703601,100,53.37703601,3
RPL35,60S,0,39.32044444,197.2530067,236.5734511,0,16.62081872,83.37918128,100,83.37918128,3
RPL37,60S,0,235.654,253.4618667,489.1158667,0,48.17958608,51.82041392,100,51.82041392,3
RPL37A,60S,0,368.5137778,418.0254733,786.5392511,0,46.85256041,53.14743959,100,53.14743959,3
RPL5,60S,0,737.0111111,757.7307333,1494.741844,0,49.30691636,50.69308364,100,50.69308364,3
RPL8,60S,0,704.8156667,773.0236667,1477.839333,0,47.69230665,52.30769335,100,52.30769335,3
RPS15,40S,0,406.7513333,517.6708,924.4221333,0,44.00060521,55.99939479,100,55.99939479,3
RPS21,40S,0,453.2247778,652.6397333,1105.864511,0,40.98375282,59.01624718,100,59.01624718,3
RPS27,40S,0,22.20243333,120.2684,142.4708333,0,15.58384465,84.41615535,100,84.41615535,3
RPS28,40S,18.17635,215.8661111,280.8549333,514.8973944,3.530091664,41.92410244,54.5458059,100,54.5458059,3
RPS6,40S,81.12866667,990.4794444,1027.449267,2099.057378,3.865004717,47.18686849,48.94812679,100,48.94812679,3
EDF1,other,36.00298333,0,123.51936,159.5223433,22.56924176,0,77.43075824,100,77.43075824,3